id_municipio,municipio,uf,taxa_2023,taxa_2024,variacao_2023_2024,atingiu_meta_2025,prob_atingir,risco
4316907,Santa Maria,RS,64.84,40.3,-24.54,0,0.075,0.925
4305108,Caxias do Sul,RS,67.47,43.6,-23.87,0,0.075,0.925
4303103,Cachoeirinha,RS,59.56,40.5,-19.06,0,0.076,0.924
4316808,Santa Cruz do Sul,RS,69.79,48.4,-21.39,0,0.078,0.922
4309209,Gravataí,RS,62.99,40.5,-22.49,0,0.079,0.921
4313409,Novo Hamburgo,RS,62.48,37.0,-25.48,0,0.079,0.921
4314100,Passo Fundo,RS,58.68,36.5,-22.18,0,0.079,0.921
4318705,São Leopoldo,RS,56.43,37.5,-18.93,0,0.079,0.921
4319901,Sapiranga,RS,69.82,43.8,-26.02,0,0.085,0.915
4304705,Carazinho,RS,69.3,46.5,-22.8,0,0.085,0.915
4322509,Vacaria,RS,70.77,41.3,-29.47,0,0.085,0.915
4317202,Santa Rosa,RS,70.13,51.2,-18.93,0,0.085,0.915
4317509,Santo Ângelo,RS,63.45,42.8,-20.65,0,0.086,0.914
4318309,São Gabriel,RS,62.74,39.1,-23.64,0,0.086,0.914
4307708,Esteio,RS,61.82,46.6,-15.22,0,0.087,0.913
4318002,São Borja,RS,63.44,48.2,-15.24,0,0.087,0.913
4303004,Cachoeira do Sul,RS,59.11,40.5,-18.61,0,0.088,0.912
4301602,Bagé,RS,59.6,43.3,-16.3,0,0.089,0.911
4322400,Uruguaiana,RS,60.94,45.7,-15.24,0,0.089,0.911
4321204,Taquara,RS,61.27,45.0,-16.27,0,0.089,0.911
4307609,Estância Velha,RS,67.66,43.4,-24.26,0,0.09,0.91
4302105,Bento Gonçalves,RS,74.0,49.0,-25.0,0,0.09,0.91
4307005,Erechim,RS,66.14,46.7,-19.44,0,0.09,0.91
4311403,Lajeado,RS,72.19,48.2,-23.99,0,0.09,0.91
4312401,Montenegro,RS,64.42,43.0,-21.42,0,0.09,0.91
4305355,Charqueadas,RS,64.97,51.4,-13.57,0,0.091,0.909
4321501,Torres,RS,64.71,47.9,-16.81,0,0.091,0.909
4313508,Osório,RS,63.66,42.3,-21.36,0,0.091,0.909
4321808,Três de Maio,RS,74.21,52.1,-22.11,0,0.092,0.908
4319505,São Sebastião do Caí,RS,70.71,44.1,-26.61,0,0.093,0.907
4320107,Sarandi,RS,72.22,49.9,-22.32,0,0.093,0.907
4311304,Lagoa Vermelha,RS,66.11,52.3,-13.81,0,0.093,0.907
4322707,Vera Cruz,RS,70.46,44.5,-25.96,0,0.093,0.907
4322202,Tupanciretã,RS,68.26,42.9,-25.36,0,0.093,0.907
4313060,Nova Hartz,RS,73.14,45.1,-28.04,0,0.093,0.907
4306601,Dom Pedrito,RS,62.23,47.8,-14.43,0,0.093,0.907
4306908,Encruzilhada do Sul,RS,69.85,50.5,-19.35,0,0.093,0.907
4309308,Guaíba,RS,50.14,32.7,-17.44,0,0.094,0.906
4310207,Ijuí,RS,72.06,56.1,-15.96,0,0.094,0.906
4321303,Taquari,RS,61.7,25.6,-36.1,0,0.094,0.906
4321709,Três Coroas,RS,55.48,42.2,-13.28,0,0.094,0.906
4316402,Rosário do Sul,RS,53.58,36.7,-16.88,0,0.095,0.905
4311809,Marau,RS,67.83,46.2,-21.63,0,0.095,0.905
4314803,Portão,RS,56.04,39.8,-16.24,1,0.095,0.905
4320008,Sapucaia do Sul,RS,59.74,47.9,-11.84,0,0.095,0.905
4311007,Jaguarão,RS,63.56,47.3,-16.26,0,0.096,0.904
4307807,Estrela,RS,65.36,50.4,-14.96,0,0.096,0.904
4318200,São Francisco de Paula,RS,62.28,44.0,-18.28,0,0.096,0.904
4320909,Tapejara,RS,71.12,47.3,-23.82,0,0.098,0.902
4318507,São José do Norte,RS,57.28,41.4,-15.88,0,0.098,0.902
4323002,Viamão,RS,58.18,36.7,-21.48,0,0.099,0.901
4314050,Parobé,RS,58.28,38.0,-20.28,0,0.099,0.901
4306403,Dois Irmãos,RS,79.87,57.8,-22.07,0,0.1,0.9
4310108,Igrejinha,RS,77.71,47.7,-30.01,0,0.1,0.9
4313904,Panambi,RS,77.7,55.1,-22.6,0,0.1,0.9
4309100,Gramado,RS,78.92,57.5,-21.42,0,0.1,0.9
4314605,Piratini,RS,72.38,54.5,-17.88,0,0.101,0.899
4318903,São Luiz Gonzaga,RS,79.22,49.3,-29.92,0,0.102,0.898
4304408,Canela,RS,76.13,46.8,-29.33,0,0.102,0.898
4304507,Canguçu,RS,83.04,56.4,-26.64,0,0.102,0.898
4317608,Santo Antônio da Patrulha,RS,74.3,58.8,-15.5,0,0.102,0.898
4314407,Pelotas,RS,51.52,39.3,-12.22,0,0.102,0.898
4322806,Veranópolis,RS,77.14,57.0,-20.14,0,0.102,0.898
4304200,Candelária,RS,75.15,53.0,-22.15,0,0.102,0.898
4303905,Campo Bom,RS,77.45,45.9,-31.55,0,0.102,0.898
4318804,São Lourenço do Sul,RS,74.52,57.2,-17.32,0,0.104,0.896
4319604,São Sepé,RS,76.88,51.9,-24.98,0,0.105,0.895
4310801,Ivoti,RS,77.4,56.9,-20.5,0,0.105,0.895
4306809,Encantado,RS,83.92,56.4,-27.52,0,0.105,0.895
4307906,Farroupilha,RS,82.8,55.9,-26.9,0,0.105,0.895
4321907,Três Passos,RS,82.1,56.9,-25.2,0,0.105,0.895
4309407,Guaporé,RS,79.76,49.6,-30.16,1,0.105,0.895
4309605,Horizontina,RS,71.23,57.2,-14.03,0,0.106,0.894
4304606,Canoas,RS,54.62,42.9,-11.72,0,0.108,0.892
4308607,Garibaldi,RS,77.86,58.0,-19.86,0,0.109,0.891
4321600,Tramandaí,RS,59.13,40.2,-18.93,0,0.11,0.89
4319000,São Marcos,RS,82.76,44.4,-38.36,0,0.11,0.89
4311205,Júlio de Castilhos,RS,59.63,41.7,-17.93,1,0.11,0.89
4308201,Flores da Cunha,RS,80.35,59.4,-20.95,0,0.111,0.889
4304663,Capão do Leão,RS,49.19,29.8,-19.39,0,0.114,0.886
4315305,Quaraí,RS,65.88,46.6,-19.28,0,0.116,0.884
4315602,Rio Grande,RS,54.09,43.6,-10.49,0,0.117,0.883
4300604,Alvorada,RS,47.65,36.2,-11.45,0,0.119,0.881
4302709,Butiá,RS,59.53,45.1,-14.43,0,0.122,0.878
4316600,Sananduva,RS,74.0,53.3,-20.7,0,0.129,0.871
4307500,Espumoso,RS,69.18,50.3,-18.88,0,0.131,0.869
4318408,São Jerônimo,RS,76.2,60.5,-15.7,0,0.132,0.868
4315503,Restinga Sêca,RS,60.96,42.4,-18.56,1,0.135,0.865
4323804,Xangri-lá,RS,56.84,37.9,-18.94,0,0.135,0.865
4313300,Nova Prata,RS,78.81,59.8,-19.01,0,0.137,0.863
4322608,Venâncio Aires,RS,76.1,61.1,-15.0,0,0.139,0.861
4301008,Arroio do Meio,RS,82.6,63.6,-19.0,0,0.142,0.858
4321451,Teutônia,RS,83.12,63.0,-20.12,0,0.145,0.855
4320404,Serafina Corrêa,RS,85.7,53.2,-32.5,0,0.149,0.851
4309001,Giruá,RS,77.82,52.3,-25.52,0,0.152,0.848
4304630,Capão da Canoa,RS,46.77,37.4,-9.37,0,0.153,0.847
4317103,Sant'Ana do Livramento,RS,56.26,47.9,-8.36,0,0.153,0.847
4313201,Nova Petrópolis,RS,88.18,56.2,-31.98,0,0.155,0.845
4308102,Feliz,RS,72.83,46.1,-26.73,0,0.161,0.839
4306205,Cruzeiro do Sul,RS,68.21,35.2,-33.01,0,0.161,0.839
4301909,Barra do Ribeiro,RS,67.68,31.6,-36.08,0,0.161,0.839
4300901,Aratiba,RS,82.29,40.2,-42.09,0,0.164,0.836
2307304,Juazeiro do Norte,CE,60.56,59.48,-1.08,0,0.168,0.832
4306007,Crissiumal,RS,73.17,57.4,-15.77,0,0.168,0.832
4302808,Caçapava do Sul,RS,60.31,47.9,-12.41,0,0.169,0.831
4306106,Cruz Alta,RS,58.96,54.7,-4.26,0,0.171,0.829
4319406,São Pedro do Sul,RS,80.9,57.4,-23.5,0,0.172,0.828
3534401,Osasco,SP,,49.13,,0,0.173,0.827
4308904,Getúlio Vargas,RS,80.09,59.2,-20.89,1,0.173,0.827
4300802,Antônio Prado,RS,70.93,55.9,-15.03,0,0.173,0.827
3516309,Francisco Morato,SP,51.74,50.92,-0.82,0,0.175,0.825
4319802,São Vicente do Sul,RS,73.71,46.3,-27.41,0,0.178,0.822
4312617,Muitos Capões,RS,71.11,54.8,-16.31,0,0.179,0.821
4314159,Paverama,RS,69.48,47.5,-21.98,0,0.18,0.82
3513009,Cotia,SP,50.73,49.49,-1.24,0,0.182,0.818
3516408,Franco da Rocha,SP,50.47,48.3,-2.17,0,0.184,0.816
4308508,Frederico Westphalen,RS,76.95,64.1,-12.85,0,0.185,0.815
4301636,Balneário Pinhal,RS,58.38,43.6,-14.78,0,0.185,0.815
4309050,Glorinha,RS,65.09,34.3,-30.79,0,0.187,0.813
4305207,Cerro Largo,RS,76.23,49.2,-27.03,0,0.187,0.813
4302303,Bom Jesus,RS,75.27,41.6,-33.67,0,0.187,0.813
4321667,Três Cachoeiras,RS,86.1,53.6,-32.5,0,0.187,0.813
4313706,Palmeira das Missões,RS,56.84,51.9,-4.94,1,0.187,0.813
4316709,Santa Bárbara do Sul,RS,68.2,42.8,-25.4,0,0.187,0.813
4314506,Pinheiro Machado,RS,66.15,45.7,-20.45,0,0.189,0.811
4301057,Arroio do Sal,RS,67.46,46.5,-20.96,0,0.189,0.811
3302858,Mesquita,RJ,37.82,35.09,-2.73,0,0.19,0.81
4317905,Santo Cristo,RS,76.67,59.8,-16.87,0,0.191,0.809
4313953,Pantano Grande,RS,75.3,29.0,-46.3,0,0.191,0.809
4303509,Camaquã,RS,64.41,59.6,-4.81,0,0.191,0.809
3530607,Mogi das Cruzes,SP,,47.88,,0,0.191,0.809
4317707,Santo Antônio das Missões,RS,77.06,54.4,-22.66,0,0.191,0.809
4305801,Constantina,RS,82.54,48.5,-34.04,1,0.191,0.809
4315800,Roca Sales,RS,75.61,45.0,-30.61,0,0.191,0.809
4316105,Ronda Alta,RS,78.8,52.8,-26.0,0,0.191,0.809
4305306,Chapada,RS,75.31,47.5,-27.81,0,0.191,0.809
4317301,Santa Vitória do Palmar,RS,53.75,46.0,-7.75,0,0.191,0.809
3541000,Praia Grande,SP,,51.25,,0,0.191,0.809
4306502,Dom Feliciano,RS,63.58,43.7,-19.88,1,0.191,0.809
4320701,Sobradinho,RS,79.55,63.8,-15.75,0,0.193,0.807
4322533,Vale do Sol,RS,74.36,55.9,-18.46,0,0.196,0.804
4314704,Planalto,RS,73.32,56.3,-17.02,0,0.197,0.803
4317004,Santana da Boa Vista,RS,53.67,33.9,-19.77,0,0.197,0.803
4318606,São José do Ouro,RS,67.83,38.3,-29.53,1,0.198,0.802
3548500,Santos,SP,56.01,52.81,-3.2,0,0.2,0.8
4307302,Erval Seco,RS,67.41,50.4,-17.01,0,0.2,0.8
3304904,São Gonçalo,RJ,45.67,43.71,-1.96,0,0.2,0.8
2403608,Extremoz,RN,49.69,34.18,-15.51,0,0.202,0.798
3305109,São João de Meriti,RJ,37.6,35.97,-1.63,0,0.206,0.794
4311627,Lindolfo Collor,RS,69.65,39.0,-30.65,0,0.207,0.793
4300877,Araricá,RS,75.69,43.5,-32.19,0,0.208,0.792
4310363,Imigrante,RS,78.24,50.0,-28.24,0,0.209,0.791
4314209,Pedro Osório,RS,67.96,34.3,-33.66,0,0.209,0.791
4305173,Cerro Grande do Sul,RS,58.43,42.8,-15.63,0,0.21,0.79
4316451,Salto do Jacuí,RS,83.79,58.1,-25.69,0,0.211,0.789
4316006,Rolante,RS,90.22,66.5,-23.72,0,0.212,0.788
4303558,Camargo,RS,80.0,55.6,-24.4,0,0.214,0.786
4321956,Trindade do Sul,RS,83.21,57.3,-25.91,0,0.214,0.786
4321436,Terra de Areia,RS,69.47,56.6,-12.87,0,0.214,0.786
4308409,Formigueiro,RS,72.91,56.9,-16.01,0,0.215,0.785
4315701,Rio Pardo,RS,66.31,60.9,-5.41,0,0.216,0.784
4318101,São Francisco de Assis,RS,65.56,60.6,-4.96,0,0.218,0.782
2412005,São Gonçalo do Amarante,RN,51.1,33.42,-17.68,0,0.219,0.781
4320677,Sinimbu,RS,69.64,36.3,-33.34,0,0.22,0.78
3302502,Magé,RJ,46.26,46.66,0.4,0,0.221,0.779
4312906,Nova Bassano,RS,80.71,61.1,-19.61,0,0.223,0.777
3550704,São Sebastião,SP,,44.38,,1,0.226,0.774
2312601,São Luís do Curu,CE,81.66,65.1,-16.56,1,0.227,0.773
2310605,Penaforte,CE,77.7,63.67,-14.03,0,0.227,0.773
1501709,Bragança,PA,42.72,37.0,-5.72,0,0.227,0.773
4319158,São Miguel das Missões,RS,76.34,50.7,-25.64,0,0.228,0.772
4309902,Ibiraiaras,RS,78.46,49.1,-29.36,0,0.228,0.772
4317400,Santiago,RS,68.9,60.2,-8.7,0,0.23,0.77
4309654,Hulha Negra,RS,72.82,36.4,-36.42,0,0.234,0.766
3524402,Jacareí,SP,,51.48,,0,0.234,0.766
3301900,Itaboraí,RJ,51.3,50.45,-0.85,0,0.234,0.766
4319208,São Nicolau,RS,65.79,36.6,-29.19,0,0.234,0.766
4302402,Bom Retiro do Sul,RS,79.94,65.1,-14.84,0,0.235,0.765
4301206,Arroio do Tigre,RS,81.59,65.2,-16.39,1,0.235,0.765
3304144,Queimados,RJ,38.08,37.63,-0.45,0,0.236,0.764
1500800,Ananindeua,PA,58.15,53.37,-4.78,0,0.237,0.763
4303608,Cambará do Sul,RS,77.85,54.2,-23.65,0,0.238,0.762
4314027,Paraíso do Sul,RS,84.77,54.7,-30.07,1,0.238,0.762
4307559,Estação,RS,73.44,45.4,-28.04,0,0.24,0.76
1502103,Cametá,PA,40.41,39.08,-1.33,0,0.24,0.76
3303500,Nova Iguaçu,RJ,33.23,33.42,0.19,0,0.24,0.76
4312203,Maximiliano de Almeida,RS,87.4,43.2,-44.2,0,0.24,0.76
4310538,Itaara,RS,58.94,38.5,-20.44,0,0.241,0.759
4301503,Augusto Pestana,RS,88.65,46.0,-42.65,0,0.241,0.759
4320503,Sertão,RS,70.1,47.2,-22.9,1,0.242,0.758
4310504,Iraí,RS,76.37,59.4,-16.97,0,0.242,0.758
3301702,Duque de Caxias,RJ,47.15,45.37,-1.78,0,0.242,0.758
4317558,Santo Antônio do Palma,RS,72.22,34.6,-37.62,0,0.244,0.756
5103403,Cuiabá,MT,54.25,46.6,-7.65,0,0.244,0.756
4302501,Bossoroca,RS,61.11,46.9,-14.21,0,0.244,0.756
4320206,Seberi,RS,82.25,65.2,-17.05,0,0.245,0.755
4311239,Lagoa Bonita do Sul,RS,70.83,54.2,-16.63,0,0.246,0.754
4301651,Barão,RS,86.39,53.5,-32.89,0,0.246,0.754
4319752,São Vendelino,RS,94.12,41.9,-52.22,0,0.247,0.753
4305439,Chuí,RS,62.64,45.9,-16.74,0,0.247,0.753
4304689,Capela de Santana,RS,67.11,54.3,-12.81,0,0.248,0.752
4319125,São Martinho da Serra,RS,66.45,35.7,-30.75,0,0.248,0.752
4320354,Sentinela do Sul,RS,73.81,23.5,-50.31,0,0.248,0.752
4320859,Tabaí,RS,55.83,22.5,-33.33,0,0.249,0.751
4314464,Pinhal da Serra,RS,74.14,35.3,-38.84,0,0.249,0.751
4314035,Pareci Novo,RS,73.01,54.0,-19.01,0,0.25,0.75
4310009,Ibirubá,RS,67.66,62.7,-4.96,0,0.25,0.75
4304002,Campo Novo,RS,66.01,46.1,-19.91,0,0.25,0.75
4306379,Dilermando de Aguiar,RS,67.29,53.6,-13.69,0,0.251,0.749
4312658,Não-Me-Toque,RS,71.73,59.6,-12.13,0,0.252,0.748
4316956,Santa Maria do Herval,RS,78.3,59.3,-19.0,0,0.252,0.748
4323358,Vila Lângaro,RS,71.21,52.9,-18.31,0,0.254,0.746
1500107,Abaetetuba,PA,39.73,35.85,-3.88,0,0.254,0.746
4301800,Barracão,RS,73.34,56.4,-16.94,0,0.256,0.744
3303302,Niterói,RJ,51.92,51.2,-0.72,0,0.257,0.743
3554102,Taubaté,SP,,53.88,,0,0.258,0.742
4305959,Cotiporã,RS,73.99,44.2,-29.79,0,0.258,0.742
4306700,Dona Francisca,RS,73.46,26.7,-46.76,0,0.258,0.742
4311718,Maçambará,RS,68.53,49.9,-18.63,0,0.258,0.742
3518701,Guarujá,SP,45.93,48.38,2.45,0,0.26,0.74
2411502,Santo Antônio,RN,67.11,35.59,-31.52,0,0.261,0.739
4306973,Erebango,RS,71.88,45.2,-26.68,0,0.261,0.739
4311130,Jari,RS,61.2,36.4,-24.8,1,0.263,0.737
4312377,Monte Alegre dos Campos,RS,63.26,36.2,-27.06,0,0.263,0.737
4321105,Tapes,RS,60.56,51.3,-9.26,0,0.263,0.737
1100205,Porto Velho,RO,64.47,51.67,-12.8,0,0.265,0.735
4302204,Boa Vista do Buricá,RS,83.45,67.3,-16.15,0,0.267,0.733
4305900,Coronel Bicaco,RS,90.51,43.4,-47.11,0,0.268,0.732
4320552,Sertão Santana,RS,74.77,46.2,-28.57,0,0.268,0.732
4322541,Vale Real,RS,75.99,40.0,-35.99,0,0.268,0.732
2513703,Santa Rita,PB,41.57,39.39,-2.18,0,0.27,0.73
2403251,Parnamirim,RN,44.3,35.27,-9.03,0,0.27,0.73
4320453,Sério,RS,85.41,11.1,-74.31,0,0.27,0.73
2605202,Escada,PE,54.51,30.48,-24.03,0,0.271,0.729
4203709,Canelinha,SC,59.28,41.17,-18.11,0,0.271,0.729
4300034,Aceguá,RS,69.95,52.5,-17.45,1,0.271,0.729
3507605,Bragança Paulista,SP,,53.36,,1,0.272,0.728
3507506,Botucatu,SP,,57.09,,0,0.272,0.728
3525300,Jaú,SP,,54.89,,0,0.272,0.728
3557006,Votorantim,SP,,54.69,,0,0.272,0.728
4204202,Chapecó,SC,56.01,58.47,2.46,0,0.273,0.727
4300570,Alto Feliz,RS,72.7,58.3,-14.4,0,0.274,0.726
2111201,São José de Ribamar,MA,62.27,56.58,-5.69,0,0.275,0.725
4320321,Senador Salgado Filho,RS,83.97,50.0,-33.97,0,0.275,0.725
4304309,Cândido Godói,RS,78.96,56.2,-22.76,1,0.275,0.725
3549805,São José do Rio Preto,SP,,56.85,,0,0.275,0.725
4320230,Sede Nova,RS,85.29,36.1,-49.19,0,0.275,0.725
4301875,Barra do Quaraí,RS,53.85,26.6,-27.25,0,0.276,0.724
1501303,Barcarena,PA,46.55,39.5,-7.05,0,0.277,0.723
1506807,Santarém,PA,54.92,51.29,-3.63,0,0.277,0.723
3142809,Monte Alegre de Minas,MG,74.78,56.72,-18.06,0,0.278,0.722
4313441,Novo Tiradentes,RS,80.82,47.4,-33.42,0,0.279,0.721
4305850,Coqueiros do Sul,RS,86.57,41.7,-44.87,1,0.279,0.721
2603454,Camaragibe,PE,58.66,57.57,-1.09,0,0.28,0.72
2604205,Catende,PE,44.6,21.83,-22.77,0,0.28,0.72
4305702,Condor,RS,83.87,61.9,-21.97,1,0.281,0.719
3508504,Caçapava,SP,,44.26,,0,0.283,0.717
4322251,Tupandi,RS,81.98,55.1,-26.88,0,0.283,0.717
4323408,Vila Maria,RS,86.7,57.4,-29.3,0,0.283,0.717
4314423,Picada Café,RS,85.93,57.1,-28.83,0,0.283,0.717
4318481,São José do Hortêncio,RS,78.76,43.8,-34.96,1,0.285,0.715
4312302,Miraguaí,RS,79.36,46.8,-32.56,0,0.285,0.715
3303203,Nilópolis,RJ,44.36,47.32,2.96,0,0.285,0.715
1505536,Parauapebas,PA,54.32,49.49,-4.83,0,0.285,0.715
4312104,Mata,RS,79.16,50.0,-29.16,0,0.285,0.715
3522109,Itanhaém,SP,,48.05,,0,0.286,0.714
3525003,Jandira,SP,,51.39,,0,0.286,0.714
1500602,Altamira,PA,46.67,45.32,-1.35,0,0.286,0.714
4314472,Pinhal Grande,RS,63.64,44.0,-19.64,0,0.286,0.714
3548708,São Bernardo do Campo,SP,,54.16,,1,0.287,0.713
4301073,Arroio do Padre,RS,94.58,18.2,-76.38,0,0.287,0.713
4322301,Tuparendi,RS,88.1,53.0,-35.1,0,0.287,0.713
2404606,Ielmo Marinho,RN,43.61,30.36,-13.25,0,0.288,0.712
4307401,Esmeralda,RS,84.43,48.4,-36.03,0,0.288,0.712
4321352,Tavares,RS,58.58,28.9,-29.68,0,0.289,0.711
1504208,Marabá,PA,51.46,50.68,-0.78,0,0.289,0.711
1501402,Belém,PA,52.95,51.6,-1.35,0,0.289,0.711
3118403,Conselheiro Pena,MG,69.86,54.72,-15.14,0,0.291,0.709
4314456,Pinhal,RS,56.45,33.2,-23.25,1,0.295,0.705
3522505,Itapevi,SP,,55.46,,0,0.295,0.705
4319307,São Paulo das Missões,RS,77.73,61.1,-16.63,1,0.296,0.704
4314753,Poço das Antas,RS,85.45,66.3,-19.15,0,0.296,0.704
4315156,Progresso,RS,78.89,64.8,-14.09,1,0.296,0.704
4313607,Paim Filho,RS,78.96,53.1,-25.86,0,0.297,0.703
3555406,Ubatuba,SP,,36.64,,0,0.297,0.703
4304952,Caseiros,RS,86.13,40.0,-46.13,0,0.297,0.703
4322525,Vale Verde,RS,85.54,47.1,-38.44,0,0.297,0.703
3504503,Avaré,SP,,52.47,,0,0.297,0.703
3531100,Mongaguá,SP,,41.39,,0,0.297,0.703
3509601,Campo Limpo Paulista,SP,,48.77,,0,0.297,0.703
3519600,Ibitinga,SP,,49.2,,0,0.297,0.703
4312054,Marques de Souza,RS,75.87,47.8,-28.07,1,0.297,0.703
3539806,Poá,SP,,51.72,,0,0.297,0.703
3550605,São Roque,SP,,51.51,,0,0.297,0.703
3537602,Peruíbe,SP,,46.81,,0,0.297,0.703
3527207,Lorena,SP,,47.82,,0,0.297,0.703
2402709,Cerro Corá,RN,60.42,40.95,-19.47,0,0.298,0.702
2414803,Vera Cruz,RN,58.73,43.56,-15.17,0,0.298,0.702
1302603,Manaus,AM,54.32,51.37,-2.95,0,0.298,0.702
2407708,Montanhas,RN,58.69,44.2,-14.49,0,0.298,0.702
4321626,Travesseiro,RS,87.67,67.8,-19.87,0,0.3,0.7
3528403,Mairinque,SP,,49.33,,0,0.301,0.699
3540705,Porto Ferreira,SP,,50.08,,0,0.301,0.699
2511905,Pitimbu,PB,75.96,51.59,-24.37,0,0.302,0.698
4301552,Áurea,RS,85.86,56.5,-29.36,1,0.303,0.697
4319356,São Pedro da Serra,RS,80.67,58.8,-21.87,0,0.304,0.696
3101508,Além Paraíba,MG,68.94,55.1,-13.84,0,0.304,0.696
4321857,Três Palmeiras,RS,79.88,64.6,-15.28,0,0.305,0.695
4308078,Fazenda Vilanova,RS,80.0,65.0,-15.0,0,0.305,0.695
4319109,São Martinho,RS,83.57,64.5,-19.07,0,0.305,0.695
4313102,Nova Palma,RS,84.14,62.7,-21.44,0,0.305,0.695
4315750,Riozinho,RS,79.18,62.1,-17.08,1,0.305,0.695
4312807,Nova Araçá,RS,82.28,60.6,-21.68,0,0.306,0.694
4305871,Coronel Barros,RS,84.76,67.8,-16.96,0,0.306,0.694
4323507,Vista Alegre,RS,86.8,71.0,-15.8,0,0.306,0.694
3302270,Japeri,RJ,39.09,36.88,-2.21,0,0.307,0.693
4302584,Bozano,RS,100.0,27.3,-72.7,0,0.307,0.693
2106607,Matões,MA,72.34,34.52,-37.82,1,0.308,0.692
2112605,Urbano Santos,MA,76.76,38.63,-38.13,0,0.308,0.692
2109452,Raposa,MA,68.06,48.35,-19.71,0,0.308,0.692
4307203,Erval Grande,RS,84.57,47.0,-37.57,1,0.308,0.692
1502400,Castanhal,PA,38.09,32.97,-5.12,1,0.309,0.691
3531803,Monte Mor,SP,,46.98,,0,0.309,0.691
4309753,Ibarama,RS,71.02,48.9,-22.12,1,0.311,0.689
4307831,Eugênio de Castro,RS,88.24,50.0,-38.24,0,0.311,0.689
4311122,Jaquirana,RS,69.4,36.4,-33.0,0,0.311,0.689
2508307,Lagoa Seca,PB,66.54,46.71,-19.83,1,0.311,0.689
1303700,Santo Antônio do Içá,AM,62.8,40.84,-21.96,0,0.311,0.689
4321402,Tenente Portela,RS,70.53,62.2,-8.33,0,0.311,0.689
4311759,Manoel Viana,RS,60.8,48.0,-12.8,1,0.312,0.688
1303304,Novo Aripuanã,AM,78.15,53.12,-25.03,0,0.313,0.687
2516003,Solânea,PB,78.56,45.73,-32.83,1,0.313,0.687
3301009,Campos dos Goytacazes,RJ,38.69,38.87,0.18,0,0.314,0.686
4312153,Mato Leitão,RS,86.51,62.1,-24.41,0,0.314,0.686
4312500,Mostardas,RS,49.68,40.3,-9.38,0,0.314,0.686
4313490,Novo Barreiro,RS,62.22,36.8,-25.42,1,0.314,0.686
4217709,Sombrio,SC,65.75,52.23,-13.52,0,0.314,0.686
4313656,Palmares do Sul,RS,57.27,50.3,-6.97,0,0.314,0.686
4310439,Ipê,RS,82.22,60.1,-22.12,0,0.314,0.686
4322327,Turuçu,RS,82.83,61.7,-21.13,0,0.314,0.686
3527306,Louveira,SP,,58.25,,0,0.316,0.684
2100303,Aldeias Altas,MA,67.9,45.37,-22.53,0,0.316,0.684
2100709,Anajatuba,MA,72.8,41.33,-31.47,1,0.316,0.684
2100436,Alto Alegre do Maranhão,MA,70.23,51.5,-18.73,0,0.316,0.684
1504307,Maracanã,PA,68.07,47.51,-20.56,0,0.316,0.684
2512903,Rio Tinto,PB,72.16,46.3,-25.86,0,0.316,0.684
4312443,Morrinhos do Sul,RS,78.98,64.4,-14.58,0,0.317,0.683
4309803,Ibiaçá,RS,76.09,60.1,-15.99,1,0.317,0.683
4320305,Selbach,RS,83.57,67.0,-16.57,1,0.317,0.683
4319372,São Pedro do Butiá,RS,82.14,64.0,-18.14,1,0.317,0.683
5005681,Mundo Novo,MS,82.5,49.43,-33.07,0,0.317,0.683
4306734,Doutor Maurício Cardoso,RS,76.88,63.3,-13.58,0,0.317,0.683
4323200,Victor Graeff,RS,88.92,56.3,-32.62,1,0.318,0.682
2102200,Buriti,MA,44.96,28.95,-16.01,1,0.319,0.681
1506005,Prainha,PA,57.34,43.28,-14.06,0,0.319,0.681
2600708,Aliança,PE,55.15,39.22,-15.93,0,0.319,0.681
3556701,Vinhedo,SP,,56.12,,1,0.319,0.681
4316758,Santa Clara do Sul,RS,90.91,47.3,-43.61,0,0.32,0.68
2706448,Paripueira,AL,53.42,35.8,-17.62,0,0.32,0.68
3519071,Hortolândia,SP,,55.05,,0,0.322,0.678
2106904,Monção,MA,51.98,36.19,-15.79,0,0.322,0.678
2106508,Matinha,MA,63.97,46.67,-17.3,0,0.322,0.678
5004502,Itaporã,MS,68.46,54.29,-14.17,0,0.323,0.677
1502004,Cachoeira do Arari,PA,57.05,35.33,-21.72,0,0.324,0.676
3520400,Ilhabela,SP,,43.27,,0,0.325,0.675
4303202,Cacique Doble,RS,88.64,58.2,-30.44,0,0.325,0.675
3524006,Itupeva,SP,,48.94,,0,0.325,0.675
4302907,Cacequi,RS,55.89,49.6,-6.29,0,0.325,0.675
4314076,Passo do Sobrado,RS,88.92,57.9,-31.02,0,0.326,0.674
1708205,Formoso do Araguaia,TO,63.68,45.42,-18.26,0,0.326,0.674
4311601,Liberato Salzano,RS,82.63,62.2,-20.43,0,0.326,0.674
2600906,Amaraji,PE,68.74,55.29,-13.45,0,0.326,0.674
1303106,Nova Olinda do Norte,AM,51.78,37.34,-14.44,0,0.327,0.673
1304237,Tonantins,AM,45.93,30.02,-15.91,0,0.327,0.673
4300455,Alegria,RS,100.0,63.2,-36.8,0,0.327,0.673
4307815,Estrela Velha,RS,96.83,60.0,-36.83,1,0.327,0.673
2106326,Maracaçumé,MA,57.95,41.67,-16.28,0,0.327,0.673
1506559,Santa Luzia do Pará,PA,56.45,39.77,-16.68,1,0.327,0.673
3500501,Águas de Lindóia,SP,62.29,44.23,-18.06,0,0.329,0.671
3142908,Monte Azul,MG,85.89,67.01,-18.88,0,0.329,0.671
3305307,São Sebastião do Alto,RJ,63.7,49.68,-14.02,0,0.33,0.67
2108801,Pirapemas,MA,83.02,42.38,-40.64,0,0.33,0.67
3510500,Caraguatatuba,SP,,58.19,,0,0.331,0.669
4309704,Humaitá,RS,90.66,60.8,-29.86,0,0.331,0.669
4321469,Tio Hugo,RS,87.5,69.1,-18.4,0,0.331,0.669
2611606,Recife,PE,62.54,54.55,-7.99,0,0.332,0.668
1301506,Envira,AM,72.93,42.34,-30.59,1,0.333,0.667
2501302,Aroeiras,PB,67.95,44.46,-23.49,1,0.333,0.667
4319737,São Valério do Sul,RS,71.43,46.2,-25.23,0,0.334,0.666
2100808,Anapurus,MA,91.05,34.63,-56.42,0,0.334,0.666
2205201,Jaicós,PI,78.99,58.67,-20.32,0,0.336,0.664
4314134,Paulo Bento,RS,62.5,50.0,-12.5,0,0.336,0.664
1503606,Itaituba,PA,61.0,59.22,-1.78,0,0.336,0.664
2109270,Presidente Sarney,MA,62.8,39.6,-23.2,0,0.336,0.664
2607901,Jaboatão dos Guararapes,PE,57.25,54.98,-2.27,0,0.336,0.664
4323770,Westfália,RS,82.91,61.5,-21.41,1,0.336,0.664
4312252,Minas do Leão,RS,65.86,55.5,-10.36,0,0.339,0.661
3162450,São João das Missões,MG,64.64,33.42,-31.22,0,0.339,0.661
2602902,Cabo de Santo Agostinho,PE,55.12,50.72,-4.4,0,0.339,0.661
3556206,Valinhos,SP,,48.21,,1,0.34,0.66
4201109,Anitápolis,SC,61.48,56.94,-4.54,0,0.341,0.659
4311502,Lavras do Sul,RS,57.89,45.7,-12.19,0,0.341,0.659
3138104,Lassance,MG,80.16,48.0,-32.16,0,0.344,0.656
2100907,Araioses,MA,56.23,42.52,-13.71,1,0.344,0.656
4310702,Itatiba do Sul,RS,86.76,38.0,-48.76,0,0.345,0.655
4304804,Carlos Barbosa,RS,68.25,62.5,-5.75,1,0.345,0.655
4310306,Ilópolis,RS,90.93,48.3,-42.63,1,0.345,0.655
4322152,Tunas,RS,79.92,41.1,-38.82,0,0.345,0.655
1721000,Palmas,TO,58.66,56.97,-1.69,0,0.345,0.655
4300638,Amaral Ferrador,RS,64.44,56.6,-7.84,0,0.347,0.653
4310405,Independência,RS,66.59,57.7,-8.89,0,0.347,0.653
3156601,Rubim,MG,86.74,63.6,-23.14,0,0.347,0.653
4319703,São Valentim,RS,91.76,48.5,-43.26,0,0.347,0.653
2107456,Olinda Nova do Maranhão,MA,80.81,37.64,-43.17,0,0.348,0.652
2611408,Primavera,PE,77.53,50.41,-27.12,1,0.348,0.652
1302553,Manaquiri,AM,49.88,20.56,-29.32,0,0.349,0.651
3554003,Tatuí,SP,,53.92,,0,0.35,0.65
3556503,Várzea Paulista,SP,,53.24,,0,0.35,0.65
2606200,Goiana,PE,53.14,45.89,-7.25,0,0.351,0.649
2504801,Coremas,PB,67.07,48.71,-18.36,0,0.351,0.649
2511509,Pilar,PB,69.0,38.07,-30.93,0,0.351,0.649
3300704,Cabo Frio,RJ,54.58,55.08,0.5,1,0.351,0.649
1600154,Pedra Branca do Amapari,AP,66.25,44.22,-22.03,0,0.351,0.649
3302403,Macaé,RJ,59.86,59.46,-0.4,0,0.352,0.648
3108255,Bonito de Minas,MG,66.95,44.78,-22.17,0,0.352,0.648
2510907,Paulista,PB,61.87,40.28,-21.59,0,0.354,0.646
2500809,Araçagi,PB,64.03,47.88,-16.15,0,0.354,0.646
2500601,Alhandra,PB,57.33,30.75,-26.58,1,0.356,0.644
4208104,Itaiópolis,SC,60.94,55.99,-4.95,0,0.356,0.644
4314175,Pedras Altas,RS,64.71,55.9,-8.81,0,0.356,0.644
3513504,Cubatão,SP,48.69,45.16,-3.53,0,0.357,0.643
3164001,São Pedro dos Ferros,MG,81.45,68.34,-13.11,0,0.357,0.643
4303301,Caibaté,RS,89.44,63.1,-26.34,0,0.357,0.643
3522208,Itapecerica da Serra,SP,53.44,55.34,1.9,0,0.357,0.643
4305587,Colinas,RS,86.88,39.9,-46.98,0,0.357,0.643
4308052,Faxinalzinho,RS,78.18,51.9,-26.28,0,0.357,0.643
4318614,São José do Sul,RS,85.0,37.5,-47.5,0,0.357,0.643
3527603,Luís Antônio,SP,,43.03,,0,0.357,0.643
4316501,Salvador do Sul,RS,88.12,70.4,-17.72,0,0.358,0.642
2704302,Maceió,AL,39.48,40.58,1.1,0,0.358,0.642
4219853,Zortéa,SC,65.06,57.58,-7.48,0,0.359,0.641
5003751,Eldorado,MS,70.59,56.45,-14.14,0,0.359,0.641
2516904,Uiraúna,PB,93.18,45.07,-48.11,0,0.359,0.641
2102507,Cajari,MA,53.27,34.1,-19.17,0,0.359,0.641
2506103,Fagundes,PB,60.71,41.67,-19.04,0,0.359,0.641
2501906,Belém,PB,56.8,34.72,-22.08,0,0.359,0.641
1502608,Colares,PA,54.39,37.22,-17.17,0,0.362,0.638
2509057,Marcação,PB,60.07,22.15,-37.92,0,0.362,0.638
2605509,Ferreiros,PE,58.16,41.36,-16.8,1,0.362,0.638
2603306,Calçado,PE,57.35,40.68,-16.67,0,0.362,0.638
2608008,Jataúba,PE,51.9,37.15,-14.75,0,0.362,0.638
3519709,Ibiúna,SP,,53.06,,1,0.362,0.638
3121803,Dionísio,MG,85.38,72.13,-13.25,0,0.363,0.637
3137106,Lagamar,MG,84.4,56.25,-28.15,0,0.364,0.636
3302007,Itaguaí,RJ,42.05,41.61,-0.44,0,0.364,0.636
4212809,Balneário Piçarras,SC,61.5,53.84,-7.66,0,0.364,0.636
3143500,Morada Nova de Minas,MG,86.32,64.5,-21.82,0,0.364,0.636
3144359,Naque,MG,79.54,64.96,-14.58,0,0.365,0.635
4308003,Faxinal do Soturno,RS,86.45,82.1,-4.35,0,0.365,0.635
2305407,Icó,CE,80.08,75.41,-4.67,0,0.366,0.634
3155504,Rio Paranaíba,MG,78.7,60.21,-18.49,1,0.366,0.634
2506707,Imaculada,PB,63.13,42.25,-20.88,0,0.367,0.633
2508000,Juru,PB,66.04,47.76,-18.28,1,0.367,0.633
2107001,Montes Altos,MA,71.31,55.27,-16.04,0,0.367,0.633
4100400,Almirante Tamandaré,PR,52.44,45.12,-7.32,0,0.367,0.633
2111789,Serrano do Maranhão,MA,67.99,53.62,-14.37,0,0.367,0.633
1303205,Novo Airão,AM,75.38,59.26,-16.12,0,0.368,0.632
4311700,Machadinho,RS,71.97,64.3,-7.67,0,0.368,0.632
4305975,Coxilha,RS,63.41,52.3,-11.11,0,0.369,0.631
4302352,Bom Princípio,RS,74.32,50.7,-23.62,1,0.369,0.631
4309506,Guarani das Missões,RS,74.21,74.1,-0.11,0,0.369,0.631
4316428,Sagrada Família,RS,78.81,43.8,-35.01,1,0.369,0.631
4312609,Muçum,RS,50.88,47.3,-3.58,0,0.369,0.631
4300851,Arambaré,RS,57.54,55.0,-2.54,0,0.369,0.631
3111408,Campo Florido,MG,75.96,52.14,-23.82,0,0.37,0.63
4323457,Vila Nova do Sul,RS,53.56,44.0,-9.56,0,0.373,0.627
3306008,Três Rios,RJ,53.49,51.43,-2.06,1,0.373,0.627
4300059,Água Santa,RS,64.61,55.1,-9.51,0,0.374,0.626
4315552,Rio dos Índios,RS,88.89,78.8,-10.09,0,0.375,0.625
4315206,Putinga,RS,87.73,82.8,-4.93,0,0.375,0.625
4303806,Campinas do Sul,RS,90.14,64.6,-25.54,0,0.375,0.625
1100338,Nova Mamoré,RO,63.02,45.3,-17.72,1,0.376,0.624
2402402,Carnaúba dos Dantas,RN,65.52,29.88,-35.64,1,0.376,0.624
2110237,Santana do Maranhão,MA,85.85,54.17,-31.68,0,0.376,0.624
4312708,Nonoai,RS,54.7,44.6,-10.1,1,0.378,0.622
4212304,Paulo Lopes,SC,63.06,40.02,-23.04,1,0.378,0.622
2307106,Jardim,CE,77.88,70.8,-7.08,0,0.378,0.622
4302220,Boa Vista do Cadeado,RS,71.42,66.7,-4.72,0,0.378,0.622
4128807,Xambrê,PR,73.84,55.19,-18.65,0,0.379,0.621
4318457,São José das Missões,RS,78.44,60.4,-18.04,1,0.379,0.621
3157336,Santa Cruz de Minas,MG,63.86,43.82,-20.04,1,0.38,0.62
2400208,Açu,RN,41.81,40.37,-1.44,0,0.38,0.62
3502754,Araçariguama,SP,,54.04,,0,0.381,0.619
2104677,Governador Nunes Freire,MA,76.23,60.92,-15.31,0,0.381,0.619
2404853,Itajá,RN,56.95,40.01,-16.94,1,0.381,0.619
2707800,Roteiro,AL,64.36,45.95,-18.41,0,0.381,0.619
4320651,Silveira Martins,RS,66.67,35.7,-30.97,0,0.381,0.619
4323309,Vila Flores,RS,90.54,68.8,-21.74,0,0.381,0.619
3128600,Guarda-Mor,MG,79.05,51.62,-27.43,0,0.382,0.618
2206720,Nazária,PI,77.65,52.15,-25.5,0,0.382,0.618
2105427,Itinga do Maranhão,MA,79.92,60.13,-19.79,1,0.382,0.618
4310413,Inhacorá,RS,62.65,35.3,-27.35,0,0.384,0.616
4202057,Balneário Barra do Sul,SC,60.27,51.19,-9.08,0,0.384,0.616
3162609,São João do Oriente,MG,83.42,67.66,-15.76,0,0.385,0.615
2106359,Marajá do Sena,MA,83.33,39.77,-43.56,0,0.386,0.614
2410900,Riachuelo,RN,41.27,25.65,-15.62,0,0.386,0.614
4315909,Rodeio Bonito,RS,90.81,54.2,-36.61,0,0.387,0.613
4307104,Herval,RS,63.43,57.1,-6.33,0,0.388,0.612
4203105,Caibi,SC,76.68,50.58,-26.1,0,0.389,0.611
2512408,Puxinanã,PB,75.57,62.11,-13.46,0,0.389,0.611
4304655,Capão do Cipó,RS,88.68,71.8,-16.88,0,0.389,0.611
2612703,Santa Maria do Cambucá,PE,83.17,70.05,-13.12,0,0.389,0.611
1504802,Monte Alegre,PA,53.95,46.69,-7.26,0,0.39,0.61
4311734,Mampituba,RS,66.23,55.2,-11.03,0,0.39,0.61
4310900,Jacutinga,RS,90.32,61.9,-28.42,0,0.39,0.61
4322376,Unistalda,RS,69.42,55.6,-13.82,0,0.391,0.609
1505809,Portel,PA,43.69,40.72,-2.97,0,0.391,0.609
1502301,Capitão Poço,PA,50.98,48.98,-2.0,0,0.391,0.609
3306107,Valença,RJ,58.36,55.84,-2.52,0,0.393,0.607
4214607,Rio do Oeste,SC,80.3,63.06,-17.24,0,0.393,0.607
2110856,São Francisco do Brejão,MA,62.65,42.73,-19.92,1,0.393,0.607
4204905,Descanso,SC,82.46,64.35,-18.11,0,0.393,0.607
4207601,Ipira,SC,83.23,84.43,1.2,0,0.396,0.604
1504422,Marituba,PA,57.34,48.97,-8.37,0,0.396,0.604
2107902,Passagem Franca,MA,76.76,58.43,-18.33,0,0.397,0.603
3554805,Tremembé,SP,,54.73,,1,0.397,0.603
4218707,Tubarão,SC,65.84,60.48,-5.36,0,0.398,0.602
2515971,Sobrado,PB,60.0,40.74,-19.26,1,0.398,0.602
4322905,Viadutos,RS,86.68,83.1,-3.58,0,0.399,0.601
4309951,Ibirapuitã,RS,62.74,59.7,-3.04,0,0.399,0.601
5003157,Coronel Sapucaia,MS,78.98,60.75,-18.23,1,0.4,0.6
3141504,Mendes Pimentel,MG,79.65,60.0,-19.65,0,0.4,0.6
2503506,Cacimba de Dentro,PB,79.49,63.3,-16.19,1,0.4,0.6
4206652,Guatambú,SC,47.81,42.94,-4.87,0,0.401,0.599
4215505,Santa Cecília,SC,66.38,57.41,-8.97,0,0.402,0.598
1717909,Ponte Alta do Tocantins,TO,47.6,30.99,-16.61,0,0.402,0.598
2609907,Ouricuri,PE,36.16,30.78,-5.38,0,0.403,0.597
2103208,Chapadinha,MA,47.1,41.58,-5.52,1,0.403,0.597
1718204,Porto Nacional,TO,56.8,44.11,-12.69,0,0.403,0.597
2601102,Araripina,PE,56.89,52.06,-4.83,0,0.403,0.597
3511409,Cerqueira César,SP,,39.99,,0,0.403,0.597
1303809,São Gabriel da Cachoeira,AM,46.7,41.25,-5.45,0,0.403,0.597
3513405,Cruzeiro,SP,,55.99,,1,0.404,0.596
3504008,Assis,SP,,54.85,,1,0.404,0.596
3539301,Pirassununga,SP,,56.4,,1,0.404,0.596
3522406,Itapeva,SP,,56.2,,1,0.404,0.596
4200101,Abelardo Luz,SC,62.66,56.3,-6.36,0,0.404,0.596
3305752,Tanguá,RJ,55.41,54.46,-0.95,0,0.405,0.595
4201703,Ascurra,SC,67.38,61.66,-5.72,0,0.405,0.595
4316303,Roque Gonzales,RS,75.71,71.2,-4.51,1,0.405,0.595
4306957,Entre Rios do Sul,RS,82.47,72.0,-10.47,0,0.405,0.595
2513109,Salgado de São Félix,PB,87.4,40.52,-46.88,0,0.405,0.595
4302600,Braga,RS,50.59,41.1,-9.49,1,0.406,0.594
4218954,Urupema,SC,80.09,33.19,-46.9,0,0.407,0.593
4304853,Carlos Gomes,RS,54.55,50.0,-4.55,0,0.407,0.593
4306304,David Canabarro,RS,90.24,61.4,-28.84,1,0.408,0.592
3503802,Artur Nogueira,SP,,54.41,,1,0.409,0.591
4126256,Sarandi,PR,57.98,56.55,-1.43,0,0.409,0.591
4313805,Palmitinho,RS,73.89,72.2,-1.69,0,0.409,0.591
2112803,Viana,MA,58.28,53.36,-4.92,0,0.409,0.591
1301852,Iranduba,AM,45.76,36.82,-8.94,0,0.41,0.59
3300456,Belford Roxo,RJ,34.73,38.9,4.17,0,0.41,0.59
4215455,Sangão,SC,56.06,48.46,-7.6,0,0.41,0.59
1302504,Manacapuru,AM,48.61,39.48,-9.13,0,0.41,0.59
3509205,Cajamar,SP,,53.17,,1,0.41,0.59
3508603,Cachoeira Paulista,SP,,41.8,,0,0.411,0.589
3525102,Jardinópolis,SP,,45.42,,0,0.411,0.589
3521002,Iperó,SP,,44.75,,0,0.411,0.589
4300505,Alpestre,RS,74.94,66.5,-8.44,1,0.411,0.589
1304062,Tabatinga,AM,43.9,40.36,-3.54,0,0.411,0.589
3551504,Serrana,SP,,43.97,,0,0.411,0.589
3505609,Barrinha,SP,,51.43,,0,0.411,0.589
3506607,Biritiba Mirim,SP,,52.19,,1,0.411,0.589
3524105,Ituverava,SP,,49.94,,0,0.411,0.589
4204558,Correia Pinto,SC,60.3,56.97,-3.33,0,0.412,0.588
4220000,Balneário Rincão,SC,52.64,51.64,-1.0,0,0.413,0.587
3518404,Guaratinguetá,SP,,55.83,,0,0.413,0.587
1710508,Itacajá,TO,60.46,41.1,-19.36,1,0.413,0.587
1506500,Santa Izabel do Pará,PA,40.8,34.18,-6.62,1,0.414,0.586
1505064,Novo Repartimento,PA,55.6,47.88,-7.72,0,0.414,0.586
2609402,Moreno,PE,53.38,43.93,-9.45,0,0.415,0.585
1712702,Mateiros,TO,27.59,9.09,-18.5,0,0.415,0.585
2602605,Brejo da Madre de Deus,PE,52.96,48.73,-4.23,0,0.416,0.584
2509305,Mataraca,PB,85.94,50.43,-35.51,0,0.416,0.584
1505304,Oriximiná,PA,34.52,30.61,-3.91,0,0.416,0.584
4217600,Siderópolis,SC,62.3,56.07,-6.23,1,0.417,0.583
2406304,Lagoa de Pedras,RN,47.72,28.89,-18.83,0,0.418,0.582
4319711,São Valentim do Sul,RS,94.12,73.3,-20.82,1,0.418,0.582
3504107,Atibaia,SP,70.57,65.26,-5.31,0,0.418,0.582
2502151,Boa Vista,PB,68.57,49.49,-19.08,1,0.418,0.582
4202404,Blumenau,SC,62.61,64.14,1.53,0,0.418,0.582
4305132,Cerro Branco,RS,72.08,66.7,-5.38,0,0.418,0.582
1507300,São Félix do Xingu,PA,39.67,30.95,-8.72,1,0.419,0.581
3540754,Potim,SP,,46.58,,0,0.419,0.581
2301851,Banabuiú,CE,80.28,76.25,-4.03,0,0.419,0.581
3515152,Engenheiro Coelho,SP,,47.86,,0,0.419,0.581
4218608,Trombudo Central,SC,68.13,63.31,-4.82,0,0.419,0.581
3521804,Itaí,SP,,46.71,,1,0.419,0.581
3529708,Miguelópolis,SP,,29.09,,0,0.419,0.581
3535804,Paranapanema,SP,,42.59,,1,0.419,0.581
3538907,Pirajuí,SP,,46.03,,0,0.419,0.581
3510302,Capela do Alto,SP,,47.64,,0,0.419,0.581
3511607,Cesário Lange,SP,,51.32,,0,0.419,0.581
2207603,Parnaguá,PI,67.67,47.35,-20.32,0,0.421,0.579
1100080,Costa Marques,RO,80.68,59.63,-21.05,0,0.422,0.578
1302900,Maués,AM,58.04,51.72,-6.32,0,0.422,0.578
4302659,Brochier,RS,61.74,56.7,-5.04,0,0.422,0.578
4318424,São João da Urtiga,RS,80.59,73.5,-7.09,0,0.422,0.578
2108603,Pinheiro,MA,53.04,46.82,-6.22,0,0.422,0.578
4305447,Chuvisca,RS,75.9,69.0,-6.9,0,0.422,0.578
4312955,Nova Boa Vista,RS,100.0,66.7,-33.3,0,0.423,0.577
5103106,Cocalinho,MT,78.71,52.39,-26.32,0,0.423,0.577
2302008,Barro,CE,67.84,63.94,-3.9,1,0.424,0.576
2507408,Jericó,PB,53.45,23.83,-29.62,0,0.424,0.576
4210803,Meleiro,SC,54.81,48.04,-6.77,0,0.424,0.576
3506102,Bebedouro,SP,,55.75,,1,0.425,0.575
4311106,Jaguari,RS,68.38,61.3,-7.08,1,0.425,0.575
4217808,Taió,SC,78.61,72.65,-5.96,1,0.425,0.575
3525201,Jarinu,SP,,44.07,,0,0.425,0.575
3524709,Jaguariúna,SP,,70.22,,0,0.425,0.575
2508208,Lagoa de Dentro,PB,67.61,42.8,-24.81,0,0.426,0.574
1500404,Alenquer,PA,36.41,35.0,-1.41,0,0.426,0.574
2512804,Riacho dos Cavalos,PB,69.19,44.22,-24.97,0,0.426,0.574
3552809,Taboão da Serra,SP,45.35,49.2,3.85,0,0.428,0.572
4323101,Vicente Dutra,RS,72.28,70.1,-2.18,1,0.428,0.572
1304203,Tefé,AM,48.45,43.78,-4.67,1,0.428,0.572
4305009,Catuípe,RS,81.74,71.6,-10.14,0,0.428,0.572
4309126,Gramado dos Loureiros,RS,87.5,37.5,-50.0,0,0.429,0.571
4308706,Gaurama,RS,78.81,74.7,-4.11,0,0.429,0.571
4323705,Vista Gaúcha,RS,74.26,100.0,25.74,0,0.429,0.571
4302253,Boa Vista do Sul,RS,73.33,75.0,1.67,0,0.429,0.571
4306056,Cristal,RS,61.01,61.2,0.19,0,0.429,0.571
2305266,Ibaretama,CE,70.3,60.53,-9.77,0,0.429,0.571
4305405,Chiapetta,RS,83.37,78.0,-5.37,0,0.43,0.57
4216800,São José do Cerrito,SC,66.81,59.02,-7.79,0,0.43,0.57
4301701,Barão de Cotegipe,RS,87.96,75.9,-12.06,1,0.431,0.569
2303709,Caucaia,CE,66.84,68.34,1.5,0,0.431,0.569
4311254,Lagoão,RS,70.11,66.9,-3.21,0,0.431,0.569
2305357,Icapuí,CE,82.16,76.34,-5.82,0,0.432,0.568
4304101,Campos Borges,RS,45.66,31.5,-14.16,1,0.432,0.568
4320800,Soledade,RS,58.93,63.1,4.17,0,0.433,0.567
3302809,Mendes,RJ,58.36,56.89,-1.47,0,0.433,0.567
2601706,Belo Jardim,PE,49.69,43.93,-5.76,1,0.433,0.567
3536703,Pederneiras,SP,,46.77,,1,0.433,0.567
4302006,Barros Cassal,RS,62.26,61.5,-0.76,1,0.433,0.567
2206407,Monsenhor Gil,PI,60.33,42.48,-17.85,1,0.433,0.567
3511003,Castilho,SP,,45.42,,0,0.434,0.566
4206504,Guaramirim,SC,70.78,64.09,-6.69,0,0.435,0.565
3301801,Engenheiro Paulo de Frontin,RJ,63.0,55.56,-7.44,0,0.435,0.565
4313391,Novo Cabrais,RS,86.08,77.0,-9.08,0,0.436,0.564
2610707,Paulista,PE,51.54,54.94,3.4,0,0.436,0.564
3531902,Morro Agudo,SP,,45.3,,0,0.436,0.564
2802106,Estância,SE,33.96,31.09,-2.87,0,0.436,0.564
2803500,Lagarto,SE,40.43,37.5,-2.93,1,0.436,0.564
2413607,Severiano Melo,RN,71.63,47.88,-23.75,0,0.437,0.563
4316733,Santa Cecília do Sul,RS,75.0,40.9,-34.1,0,0.438,0.562
4322855,Vespasiano Corrêa,RS,81.25,46.7,-34.55,1,0.438,0.562
4306924,Engenho Velho,RS,76.92,41.2,-35.72,0,0.438,0.562
3539103,Pirapora do Bom Jesus,SP,,40.79,,0,0.438,0.562
1508407,Xinguara,PA,49.86,49.27,-0.59,1,0.438,0.562
1720853,Sucupira,TO,77.59,58.97,-18.62,0,0.439,0.561
4305504,Ciríaco,RS,86.67,84.0,-2.67,0,0.439,0.561
4219705,Xaxim,SC,66.84,59.72,-7.12,0,0.439,0.561
4301107,Arroio dos Ratos,RS,32.24,40.8,8.56,0,0.439,0.561
4321329,Taquaruçu do Sul,RS,83.35,82.9,-0.45,1,0.439,0.561
4310652,Itati,RS,49.89,66.7,16.81,0,0.44,0.56
4123600,Santa Inês,PR,96.75,100.0,3.25,0,0.44,0.56
1301902,Itacoatiara,AM,53.45,49.37,-4.08,0,0.441,0.559
3505807,Bastos,SP,,46.89,,1,0.441,0.559
5003207,Corumbá,MS,41.52,38.3,-3.22,0,0.441,0.559
3171907,Virgolândia,MG,87.28,70.97,-16.31,0,0.442,0.558
4307450,Esperança do Sul,RS,97.22,80.1,-17.12,0,0.442,0.558
3551702,Sertãozinho,SP,,54.16,,1,0.442,0.558
4314068,Passa Sete,RS,85.26,75.0,-10.26,0,0.442,0.558
2300903,Apuiarés,CE,80.8,74.45,-6.35,0,0.444,0.556
4311791,Maratá,RS,67.82,59.8,-8.02,1,0.444,0.556
2404507,Guamaré,RN,52.35,43.15,-9.2,0,0.444,0.556
4111258,Itaperuçu,PR,56.44,52.37,-4.07,0,0.445,0.555
3304300,Rio Bonito,RJ,55.86,57.46,1.6,0,0.445,0.555
4211702,Orleans,SC,68.54,64.43,-4.11,0,0.446,0.554
2600054,Abreu e Lima,PE,47.44,46.4,-1.04,0,0.446,0.554
4301404,Arvorezinha,RS,80.57,76.1,-4.47,0,0.446,0.554
4308433,Forquetinha,RS,60.8,55.2,-5.6,0,0.446,0.554
3545308,Salto de Pirapora,SP,44.71,46.83,2.12,0,0.447,0.553
2301307,Araripe,CE,75.5,77.22,1.72,0,0.447,0.553
2903953,Bom Jesus da Serra,BA,41.85,24.44,-17.41,0,0.447,0.553
2105351,Itaipava do Grajaú,MA,86.12,72.99,-13.13,1,0.447,0.553
4200200,Agrolândia,SC,81.23,76.03,-5.2,0,0.447,0.553
3557303,Estiva Gerbi,SP,,51.48,,1,0.448,0.552
3506805,Bocaina,SP,,49.59,,1,0.448,0.552
3539400,Piratininga,SP,,44.37,,1,0.448,0.552
4306320,Derrubadas,RS,49.71,80.0,30.29,0,0.448,0.552
3557204,Chavantes,SP,,51.58,,0,0.448,0.552
3551405,Serra Azul,SP,,44.65,,0,0.448,0.552
3551801,Sete Barras,SP,,52.1,,0,0.448,0.552
4322558,Vanini,RS,83.67,69.2,-14.47,1,0.448,0.552
3520202,Igaratá,SP,,50.61,,0,0.448,0.552
3506300,Bernardino de Campos,SP,,47.5,,0,0.448,0.552
3544905,Sales Oliveira,SP,,50.04,,0,0.448,0.552
3546009,Santa Branca,SP,,49.71,,0,0.448,0.552
2410256,Porto do Mangue,RN,58.35,42.47,-15.88,0,0.448,0.552
4321832,Três Forquilhas,RS,60.87,55.3,-5.57,1,0.448,0.552
3532009,Morungaba,SP,,47.32,,0,0.448,0.552
3537206,Pedro de Toledo,SP,,45.97,,1,0.448,0.552
2408300,Nova Cruz,RN,40.15,27.74,-12.41,0,0.449,0.551
2300408,Aiuaba,CE,75.14,75.83,0.69,0,0.449,0.551
2301505,Arneiroz,CE,73.64,76.0,2.36,0,0.449,0.551
4310462,Ipiranga do Sul,RS,82.35,44.4,-37.95,1,0.449,0.551
2307502,Lavras da Mangabeira,CE,75.38,74.29,-1.09,0,0.45,0.55
1505502,Paragominas,PA,62.45,56.72,-5.73,1,0.45,0.55
2301703,Aurora,CE,72.85,73.84,0.99,0,0.45,0.55
3301850,Guapimirim,RJ,50.19,47.75,-2.44,0,0.45,0.55
4203154,Calmon,SC,62.96,57.9,-5.06,0,0.451,0.549
1301209,Coari,AM,47.15,40.77,-6.38,0,0.452,0.548
4200903,Angelina,SC,75.77,71.67,-4.1,0,0.452,0.548
2104073,Feira Nova do Maranhão,MA,84.89,65.38,-19.51,0,0.453,0.547
4218301,Três Barras,SC,51.14,49.49,-1.65,0,0.454,0.546
3300803,Cachoeiras de Macacu,RJ,50.58,49.28,-1.3,1,0.454,0.546
3551009,São Vicente,SP,42.77,48.22,5.45,0,0.454,0.546
2300309,Acopiara,CE,62.63,64.59,1.96,0,0.455,0.545
3524303,Jaboticabal,SP,,57.94,,0,0.455,0.545
4302238,Boa Vista do Incra,RS,71.3,26.6,-44.7,1,0.455,0.545
4203303,Campo Alegre,SC,66.48,59.82,-6.66,0,0.456,0.544
1713601,Monte do Carmo,TO,69.96,19.71,-50.25,0,0.456,0.544
4313375,Nova Santa Rita,RS,57.28,64.9,7.62,0,0.457,0.543
3301108,Cantagalo,RJ,55.75,52.0,-3.75,0,0.458,0.542
4303673,Campestre da Serra,RS,90.0,80.8,-9.2,0,0.458,0.542
4318440,São Jorge,RS,76.67,66.7,-9.97,0,0.46,0.54
3537008,Pedregulho,SP,,51.67,,0,0.46,0.54
4209508,Laurentino,SC,64.28,60.32,-3.96,0,0.46,0.54
3302601,Mangaratiba,RJ,47.54,40.95,-6.59,0,0.46,0.54
2503803,Caldas Brandão,PB,54.92,32.4,-22.52,1,0.461,0.539
3103603,Arantina,MG,75.0,57.09,-17.91,0,0.462,0.538
3556602,Vera Cruz,SP,,50.96,,0,0.462,0.538
3505401,Barra do Turvo,SP,,34.89,,0,0.462,0.538
3513207,Cristais Paulista,SP,,49.46,,0,0.462,0.538
3519253,Iaras,SP,,42.77,,0,0.462,0.538
4215679,Santa Terezinha,SC,80.9,73.52,-7.38,0,0.462,0.538
3521150,Ipiguá,SP,,43.3,,0,0.462,0.538
4308250,Floriano Peixoto,RS,85.71,71.4,-14.31,0,0.462,0.538
3500550,Águas de Santa Bárbara,SP,,48.99,,0,0.462,0.538
3526605,Lavrinhas,SP,,46.14,,1,0.462,0.538
3545407,Salto Grande,SP,,44.94,,1,0.462,0.538
3553856,Taquarivaí,SP,,47.19,,0,0.462,0.538
3549508,São José da Bela Vista,SP,,50.38,,1,0.462,0.538
3518859,Guatapará,SP,,33.82,,0,0.462,0.538
3520426,Ilha Comprida,SP,,67.6,,0,0.463,0.537
4214003,Presidente Getúlio,SC,59.54,58.58,-0.96,1,0.463,0.537
2502003,Belém do Brejo do Cruz,PB,57.5,40.07,-17.43,1,0.464,0.536
4306130,Cruzaltense,RS,77.78,64.3,-13.48,0,0.465,0.535
4309258,Guabiju,RS,,66.7,,1,0.465,0.535
4204806,Curitibanos,SC,54.54,56.96,2.42,1,0.466,0.534
4210001,Luiz Alves,SC,70.7,61.55,-9.15,0,0.466,0.534
3505906,Batatais,SP,64.89,58.95,-5.94,1,0.467,0.533
3530805,Mogi Mirim,SP,,57.7,,0,0.47,0.53
3505500,Barretos,SP,,58.42,,1,0.471,0.529
4311643,Linha Nova,RS,100.0,41.2,-58.8,1,0.472,0.528
4313334,Nova Ramada,RS,86.97,28.0,-58.97,0,0.472,0.528
4306551,Dom Pedro de Alcântara,RS,95.45,57.1,-38.35,0,0.472,0.528
4202800,Braço do Norte,SC,56.97,58.11,1.14,0,0.472,0.528
3556909,Vista Alegre do Alto,SP,,52.86,,0,0.474,0.526
3303005,Miracema,RJ,67.56,69.51,1.95,0,0.474,0.526
3501152,Alumínio,SP,,53.68,,1,0.474,0.526
4216503,São Joaquim,SC,42.08,43.8,1.72,0,0.475,0.525
4215752,São Bernardino,SC,83.02,69.54,-13.48,0,0.475,0.525
3205176,Vila Valério,ES,85.33,79.61,-5.72,0,0.476,0.524
4304903,Casca,RS,81.43,77.3,-4.13,1,0.476,0.524
4209904,Lontras,SC,58.64,58.41,-0.23,0,0.476,0.524
3507902,Brotas,SP,,56.01,,0,0.476,0.524
3536802,Pedra Bela,SP,,47.19,,1,0.476,0.524
4202081,Bandeirante,SC,70.12,56.89,-13.23,0,0.476,0.524
3304607,Santa Maria Madalena,RJ,64.53,65.02,0.49,0,0.476,0.524
3552007,Silveiras,SP,,47.27,,0,0.476,0.524
3518107,Guarantã,SP,,47.49,,0,0.476,0.524
4312179,Mato Queimado,RS,88.24,58.3,-29.94,1,0.477,0.523
1502202,Capanema,PA,61.24,59.24,-2.0,0,0.477,0.523
3160009,Santo Antônio do Aventureiro,MG,80.0,45.65,-34.35,1,0.478,0.522
4315107,Porto Xavier,RS,75.21,56.9,-18.31,1,0.478,0.522
3153004,Pratinha,MG,85.44,52.8,-32.64,1,0.478,0.522
4318499,São José do Inhacorá,RS,82.48,49.7,-32.78,1,0.479,0.521
3512407,Cordeirópolis,SP,,69.6,,0,0.479,0.521
2402204,Canguaretama,RN,37.7,32.26,-5.44,0,0.48,0.52
3303807,Paraty,RJ,50.72,48.89,-1.83,0,0.481,0.519
3129657,Ibiracatu,MG,74.14,56.19,-17.95,1,0.481,0.519
4310850,Jaboticaba,RS,90.57,40.0,-50.57,1,0.481,0.519
2101400,Balsas,MA,39.83,39.54,-0.29,1,0.481,0.519
4206801,Ibicaré,SC,75.69,54.41,-21.28,1,0.483,0.517
4209409,Laguna,SC,54.35,52.91,-1.44,1,0.483,0.517
3502507,Aparecida,SP,,53.75,,1,0.484,0.516
4217758,Sul Brasil,SC,76.19,73.21,-2.98,0,0.484,0.516
3523206,Itararé,SP,,53.17,,1,0.484,0.516
3502903,Araçoiaba da Serra,SP,,56.16,,0,0.484,0.516
3546603,Santa Fé do Sul,SP,,54.03,,0,0.484,0.516
4320263,Segredo,RS,79.57,76.2,-3.37,1,0.485,0.515
3533601,Nuporanga,SP,,64.88,,0,0.485,0.515
2304400,Fortaleza,CE,74.16,75.03,0.87,0,0.485,0.515
2109056,Porto Rico do Maranhão,MA,73.83,34.42,-39.41,0,0.486,0.514
3512209,Conchal,SP,,55.54,,1,0.487,0.513
3530102,Mirandópolis,SP,,54.13,,0,0.487,0.513
4314308,Pejuçara,RS,74.31,55.8,-18.51,1,0.487,0.513
2512721,Pedro Régis,PB,47.41,23.99,-23.42,1,0.488,0.512
4202438,Bocaina do Sul,SC,39.12,28.06,-11.06,0,0.488,0.512
4317806,Santo Augusto,RS,74.4,65.1,-9.3,1,0.488,0.512
2407104,Macaíba,RN,28.29,30.44,2.15,0,0.489,0.511
4205357,Flor do Sertão,SC,81.41,58.33,-23.08,0,0.489,0.511
3153202,Presidente Juscelino,MG,80.9,54.55,-26.35,1,0.489,0.511
5106257,Nova Xavantina,MT,71.61,45.12,-26.49,1,0.489,0.511
4305116,Centenário,RS,91.67,72.0,-19.67,1,0.489,0.511
4301958,Barra Funda,RS,82.95,52.2,-30.75,1,0.489,0.511
3107000,Biquinhas,MG,88.0,58.22,-29.78,1,0.489,0.511
2508802,Malta,PB,68.43,48.74,-19.69,1,0.489,0.511
4317756,Santo Antônio do Planalto,RS,77.14,77.2,0.06,0,0.49,0.51
3126752,Franciscópolis,MG,88.58,70.75,-17.83,1,0.49,0.51
4312450,Morro Redondo,RS,72.96,49.5,-23.46,1,0.491,0.509
4300307,Alecrim,RS,70.71,42.4,-28.31,1,0.491,0.509
2514206,São José da Lagoa Tapada,PB,85.74,59.52,-26.22,1,0.491,0.509
4200507,Águas de Chapecó,SC,66.08,66.39,0.31,0,0.492,0.508
1100262,Rio Crespo,RO,83.84,62.81,-21.03,0,0.493,0.507
3520103,Igarapava,SP,,55.6,,0,0.493,0.507
3523503,Itatinga,SP,,54.18,,0,0.493,0.507
3509403,Cajuru,SP,,54.99,,0,0.493,0.507
3507803,Brodowski,SP,,54.27,,1,0.493,0.507
4207205,Imaruí,SC,63.66,44.12,-19.54,1,0.493,0.507
3553807,Taquarituba,SP,,56.67,,0,0.493,0.507
2104552,Governador Edison Lobão,MA,80.4,67.46,-12.94,0,0.494,0.506
2313351,Tejuçuoca,CE,85.37,80.16,-5.21,0,0.494,0.506
4207759,Iraceminha,SC,78.28,70.07,-8.21,1,0.494,0.506
4219101,Vargeão,SC,80.87,52.72,-28.15,0,0.494,0.506
4213609,Porto União,SC,67.55,67.7,0.15,0,0.494,0.506
4316204,Rondinha,RS,90.51,75.3,-15.21,1,0.495,0.505
1717008,Pindorama do Tocantins,TO,47.41,33.88,-13.53,0,0.495,0.505
4306759,Doutor Ricardo,RS,,80.0,,0,0.495,0.505
2407807,Monte Alegre,RN,59.18,50.97,-8.21,0,0.495,0.505
2203354,Dirceu Arcoverde,PI,33.24,11.96,-21.28,1,0.496,0.504
1710706,Itaguatins,TO,32.53,18.09,-14.44,0,0.496,0.504
2206803,Nossa Senhora dos Remédios,PI,64.19,45.57,-18.62,1,0.497,0.503
4313086,Nova Pádua,RS,84.62,57.9,-26.72,1,0.497,0.503
4315008,Porto Lucena,RS,74.94,85.7,10.76,0,0.497,0.503
2802007,Divina Pastora,SE,39.34,19.53,-19.81,0,0.497,0.503
2209807,São Gonçalo do Piauí,PI,94.18,64.04,-30.14,0,0.497,0.503
4204608,Criciúma,SC,59.18,59.81,0.63,1,0.498,0.502
3533403,Nova Odessa,SP,,57.96,,1,0.499,0.501
2514453,São José dos Ramos,PB,58.86,27.36,-31.5,1,0.499,0.501
1720499,São Valério,TO,65.57,46.24,-19.33,0,0.499,0.501
2500734,Amparo,PB,85.27,41.89,-43.38,1,0.499,0.501
4119509,Piraquara,PR,58.33,50.54,-7.79,1,0.5,0.5
2414456,Triunfo Potiguar,RN,24.71,10.95,-13.76,1,0.5,0.5
2401107,Areia Branca,RN,49.53,41.2,-8.33,0,0.5,0.5
4210407,Maracajá,SC,60.85,61.81,0.96,1,0.501,0.499
2408805,Parazinho,RN,47.0,28.27,-18.73,0,0.501,0.499
3124203,Espera Feliz,MG,71.64,59.04,-12.6,0,0.502,0.498
4215406,Salto Veloso,SC,85.44,72.08,-13.36,0,0.502,0.498
1711100,Itaporã do Tocantins,TO,64.16,24.0,-40.16,0,0.502,0.498
2207751,Passagem Franca do Piauí,PI,100.0,64.51,-35.49,0,0.503,0.497
2411106,Ruy Barbosa,RN,58.23,35.0,-23.23,1,0.504,0.496
4313359,Nova Roma do Sul,RS,82.57,83.3,0.73,1,0.505,0.495
3143609,Morro da Garça,MG,96.43,67.59,-28.84,0,0.505,0.495
3119609,Coronel Pacheco,MG,100.0,59.91,-40.09,0,0.505,0.495
3535507,Paraguaçu Paulista,SP,,56.93,,0,0.506,0.494
5100102,Acorizal,MT,38.04,40.41,2.37,0,0.506,0.494
2604007,Carpina,PE,65.28,59.18,-6.1,1,0.506,0.494
1712405,Lizarda,TO,42.61,19.44,-23.17,0,0.506,0.494
3110806,Campanário,MG,61.46,47.62,-13.84,0,0.506,0.494
3305208,São Pedro da Aldeia,RJ,56.22,55.74,-0.48,1,0.506,0.494
3517406,Guaíra,SP,,53.49,,1,0.506,0.494
1719004,Santa Tereza do Tocantins,TO,48.09,24.65,-23.44,0,0.506,0.494
4207809,Irani,SC,72.03,65.74,-6.29,1,0.507,0.493
4209607,Lauro Müller,SC,68.84,68.71,-0.13,0,0.507,0.493
4203907,Capinzal,SC,72.28,69.54,-2.74,1,0.507,0.493
4213708,Pouso Redondo,SC,64.29,63.51,-0.78,0,0.508,0.492
3516853,Gavião Peixoto,SP,,73.65,,0,0.509,0.491
2607406,Itacuruba,PE,64.79,48.57,-16.22,1,0.509,0.491
3534906,Pacaembu,SP,,53.27,,1,0.509,0.491
4202073,Balneário Gaivota,SC,51.89,50.69,-1.2,1,0.509,0.491
3303708,Paraíba do Sul,RJ,49.95,51.96,2.01,0,0.509,0.491
4300109,Agudo,RS,59.49,56.9,-2.59,1,0.51,0.49
4202909,Brusque,SC,65.9,65.9,0.0,0,0.51,0.49
4211207,Morro da Fumaça,SC,68.02,68.09,0.07,1,0.512,0.488
1708304,Goianorte,TO,53.56,40.0,-13.56,1,0.512,0.488
3531506,Monte Azul Paulista,SP,,55.38,,0,0.512,0.488
3306206,Vassouras,RJ,65.42,60.33,-5.09,0,0.513,0.487
4322004,Triunfo,RS,67.64,66.0,-1.64,0,0.513,0.487
2927408,Salvador,BA,39.36,36.85,-2.51,0,0.514,0.486
3507100,Bom Jesus dos Perdões,SP,,53.92,,0,0.515,0.485
2513968,São Domingos,PB,83.33,54.55,-28.78,1,0.516,0.484
2512788,Riacho de Santo Antônio,PB,78.57,55.56,-23.01,1,0.516,0.484
3118502,Consolação,MG,62.5,38.89,-23.61,1,0.517,0.483
2919108,Lamarão,BA,22.24,19.57,-2.67,0,0.517,0.483
3305604,Silva Jardim,RJ,55.39,57.35,1.96,0,0.518,0.482
2203602,Eliseu Martins,PI,82.88,65.85,-17.03,0,0.518,0.482
1720150,São Félix do Tocantins,TO,83.33,61.9,-21.43,0,0.518,0.482
4321493,Toropi,RS,100.0,38.7,-61.3,1,0.518,0.482
2509370,Mato Grosso,PB,40.0,18.18,-21.82,0,0.518,0.482
4208906,Jaraguá do Sul,SC,72.77,72.53,-0.24,0,0.519,0.481
3519907,Iepê,SP,,53.84,,0,0.519,0.481
1502806,Curralinho,PA,25.06,24.03,-1.03,0,0.519,0.481
4314001,Paraí,RS,93.68,64.8,-28.88,1,0.519,0.481
4115705,Matinhos,PR,70.38,63.15,-7.23,0,0.519,0.481
2505907,Emas,PB,65.44,38.1,-27.34,1,0.52,0.48
4312005,Mariano Moro,RS,94.12,58.3,-35.82,1,0.52,0.48
3515103,Embu-Guaçu,SP,57.31,57.38,0.07,1,0.52,0.48
2207777,Patos do Piauí,PI,81.59,63.04,-18.55,0,0.52,0.48
3118106,Congonhas do Norte,MG,91.99,60.49,-31.5,1,0.521,0.479
3526100,Juquiá,SP,,55.18,,0,0.521,0.479
1600501,Oiapoque,AP,26.09,21.03,-5.06,0,0.521,0.479
3542909,Ribeirão Bonito,SP,,53.4,,0,0.521,0.479
3506706,Boa Esperança do Sul,SP,,55.34,,1,0.521,0.479
1300508,Barreirinha,AM,30.89,25.0,-5.89,0,0.521,0.479
3520905,Ipaussu,SP,,54.96,,1,0.521,0.479
2502706,Borborema,PB,82.74,67.57,-15.17,0,0.521,0.479
3524600,Jacupiranga,SP,,54.8,,1,0.521,0.479
2915700,Itamari,BA,59.67,36.76,-22.91,0,0.521,0.479
3511300,Cedral,SP,,55.73,,0,0.521,0.479
3516002,Flórida Paulista,SP,,54.56,,0,0.521,0.479
4209854,Lindóia do Sul,SC,87.38,84.61,-2.77,0,0.522,0.478
4204301,Concórdia,SC,70.89,71.3,0.41,0,0.522,0.478
4314498,Pinheirinho do Vale,RS,66.19,74.2,8.01,0,0.522,0.478
4308300,Fontoura Xavier,RS,63.06,65.9,2.84,0,0.523,0.477
4203006,Caçador,SC,66.21,65.72,-0.49,0,0.523,0.477
2200459,Alvorada do Gurguéia,PI,68.36,41.74,-26.62,1,0.524,0.476
1501253,Bannach,PA,61.11,47.37,-13.74,1,0.525,0.475
1704600,Chapada de Areia,TO,50.0,6.25,-43.75,1,0.525,0.475
3120839,Cuparaque,MG,98.0,69.0,-29.0,0,0.525,0.475
4215703,Santo Amaro da Imperatriz,SC,60.62,62.84,2.22,0,0.526,0.474
4315149,Presidente Lucena,RS,87.03,56.3,-30.73,1,0.526,0.474
4109500,Guaraqueçaba,PR,70.13,57.18,-12.95,0,0.527,0.473
2210805,Simplício Mendes,PI,88.71,67.45,-21.26,1,0.527,0.473
4200606,Águas Mornas,SC,81.28,79.3,-1.98,0,0.527,0.473
4309555,Harmonia,RS,87.2,67.5,-19.7,0,0.528,0.472
3162807,São João Evangelista,MG,92.58,70.27,-22.31,0,0.528,0.472
2400109,Acari,RN,44.07,38.21,-5.86,0,0.528,0.472
4208500,Ituporanga,SC,69.95,71.3,1.35,1,0.529,0.471
2201051,Assunção do Piauí,PI,84.48,69.88,-14.6,0,0.529,0.471
4313037,Nova Esperança do Sul,RS,87.27,71.3,-15.97,1,0.529,0.471
4212205,Papanduva,SC,67.68,69.31,1.63,1,0.529,0.471
3120805,Cruzília,MG,89.61,76.02,-13.59,0,0.53,0.47
4217303,Saudades,SC,81.03,82.27,1.24,0,0.53,0.47
4218855,União do Oeste,SC,67.41,65.0,-2.41,1,0.53,0.47
4300646,Ametista do Sul,RS,53.78,72.9,19.12,1,0.531,0.469
1505031,Novo Progresso,PA,61.43,56.8,-4.63,0,0.531,0.469
2205706,Luís Correia,PI,62.07,51.6,-10.47,0,0.532,0.468
2411601,São Bento do Norte,RN,57.76,32.17,-25.59,0,0.532,0.468
2209757,São Gonçalo do Gurguéia,PI,76.47,60.71,-15.76,0,0.532,0.468
2401909,Caiçara do Rio do Vento,RN,59.21,36.91,-22.3,1,0.532,0.468
4109609,Guaratuba,PR,67.35,66.9,-0.45,0,0.532,0.468
4315404,Redentora,RS,79.65,63.9,-15.75,0,0.532,0.468
2413359,Serra do Mel,RN,32.67,27.68,-4.99,0,0.533,0.467
3522901,Itapuí,SP,,53.04,,1,0.533,0.467
3302205,Itaperuna,RJ,68.63,65.26,-3.37,1,0.534,0.466
2512606,Quixaba,PB,69.23,45.45,-23.78,1,0.534,0.466
3531209,Monte Alegre do Sul,SP,,56.59,,1,0.535,0.465
3554953,Tuiuti,SP,,55.64,,0,0.535,0.465
3511904,Clementina,SP,,54.12,,1,0.535,0.465
3128501,Guarará,MG,88.16,72.73,-15.43,1,0.535,0.465
4218400,Treze de Maio,SC,71.87,62.38,-9.49,1,0.535,0.465
2107803,Parnarama,MA,90.73,54.65,-36.08,1,0.535,0.465
3551108,Sarapuí,SP,,53.32,,1,0.535,0.465
4203600,Campos Novos,SC,61.52,63.67,2.15,0,0.535,0.465
3503109,Arandu,SP,,56.61,,0,0.535,0.465
3516705,Garça,SP,,57.27,,1,0.536,0.464
2414001,Tangará,RN,42.7,39.88,-2.82,0,0.536,0.464
3509700,Campos do Jordão,SP,,57.12,,1,0.536,0.464
2201705,Bertolínia,PI,59.48,43.42,-16.06,1,0.536,0.464
1508001,Tomé-Açu,PA,48.0,49.49,1.49,1,0.536,0.464
1715507,Oliveira de Fátima,TO,50.0,31.58,-18.42,1,0.536,0.464
1504703,Moju,PA,32.11,34.29,2.18,0,0.536,0.464
3502309,Anhembi,SP,,45.69,,1,0.537,0.463
3534104,Oriente,SP,,39.53,,1,0.537,0.463
3300902,Cambuci,RJ,69.0,64.38,-4.62,1,0.537,0.463
4202131,Bela Vista do Toldo,SC,86.2,81.95,-4.25,1,0.537,0.463
3509452,Campina do Monte Alegre,SP,,43.46,,0,0.537,0.463
3553104,Taiaçu,SP,,38.71,,0,0.537,0.463
3543907,Rio Claro,SP,50.51,54.59,4.08,0,0.539,0.461
4219507,Xanxerê,SC,67.57,70.05,2.48,1,0.539,0.461
1504505,Melgaço,PA,38.0,28.64,-9.36,0,0.539,0.461
2409902,Pendências,RN,40.87,33.3,-7.57,0,0.54,0.46
4216404,São João do Sul,SC,77.85,76.69,-1.16,0,0.54,0.46
4216909,São Lourenço do Oeste,SC,71.41,71.25,-0.16,1,0.54,0.46
1506195,Rurópolis,PA,57.97,54.76,-3.21,0,0.54,0.46
1503804,Jacundá,PA,40.47,37.87,-2.6,0,0.54,0.46
2107308,Nova Iorque,MA,77.43,51.24,-26.19,0,0.54,0.46
1504901,Muaná,PA,36.17,33.63,-2.54,1,0.54,0.46
2202901,Corrente,PI,47.76,37.78,-9.98,0,0.541,0.459
1507151,São Domingos do Araguaia,PA,46.05,40.37,-5.68,0,0.541,0.459
1503077,Garrafão do Norte,PA,37.96,32.89,-5.07,0,0.541,0.459
4306452,Dois Lajeados,RS,91.2,53.0,-38.2,1,0.541,0.459
1507953,Tailândia,PA,37.67,37.9,0.23,1,0.541,0.459
2404309,Governador Dix-Sept Rosado,RN,53.1,50.54,-2.56,1,0.541,0.459
4216008,São Carlos,SC,71.49,71.17,-0.32,0,0.541,0.459
4310751,Ivorá,RS,,60.0,,1,0.542,0.458
1503705,Itupiranga,PA,42.67,44.08,1.41,0,0.542,0.458
1503903,Juruti,PA,48.21,50.25,2.04,1,0.542,0.458
4201208,Antônio Carlos,SC,72.85,73.55,0.7,0,0.542,0.458
4202859,Braço do Trombudo,SC,62.17,64.21,2.04,0,0.542,0.458
4312757,Nova Alvorada,RS,93.53,64.8,-28.73,1,0.543,0.457
3544004,Rio das Pedras,SP,,58.5,,0,0.543,0.457
2502300,Bom Sucesso,PB,65.39,45.24,-20.15,1,0.543,0.457
3303906,Petrópolis,RJ,62.52,64.81,2.29,0,0.543,0.457
2608909,Limoeiro,PE,72.23,67.03,-5.2,1,0.543,0.457
2919009,Lajedinho,BA,50.0,21.21,-28.79,1,0.543,0.457
1502954,Eldorado do Carajás,PA,52.88,50.59,-2.29,0,0.544,0.456
1508035,Tracuateua,PA,48.47,37.16,-11.31,1,0.544,0.456
4321006,Tapera,RS,75.82,77.9,2.08,1,0.544,0.456
1718899,Santa Rita do Tocantins,TO,63.15,43.12,-20.03,0,0.544,0.456
5204201,Cachoeira de Goiás,GO,65.0,64.29,-0.71,0,0.544,0.456
3538600,Piracaia,SP,,57.46,,1,0.545,0.455
4202503,Bom Jardim da Serra,SC,35.91,34.51,-1.4,1,0.545,0.455
3514908,Elias Fausto,SP,,56.28,,1,0.545,0.455
3514106,Dois Córregos,SP,,57.41,,0,0.545,0.455
3124302,Espinosa,MG,77.62,72.28,-5.34,1,0.545,0.455
3513603,Cunha,SP,,58.09,,0,0.545,0.455
2202778,Colônia do Piauí,PI,59.89,42.87,-17.02,1,0.545,0.455
4206405,Guaraciaba,SC,83.28,83.69,0.41,0,0.547,0.453
3512902,Cosmorama,SP,,56.46,,0,0.547,0.453
1507904,Soure,PA,62.77,52.41,-10.36,1,0.547,0.453
2409407,Pau dos Ferros,RN,39.7,41.08,1.38,1,0.547,0.453
1101476,Primavera de Rondônia,RO,86.09,57.63,-28.46,1,0.547,0.453
3163003,São José da Safira,MG,72.52,52.73,-19.79,1,0.548,0.452
2913606,Ilhéus,BA,31.9,26.63,-5.27,0,0.548,0.452
2406155,Jundiá,RN,54.55,33.33,-21.22,1,0.548,0.452
3100401,Acaiaca,MG,87.39,73.93,-13.46,1,0.548,0.452
3152808,Prata,MG,55.38,50.5,-4.88,1,0.548,0.452
2408607,Paraná,RN,48.35,27.59,-20.76,1,0.548,0.452
4218509,Treze Tílias,SC,74.33,71.92,-2.41,1,0.548,0.452
3542701,Restinga,SP,,55.18,,1,0.549,0.451
1506302,Salvaterra,PA,51.95,49.47,-2.48,1,0.549,0.451
3531308,Monte Alto,SP,,59.0,,0,0.549,0.451
3550407,São Pedro,SP,,58.16,,1,0.549,0.451
3541059,Pratânia,SP,,56.48,,0,0.549,0.451
4308458,Fortaleza dos Valos,RS,87.27,68.2,-19.07,1,0.549,0.451
3555505,Ubirajara,SP,,56.25,,0,0.549,0.451
1503093,Goianésia do Pará,PA,46.05,42.29,-3.76,0,0.549,0.451
1508084,Tucumã,PA,58.8,48.54,-10.26,1,0.549,0.451
4215307,Salete,SC,76.61,67.36,-9.25,1,0.55,0.45
2914802,Itabuna,BA,31.6,29.75,-1.85,0,0.551,0.449
2907301,Castro Alves,BA,44.01,30.54,-13.47,0,0.551,0.449
4313011,Nova Candelária,RS,90.91,60.0,-30.91,1,0.551,0.449
4201802,Atalanta,SC,71.12,72.58,1.46,1,0.551,0.449
2918407,Juazeiro,BA,31.18,29.31,-1.87,1,0.551,0.449
2412203,São José de Mipibu,RN,33.43,33.92,0.49,0,0.552,0.448
2607653,Itambé,PE,48.56,43.31,-5.25,1,0.553,0.447
1300706,Boca do Acre,AM,55.02,49.61,-5.41,0,0.553,0.447
2516755,Tenório,PB,62.16,48.73,-13.43,1,0.553,0.447
4210050,Macieira,SC,80.0,56.25,-23.75,1,0.553,0.447
4107652,Fazenda Rio Grande,PR,68.86,64.69,-4.17,0,0.553,0.447
1504752,Mojuí dos Campos,PA,55.19,43.72,-11.47,1,0.553,0.447
3302254,Itatiaia,RJ,65.0,67.6,2.6,0,0.554,0.446
5101308,Arenápolis,MT,58.5,58.62,0.12,0,0.554,0.446
4315172,Protásio Alves,RS,79.98,75.0,-4.98,1,0.554,0.446
2413904,Taipu,RN,35.92,37.29,1.37,0,0.554,0.446
2409803,Pedro Velho,RN,22.71,24.05,1.34,0,0.554,0.446
2601409,Barreiros,PE,61.78,53.05,-8.73,0,0.554,0.446
4205209,Erval Velho,SC,56.49,58.15,1.66,1,0.555,0.445
4219309,Videira,SC,62.1,63.83,1.73,1,0.555,0.445
3536109,Pardinho,SP,,56.51,,0,0.555,0.445
3154309,Resplendor,MG,71.54,61.12,-10.42,0,0.555,0.445
3305406,Sapucaia,RJ,65.59,65.37,-0.22,0,0.556,0.444
2903201,Barreiras,BA,37.98,36.09,-1.89,1,0.556,0.444
4304671,Capivari do Sul,RS,41.25,43.9,2.65,0,0.556,0.444
4202701,Botuverá,SC,75.54,64.54,-11.0,1,0.556,0.444
3126703,Francisco Sá,MG,46.5,43.35,-3.15,1,0.557,0.443
4219150,Vargem,SC,88.99,69.58,-19.41,0,0.557,0.443
2501807,Bayeux,PB,35.43,38.08,2.65,1,0.557,0.443
2606408,Gravatá,PE,42.26,43.1,0.84,0,0.557,0.443
4214151,Princesa,SC,89.34,64.05,-25.29,1,0.557,0.443
2511301,Piancó,PB,48.84,38.92,-9.92,0,0.557,0.443
3534302,Orlândia,SP,,57.15,,1,0.558,0.442
1503754,Jacareacanga,PA,36.03,24.95,-11.08,1,0.558,0.442
2107506,Paço do Lumiar,MA,50.71,55.55,4.84,0,0.558,0.442
1500859,Anapu,PA,48.76,48.45,-0.31,0,0.558,0.442
4212007,Palma Sola,SC,80.08,79.92,-0.16,1,0.559,0.441
1507706,São Sebastião da Boa Vista,PA,48.08,47.41,-0.67,0,0.559,0.441
2108256,Pedro do Rosário,MA,65.82,57.92,-7.9,0,0.559,0.441
3304409,Rio Claro,RJ,65.58,65.54,-0.04,1,0.559,0.441
4315354,Quinze de Novembro,RS,74.37,89.7,15.33,1,0.559,0.441
3552403,Sumaré,SP,54.16,57.49,3.33,1,0.559,0.441
2409308,Patu,RN,30.47,32.39,1.92,0,0.559,0.441
2406502,Lagoa Nova,RN,34.74,35.61,0.87,0,0.559,0.441
3205150,Vila Pavão,ES,74.58,61.4,-13.18,1,0.56,0.44
2919207,Lauro de Freitas,BA,29.63,28.75,-0.88,0,0.56,0.44
2504306,Catolé do Rocha,PB,55.21,45.82,-9.39,0,0.56,0.44
2211308,Valença do Piauí,PI,51.94,42.13,-9.81,0,0.56,0.44
2110203,Santa Rita,MA,59.53,56.53,-3.0,1,0.561,0.439
2309706,Pacatuba,CE,75.66,78.36,2.7,0,0.561,0.439
2614105,Sertânia,PE,59.14,56.65,-2.49,0,0.561,0.439
4212239,Paraíso,SC,85.76,83.86,-1.9,0,0.561,0.439
2407203,Macau,RN,30.68,32.43,1.75,1,0.561,0.439
4303707,Campina das Missões,RS,91.99,50.3,-41.69,1,0.561,0.439
1300607,Benjamin Constant,AM,42.52,38.24,-4.28,1,0.561,0.439
5207907,Flores de Goiás,GO,66.75,65.41,-1.34,0,0.561,0.439
2100600,Amarante do Maranhão,MA,45.63,41.33,-4.3,1,0.561,0.439
5103809,Figueirópolis D'Oeste,MT,86.02,58.78,-27.24,1,0.561,0.439
2600401,Água Preta,PE,61.14,55.57,-5.57,1,0.562,0.438
2106755,Miranda do Norte,MA,55.15,50.55,-4.6,1,0.562,0.438
5107909,Sinop,MT,55.53,54.01,-1.52,1,0.562,0.438
2911253,Gavião,BA,60.47,47.37,-13.1,0,0.562,0.438
2503704,Cajazeiras,PB,53.45,54.07,0.62,1,0.562,0.438
3509254,Cajati,SP,,57.52,,0,0.562,0.438
2804607,Nossa Senhora das Dores,SE,34.31,28.34,-5.97,0,0.562,0.438
2308302,Milagres,CE,75.28,79.33,4.05,0,0.563,0.437
4201505,Armazém,SC,76.92,78.79,1.87,0,0.563,0.437
2611309,Pombos,PE,46.95,40.45,-6.5,0,0.563,0.437
1302306,Jutaí,AM,39.32,36.92,-2.4,1,0.564,0.436
3162559,São João do Manhuaçu,MG,76.73,71.72,-5.01,1,0.565,0.435
2103505,Colinas,MA,59.5,49.9,-9.6,1,0.565,0.435
3534609,Osvaldo Cruz,SP,,59.23,,0,0.565,0.435
4206603,Guarujá do Sul,SC,88.63,59.9,-28.73,1,0.565,0.435
2109106,Presidente Dutra,MA,54.77,45.11,-9.66,1,0.565,0.435
4204707,Cunha Porã,SC,76.72,74.18,-2.54,0,0.566,0.434
4320578,Sete de Setembro,RS,78.57,66.7,-11.87,1,0.566,0.434
1504455,Medicilândia,PA,48.99,48.44,-0.55,0,0.566,0.434
3158904,Santana do Manhuaçu,MG,90.59,77.24,-13.35,0,0.567,0.433
3534203,Orindiúva,SP,,48.15,,1,0.567,0.433
4315131,Pouso Novo,RS,92.31,94.1,1.79,0,0.568,0.432
2102606,Cândido Mendes,MA,61.61,49.53,-12.08,1,0.568,0.432
2805604,Porto da Folha,SE,25.59,16.85,-8.74,0,0.568,0.432
2503001,Caaporã,PB,37.78,29.81,-7.97,1,0.568,0.432
3110004,Caeté,MG,73.48,70.95,-2.53,0,0.569,0.431
2513356,Santa Inês,PB,52.66,39.01,-13.65,1,0.569,0.431
2310001,Palhano,CE,70.54,74.59,4.05,1,0.569,0.431
3524907,Jambeiro,SP,,56.89,,1,0.569,0.431
3544608,Sabino,SP,,46.98,,0,0.569,0.431
1501451,Belterra,PA,60.62,57.61,-3.01,1,0.569,0.431
3300308,Barra do Piraí,RJ,45.28,48.01,2.73,0,0.569,0.431
2500304,Alagoa Grande,PB,31.18,28.48,-2.7,1,0.57,0.43
1301159,Careiro da Várzea,AM,36.67,32.97,-3.7,1,0.57,0.43
2613404,São José da Coroa Grande,PE,41.77,39.24,-2.53,0,0.57,0.43
1304401,Urucurituba,AM,47.75,43.46,-4.29,0,0.57,0.43
2607604,Ilha de Itamaracá,PE,53.17,50.6,-2.57,0,0.57,0.43
2604601,Condado,PE,45.57,43.24,-2.33,0,0.57,0.43
2200905,Aroazes,PI,57.69,30.0,-27.69,0,0.57,0.43
2933257,Vereda,BA,67.84,35.85,-31.99,1,0.57,0.43
3528007,Macatuba,SP,,62.4,,0,0.571,0.429
4108502,General Carneiro,PR,79.05,55.52,-23.53,0,0.571,0.429
2605301,Exu,PE,56.65,55.21,-1.44,1,0.571,0.429
1303908,São Paulo de Olivença,AM,37.58,36.71,-0.87,1,0.571,0.429
4219408,Witmarsum,SC,79.96,77.27,-2.69,1,0.572,0.428
4305124,Cerrito,RS,75.07,39.8,-35.27,0,0.572,0.428
4218756,Tunápolis,SC,79.86,77.65,-2.21,1,0.572,0.428
4204152,Celso Ramos,SC,77.35,75.67,-1.68,1,0.572,0.428
4307054,Ernestina,RS,61.92,64.7,2.78,1,0.572,0.428
3525508,Joanópolis,SP,,57.3,,0,0.573,0.427
3162575,São João do Manteninha,MG,79.89,71.7,-8.19,0,0.573,0.427
3548609,São Bento do Sapucaí,SP,,57.89,,1,0.573,0.427
5001102,Aquidauana,MS,70.0,58.42,-11.58,1,0.573,0.427
4200754,Alto Bela Vista,SC,87.39,85.18,-2.21,0,0.574,0.426
3549953,São Lourenço da Serra,SP,,58.4,,0,0.574,0.426
2107100,Morros,MA,94.83,66.98,-27.85,0,0.574,0.426
3526407,Laranjal Paulista,SP,,59.37,,0,0.574,0.426
2414902,Viçosa,RN,58.93,61.9,2.97,0,0.574,0.426
2102002,Bom Jardim,MA,93.9,68.58,-25.32,1,0.574,0.426
4316477,Salvador das Missões,RS,94.12,60.2,-33.92,1,0.576,0.424
3535606,Paraibuna,SP,,58.56,,0,0.577,0.423
2101608,Barra do Corda,MA,65.45,64.05,-1.4,0,0.577,0.423
5212600,Mairipotaba,GO,97.33,71.43,-25.9,0,0.577,0.423
4213104,Piratuba,SC,81.43,83.99,2.56,0,0.578,0.422
3167608,Simonésia,MG,74.09,72.42,-1.67,1,0.579,0.421
3509957,Canas,SP,,48.15,,1,0.579,0.421
3503505,Areias,SP,,56.95,,0,0.579,0.421
3507159,Bom Sucesso de Itararé,SP,,55.46,,0,0.579,0.421
3512001,Colina,SP,,57.89,,1,0.579,0.421
3525805,Júlio Mesquita,SP,,55.26,,0,0.579,0.421
3512605,Coronel Macedo,SP,,38.69,,1,0.579,0.421
3531704,Monteiro Lobato,SP,,50.9,,0,0.579,0.421
3549607,São José do Barreiro,SP,,52.78,,1,0.579,0.421
3528700,Marabá Paulista,SP,,48.33,,1,0.579,0.421
3540259,Pontalinda,SP,,51.66,,1,0.579,0.421
4311270,Lagoa dos Três Cantos,RS,61.9,36.0,-25.9,1,0.58,0.42
1501576,Bom Jesus do Tocantins,PA,58.11,51.82,-6.29,1,0.58,0.42
1501600,Bonito,PA,37.01,32.2,-4.81,1,0.58,0.42
2800209,Aquidabã,SE,21.36,20.53,-0.83,1,0.58,0.42
3526209,Juquitiba,SP,69.27,64.05,-5.22,0,0.58,0.42
1301308,Codajás,AM,49.8,48.37,-1.43,1,0.58,0.42
2613206,São João,PE,60.81,54.47,-6.34,1,0.581,0.419
3148608,Peçanha,MG,80.49,74.72,-5.77,0,0.581,0.419
4305603,Colorado,RS,75.0,85.2,10.2,1,0.581,0.419
2805802,Riachão do Dantas,SE,39.26,34.65,-4.61,0,0.581,0.419
3108206,Bonfinópolis de Minas,MG,74.47,68.81,-5.66,0,0.582,0.418
2105005,Humberto de Campos,MA,61.59,59.22,-2.37,0,0.582,0.418
2607505,Itaíba,PE,59.5,58.6,-0.9,0,0.583,0.417
4215208,Romelândia,SC,52.07,78.04,25.97,0,0.583,0.417
5003306,Coxim,MS,39.69,39.19,-0.5,1,0.583,0.417
4201000,Anita Garibaldi,SC,61.46,78.85,17.39,0,0.583,0.417
3121258,Delta,MG,50.98,47.77,-3.21,0,0.584,0.416
3556453,Vargem Grande Paulista,SP,,64.59,,0,0.584,0.416
3300209,Araruama,RJ,50.86,55.89,5.03,0,0.584,0.416
4316972,Santa Margarida do Sul,RS,42.41,25.7,-16.71,1,0.585,0.415
1502764,Cumaru do Norte,PA,50.13,45.2,-4.93,1,0.585,0.415
1508159,Uruará,PA,65.52,60.84,-4.68,0,0.585,0.415
4119954,Pontal do Paraná,PR,71.19,61.28,-9.91,0,0.585,0.415
5005251,Laguna Carapã,MS,83.01,77.47,-5.54,0,0.585,0.415
3141009,Mato Verde,MG,80.6,71.71,-8.89,1,0.585,0.415
2301406,Aratuba,CE,83.04,80.42,-2.62,1,0.586,0.414
2109601,Rosário,MA,56.65,57.6,0.95,0,0.586,0.414
3141405,Medina,MG,71.99,64.77,-7.22,1,0.586,0.414
3152170,Ponto dos Volantes,MG,72.63,67.71,-4.92,1,0.586,0.414
2512077,Poço de José de Moura,PB,87.93,57.57,-30.36,1,0.586,0.414
3546801,Santa Isabel,SP,,67.17,,0,0.587,0.413
3528502,Mairiporã,SP,,63.31,,1,0.587,0.413
2110401,São Benedito do Rio Preto,MA,46.81,38.29,-8.52,1,0.587,0.413
3532306,Natividade da Serra,SP,,57.89,,1,0.587,0.413
4205605,Galvão,SC,80.83,70.47,-10.36,1,0.587,0.413
2806602,Santo Amaro das Brotas,SE,33.33,37.62,4.29,0,0.587,0.413
3557105,Votuporanga,SP,,61.66,,1,0.587,0.413
2504900,Cruz do Espírito Santo,PB,54.48,47.63,-6.85,0,0.587,0.413
3537800,Piedade,SP,,63.25,,0,0.587,0.413
2803906,Malhador,SE,31.75,36.75,5.0,1,0.587,0.413
3552304,Sud Mennucci,SP,,57.15,,0,0.587,0.413
3553500,Tapiraí,SP,,57.45,,1,0.587,0.413
1300409,Barcelos,AM,54.48,45.31,-9.17,1,0.587,0.413
3515509,Fernandópolis,SP,,60.91,,1,0.587,0.413
3553708,Taquaritinga,SP,,72.83,,0,0.587,0.413
3512803,Cosmópolis,SP,,59.61,,1,0.587,0.413
3513108,Cravinhos,SP,,59.0,,1,0.587,0.413
3506359,Bertioga,SP,,69.58,,0,0.587,0.413
1600303,Macapá,AP,41.73,44.85,3.12,1,0.588,0.412
1506112,Quatipuru,PA,48.89,47.3,-1.59,1,0.588,0.412
2112274,Tufilândia,MA,34.79,36.17,1.38,0,0.588,0.412
3303104,Natividade,RJ,60.3,56.91,-3.39,0,0.588,0.412
2112456,Turilândia,MA,56.43,49.69,-6.74,1,0.588,0.412
2204105,Francisco Ayres,PI,47.28,32.38,-14.9,1,0.589,0.411
2801009,Campo do Brito,SE,38.89,34.96,-3.93,0,0.589,0.411
3522653,Itapirapuã Paulista,SP,,29.85,,0,0.59,0.41
3137700,Lajinha,MG,72.03,69.27,-2.76,0,0.59,0.41
2933307,Vitória da Conquista,BA,47.86,42.75,-5.11,1,0.59,0.41
2412559,São Miguel do Gostoso,RN,33.46,30.54,-2.92,1,0.59,0.41
4202537,Bom Jesus,SC,64.67,55.49,-9.18,1,0.591,0.409
4211652,Novo Horizonte,SC,91.6,86.57,-5.03,0,0.591,0.409
2206605,Monte Alegre do Piauí,PI,67.16,57.85,-9.31,0,0.591,0.409
3515194,Espírito Santo do Turvo,SP,,56.14,,1,0.591,0.409
5003454,Deodápolis,MS,95.9,66.24,-29.66,0,0.591,0.409
2803005,Itabaianinha,SE,59.05,58.61,-0.44,1,0.591,0.409
3527702,Luiziânia,SP,,54.95,,0,0.591,0.409
3159803,Santa Vitória,MG,69.77,62.91,-6.86,0,0.591,0.409
3157203,Santa Bárbara,MG,69.91,66.55,-3.36,0,0.592,0.408
4310579,Itapuca,RS,80.62,76.5,-4.12,1,0.592,0.408
4211009,Mondaí,SC,68.17,57.95,-10.22,1,0.592,0.408
4213401,Ponte Serrada,SC,66.34,53.62,-12.72,1,0.592,0.408
1505635,Piçarra,PA,58.29,57.18,-1.11,1,0.593,0.407
2511400,Picuí,PB,52.51,42.85,-9.66,1,0.593,0.407
2106805,Mirinzal,MA,91.54,69.37,-22.17,0,0.593,0.407
1507979,Terra Santa,PA,70.72,65.58,-5.14,0,0.593,0.407
2506806,Ingá,PB,57.31,47.24,-10.07,0,0.593,0.407
3160454,Santo Antônio do Retiro,MG,78.11,65.69,-12.42,0,0.593,0.407
2205508,José de Freitas,PI,49.82,42.98,-6.84,1,0.593,0.407
2512705,Remígio,PB,58.76,49.27,-9.49,1,0.593,0.407
1100924,Chupinguaia,RO,80.72,71.99,-8.73,0,0.594,0.406
1504059,Mãe do Rio,PA,45.48,46.97,1.49,1,0.594,0.406
2405009,Jaçanã,RN,48.62,42.68,-5.94,0,0.594,0.406
3142007,Mirabela,MG,63.94,54.27,-9.67,1,0.594,0.406
3155900,Rio Preto,MG,71.16,62.04,-9.12,0,0.594,0.406
1502905,Curuçá,PA,30.81,33.48,2.67,1,0.594,0.406
3116001,Chalé,MG,72.97,66.0,-6.97,0,0.594,0.406
4105201,Cerro Azul,PR,54.77,49.89,-4.88,0,0.594,0.406
3114006,Carmo da Mata,MG,79.05,68.1,-10.95,1,0.595,0.405
4209300,Lages,SC,47.69,52.3,4.61,0,0.595,0.405
3121209,Delfinópolis,MG,79.23,68.3,-10.93,0,0.595,0.405
3305000,São João da Barra,RJ,52.12,58.22,6.1,0,0.595,0.405
3151701,Poço Fundo,MG,81.87,70.92,-10.95,0,0.595,0.405
3104700,Ataléia,MG,55.89,55.28,-0.61,0,0.595,0.405
3161304,São Francisco de Sales,MG,76.55,73.5,-3.05,0,0.596,0.404
2804201,Monte Alegre de Sergipe,SE,29.63,35.07,5.44,0,0.596,0.404
4214904,Rio Fortuna,SC,78.36,68.78,-9.58,0,0.597,0.403
3300225,Areal,RJ,62.45,63.64,1.19,0,0.597,0.403
1506583,Santa Maria das Barreiras,PA,53.64,42.45,-11.19,1,0.597,0.403
4203808,Canoinhas,SC,75.63,77.81,2.18,0,0.597,0.403
3525409,Jeriquara,SP,,49.55,,1,0.598,0.402
4304697,Capitão,RS,87.05,58.6,-28.45,1,0.598,0.402
2210359,São Lourenço do Piauí,PI,100.0,73.08,-26.92,0,0.598,0.402
4208955,Jardinópolis,SC,81.82,77.08,-4.74,1,0.598,0.402
2515104,São Sebastião de Lagoa de Roça,PB,64.39,57.17,-7.22,1,0.598,0.402
2609154,Manari,PE,56.89,52.89,-4.0,0,0.598,0.402
1300680,Boa Vista do Ramos,AM,41.21,37.21,-4.0,1,0.598,0.402
3113701,Carlos Chagas,MG,56.45,55.83,-0.62,1,0.598,0.402
3522000,Itaju,SP,,44.34,,1,0.598,0.402
2201929,Bonfim do Piauí,PI,50.63,35.96,-14.67,1,0.598,0.402
2702405,Delmiro Gouveia,AL,31.11,28.13,-2.98,1,0.598,0.402
1507201,São Domingos do Capim,PA,31.2,32.97,1.77,0,0.599,0.401
1504000,Limoeiro do Ajuru,PA,47.64,47.82,0.18,1,0.599,0.401
3504909,Bananal,SP,,58.62,,0,0.599,0.401
2111102,São João dos Patos,MA,53.56,55.16,1.6,1,0.6,0.4
3526704,Leme,SP,,61.7,,1,0.6,0.4
3530300,Mirassol,SP,,61.57,,0,0.6,0.4
3549102,São João da Boa Vista,SP,,61.6,,1,0.6,0.4
2104602,Governador Eugênio Barros,MA,52.89,48.13,-4.76,1,0.6,0.4
3542602,Registro,SP,,63.81,,0,0.6,0.4
2612554,Santa Filomena,PE,58.92,53.14,-5.78,0,0.6,0.4
4317954,Santo Expedito do Sul,RS,100.0,78.1,-21.9,1,0.6,0.4
1304260,Uarini,AM,23.33,18.08,-5.25,1,0.6,0.4
3529302,Matão,SP,74.93,71.72,-3.21,1,0.601,0.399
1301654,Guajará,AM,61.86,54.66,-7.2,0,0.601,0.399
2407500,Maxaranguape,RN,39.12,35.11,-4.01,0,0.601,0.399
4203501,Campo Erê,SC,60.89,48.28,-12.61,1,0.601,0.399
2410405,Pureza,RN,36.66,33.85,-2.81,1,0.601,0.399
2403202,Doutor Severiano,RN,53.88,53.06,-0.82,1,0.601,0.399
2102358,Buritirana,MA,61.37,54.91,-6.46,0,0.601,0.399
3553203,Taiúva,SP,,57.37,,1,0.601,0.399
1505551,Pau D'Arco,PA,50.65,48.91,-1.74,0,0.602,0.398
2103307,Codó,MA,46.94,50.85,3.91,0,0.602,0.398
2101301,Bacuri,MA,67.67,57.55,-10.12,1,0.603,0.397
3515707,Ferraz de Vasconcelos,SP,,65.07,,0,0.603,0.397
3103207,Araçaí,MG,84.62,72.22,-12.4,1,0.603,0.397
4308854,Gentil,RS,94.44,85.7,-8.74,0,0.603,0.397
3114808,Carvalhos,MG,80.29,72.5,-7.79,1,0.604,0.396
3133303,Itaobim,MG,52.5,52.98,0.48,1,0.605,0.395
1505007,Nova Timboteua,PA,50.32,51.68,1.36,0,0.605,0.395
3137536,Lagoa Grande,MG,81.75,76.48,-5.27,0,0.605,0.395
3526506,Lavínia,SP,,59.08,,1,0.605,0.395
5008008,Terenos,MS,56.94,49.64,-7.3,1,0.605,0.395
3518800,Guarulhos,SP,44.51,49.23,4.72,1,0.606,0.394
2606101,Glória do Goitá,PE,70.58,66.22,-4.36,1,0.606,0.394
2111409,São Luís Gonzaga do Maranhão,MA,74.81,70.44,-4.37,0,0.606,0.394
2502508,Boqueirão,PB,38.0,37.65,-0.35,1,0.606,0.394
3511102,Catanduva,SP,,70.27,,0,0.606,0.394
2403004,Cruzeta,RN,65.12,58.31,-6.81,1,0.606,0.394
2401859,Caiçara do Norte,RN,31.2,26.47,-4.73,1,0.607,0.393
3140852,Matias Cardoso,MG,37.68,31.08,-6.6,0,0.607,0.393
5212253,Lagoa Santa,GO,80.95,76.19,-4.76,1,0.607,0.393
2506400,Gurinhém,PB,35.1,27.02,-8.08,1,0.607,0.393
1303957,São Sebastião do Uatumã,AM,51.53,44.12,-7.41,1,0.607,0.393
4212056,Palmeira,SC,67.15,57.22,-9.93,1,0.607,0.393
1500131,Abel Figueiredo,PA,59.81,54.88,-4.93,1,0.607,0.393
1300839,Caapiranga,AM,34.37,31.85,-2.52,1,0.608,0.392
2103174,Centro Novo do Maranhão,MA,40.03,36.86,-3.17,1,0.608,0.392
1506609,Santa Maria do Pará,PA,39.55,39.79,0.24,1,0.608,0.392
2502805,Brejo do Cruz,PB,53.57,51.6,-1.97,1,0.608,0.392
3162401,São João da Ponte,MG,65.62,63.51,-2.11,1,0.608,0.392
2608206,Joaquim Nabuco,PE,49.58,47.34,-2.24,0,0.608,0.392
2515500,Serra Branca,PB,57.57,54.35,-3.22,1,0.608,0.392
1302207,Juruá,AM,48.13,47.46,-0.67,1,0.608,0.392
2508604,Lucena,PB,47.19,44.96,-2.23,1,0.608,0.392
2614709,Tacaimbó,PE,45.92,43.99,-1.93,1,0.608,0.392
2802809,Indiaroba,SE,38.33,34.31,-4.02,1,0.608,0.392
2509206,Massaranduba,PB,44.27,40.69,-3.58,1,0.608,0.392
2500502,Alagoinha,PB,57.29,53.1,-4.19,1,0.608,0.392
2806305,Santa Luzia do Itanhy,SE,25.9,22.15,-3.75,1,0.608,0.392
2807501,Tomar do Geru,SE,42.86,40.43,-2.43,1,0.608,0.392
4207577,Iomerê,SC,74.46,97.09,22.63,0,0.609,0.391
3111101,Campina Verde,MG,77.26,75.03,-2.23,0,0.609,0.391
2807204,Siriri,SE,47.06,52.4,5.34,0,0.609,0.391
3116506,Claro dos Poções,MG,70.05,68.63,-1.42,1,0.609,0.391
3157708,Santa Juliana,MG,62.9,58.13,-4.77,0,0.609,0.391
3508207,Buritizal,SP,,56.29,,1,0.61,0.39
3152006,Pompéu,MG,69.14,66.01,-3.13,1,0.61,0.39
2307205,Jati,CE,74.37,77.45,3.08,1,0.61,0.39
1507508,São João do Araguaia,PA,33.62,35.42,1.8,0,0.61,0.39
1507409,São Francisco do Pará,PA,37.02,37.44,0.42,0,0.61,0.39
3530409,Mirassolândia,SP,,55.96,,0,0.61,0.39
3149952,Periquito,MG,45.31,44.47,-0.84,0,0.611,0.389
2801504,Carmópolis,SE,24.85,16.16,-8.69,0,0.611,0.389
2509404,Mogeiro,PB,73.21,60.61,-12.6,0,0.612,0.388
3125408,Felício dos Santos,MG,82.12,79.38,-2.74,0,0.612,0.388
3123858,Entre Folhas,MG,78.64,77.45,-1.19,0,0.612,0.388
3158953,Santana do Paraíso,MG,69.78,69.95,0.17,0,0.612,0.388
1501907,Bujaru,PA,51.4,51.61,0.21,1,0.612,0.388
5200605,Alto Paraíso de Goiás,GO,82.88,60.2,-22.68,1,0.612,0.388
2501609,Barra de Santa Rosa,PB,56.39,45.83,-10.56,1,0.612,0.388
4211108,Monte Castelo,SC,66.56,53.91,-12.65,1,0.612,0.388
2513406,Santa Luzia,PB,58.06,54.05,-4.01,1,0.613,0.387
4204103,Caxambu do Sul,SC,69.54,60.13,-9.41,1,0.613,0.387
2414159,Tenente Laurentino Cruz,RN,44.64,37.18,-7.46,0,0.613,0.387
3556800,Viradouro,SP,,60.23,,0,0.613,0.387
2413003,São Vicente,RN,57.67,49.95,-7.72,1,0.613,0.387
2402808,Coronel Ezequiel,RN,40.66,32.68,-7.98,0,0.613,0.387
5007703,Sete Quedas,MS,54.25,53.09,-1.16,1,0.613,0.387
2931350,Teixeira de Freitas,BA,51.85,35.04,-16.81,1,0.613,0.387
3128303,Guaranésia,MG,67.19,65.21,-1.98,0,0.613,0.387
2413508,Serrinha,RN,56.19,48.08,-8.11,1,0.613,0.387
3543253,Ribeirão Grande,SP,,60.84,,1,0.614,0.386
3519303,Ibaté,SP,,68.78,,0,0.614,0.386
3526803,Lençóis Paulista,SP,,63.65,,0,0.614,0.386
2602001,Bodocó,PE,45.23,47.32,2.09,0,0.614,0.386
3514403,Dracena,SP,,62.74,,1,0.614,0.386
3515350,Euclides da Cunha Paulista,SP,,69.86,,1,0.614,0.386
3131208,Ipanema,MG,78.85,77.67,-1.18,1,0.614,0.386
3556354,Vargem,SP,,65.34,,0,0.614,0.386
3545001,Salesópolis,SP,,65.52,,0,0.614,0.386
1300805,Borba,AM,39.89,41.24,1.35,0,0.614,0.386
3505708,Barueri,SP,,68.13,,0,0.614,0.386
3543501,Riversul,SP,,64.17,,0,0.614,0.386
2505204,Cuitegi,PB,29.25,24.78,-4.47,0,0.614,0.386
3554904,Três Fronteiras,SP,,69.58,,0,0.614,0.386
3556404,Vargem Grande do Sul,SP,,61.51,,0,0.614,0.386
3540606,Porto Feliz,SP,,70.08,,0,0.614,0.386
3538808,Piraju,SP,,71.36,,0,0.614,0.386
3538501,Piquete,SP,,69.56,,1,0.614,0.386
3501707,Américo Brasiliense,SP,,71.18,,0,0.614,0.386
3102902,Antônio Carlos,MG,72.16,71.47,-0.69,0,0.614,0.386
3157906,Santa Margarida,MG,71.98,60.93,-11.05,1,0.615,0.385
3128808,Guidoval,MG,61.83,58.58,-3.25,1,0.615,0.385
2404903,Itaú,RN,54.71,50.96,-3.75,0,0.615,0.385
3132800,Itambé do Mato Dentro,MG,77.78,83.33,5.55,0,0.615,0.385
3520509,Indaiatuba,SP,,62.82,,1,0.615,0.385
1506104,Primavera,PA,48.96,49.94,0.98,1,0.615,0.385
4209102,Joinville,SC,65.49,68.58,3.09,0,0.616,0.384
2903300,Barro Preto,BA,39.29,24.72,-14.57,0,0.616,0.384
4302378,Bom Progresso,RS,56.25,71.4,15.15,1,0.616,0.384
2930501,Serrinha,BA,25.2,19.92,-5.28,0,0.616,0.384
3545704,Santa Albertina,SP,,58.21,,1,0.616,0.384
4210704,Matos Costa,SC,70.5,37.3,-33.2,1,0.616,0.384
3541406,Presidente Prudente,SP,,61.12,,1,0.617,0.383
3501301,Álvares Machado,SP,,72.19,,1,0.617,0.383
3531407,Monte Aprazível,SP,,65.44,,1,0.617,0.383
3547502,Santa Rita do Passa Quatro,SP,,67.97,,1,0.617,0.383
3508009,Buri,SP,,63.24,,0,0.617,0.383
3525706,José Bonifácio,SP,63.46,59.52,-3.94,1,0.617,0.383
3527405,Lucélia,SP,,68.26,,1,0.617,0.383
3508108,Buritama,SP,,67.83,,1,0.617,0.383
3533007,Nova Granada,SP,,59.94,,1,0.617,0.383
3543006,Ribeirão Branco,SP,,64.79,,1,0.617,0.383
3504602,Bady Bassitt,SP,,61.39,,1,0.617,0.383
3529203,Martinópolis,SP,,63.56,,0,0.617,0.383
3536208,Pariquera-Açu,SP,,61.36,,0,0.617,0.383
3553302,Tambaú,SP,,59.74,,1,0.617,0.383
3546306,Santa Cruz das Palmeiras,SP,,59.69,,1,0.617,0.383
3530706,Mogi Guaçu,SP,,63.47,,1,0.617,0.383
3529906,Miracatu,SP,,65.52,,1,0.617,0.383
2202109,Campinas do Piauí,PI,90.62,100.0,9.38,0,0.618,0.382
2407302,Marcelino Vieira,RN,25.17,26.79,1.62,1,0.618,0.382
2917334,Iuiu,BA,49.03,25.53,-23.5,0,0.618,0.382
2807105,Simão Dias,SE,35.18,35.97,0.79,1,0.619,0.381
1506401,Santa Cruz do Arari,PA,49.87,52.31,2.44,0,0.619,0.381
2801306,Capela,SE,33.52,35.78,2.26,0,0.619,0.381
2107209,Nina Rodrigues,MA,53.08,46.83,-6.25,1,0.619,0.381
4313003,Nova Bréscia,RS,77.31,94.4,17.09,1,0.619,0.381
1303536,Presidente Figueiredo,AM,34.17,35.31,1.14,0,0.619,0.381
3112208,Capela Nova,MG,83.06,77.37,-5.69,0,0.619,0.381
2609501,Nazaré da Mata,PE,54.74,56.96,2.22,1,0.619,0.381
4210506,Maravilha,SC,85.56,75.87,-9.69,1,0.619,0.381
1503002,Faro,PA,51.05,51.79,0.74,1,0.619,0.381
2405108,Jandaíra,RN,32.22,28.23,-3.99,0,0.62,0.38
3159357,Santa Rita de Minas,MG,61.31,58.94,-2.37,1,0.62,0.38
3134202,Ituiutaba,MG,62.19,63.63,1.44,0,0.62,0.38
3300233,Armação dos Búzios,RJ,67.2,68.56,1.36,1,0.62,0.38
2201606,Beneditinos,PI,77.58,68.49,-9.09,0,0.62,0.38
2803708,Macambira,SE,38.3,29.17,-9.13,1,0.62,0.38
2403707,Felipe Guerra,RN,54.36,51.71,-2.65,1,0.62,0.38
2806404,Santana do São Francisco,SE,28.89,22.21,-6.68,1,0.62,0.38
3536505,Paulínia,SP,,61.39,,1,0.621,0.379
2604106,Caruaru,PE,54.95,58.37,3.42,1,0.621,0.379
2106631,Matões do Norte,MA,63.8,57.42,-6.38,1,0.621,0.379
3115508,Caxambu,MG,75.23,74.74,-0.49,1,0.621,0.379
3120151,Crisólita,MG,52.99,48.66,-4.33,0,0.621,0.379
3537305,Penápolis,SP,62.92,63.0,0.08,0,0.621,0.379
2800407,Arauá,SE,31.03,28.6,-2.43,1,0.622,0.378
2805109,Pedrinhas,SE,14.81,11.52,-3.29,0,0.622,0.378
1703008,Babaçulândia,TO,20.49,19.17,-1.32,0,0.622,0.378
2505402,Desterro,PB,50.13,45.8,-4.33,0,0.622,0.378
3502101,Andradina,SP,,65.48,,1,0.622,0.378
3122504,Dom Cavati,MG,74.74,73.35,-1.39,1,0.622,0.378
3507001,Boituva,SP,,69.83,,0,0.622,0.378
2507903,Juripiranga,PB,46.31,45.74,-0.57,0,0.622,0.378
2515401,São Vicente do Seridó,PB,55.88,54.16,-1.72,1,0.622,0.378
2109551,Ribamar Fiquene,MA,54.24,50.14,-4.1,1,0.622,0.378
1304104,Tapauá,AM,49.77,50.55,0.78,1,0.623,0.377
4211058,Monte Carlo,SC,63.76,52.67,-11.09,1,0.623,0.377
2616209,Vertentes,PE,55.05,56.85,1.8,0,0.623,0.377
3542107,Rafard,SP,,70.8,,1,0.623,0.377
3154101,Recreio,MG,68.72,61.02,-7.7,0,0.624,0.376
4217501,Seara,SC,73.9,62.5,-11.4,0,0.624,0.376
3170008,Ubaí,MG,68.82,61.54,-7.28,0,0.624,0.376
3510708,Cardoso,SP,69.75,59.86,-9.89,1,0.624,0.376
3501400,Álvaro de Carvalho,SP,,58.33,,0,0.624,0.376
3103306,Aracitaba,MG,80.0,86.96,6.96,0,0.624,0.376
3525904,Jundiaí,SP,,70.49,,1,0.624,0.376
1600279,Laranjal do Jari,AP,39.29,39.8,0.51,1,0.624,0.376
2110609,São Bernardo,MA,74.43,67.87,-6.56,1,0.625,0.375
2603009,Cabrobó,PE,68.25,61.21,-7.04,0,0.625,0.375
2114007,Zé Doca,MA,81.54,72.3,-9.24,1,0.625,0.375
2923100,Olindina,BA,34.5,21.29,-13.21,0,0.625,0.375
2509909,Natuba,PB,58.78,47.23,-11.55,1,0.625,0.375
2802700,Ilha das Flores,SE,27.78,16.26,-11.52,1,0.625,0.375
1600105,Amapá,AP,31.2,19.3,-11.9,0,0.625,0.375
3108602,Brasília de Minas,MG,74.46,76.3,1.84,1,0.625,0.375
3500758,Alambari,SP,,61.45,,1,0.626,0.374
3500402,Águas da Prata,SP,,61.82,,1,0.626,0.374
3544301,Roseira,SP,,67.2,,0,0.626,0.374
3544806,Sales,SP,,68.37,,1,0.626,0.374
3551900,Severínia,SP,,61.65,,1,0.626,0.374
3548104,Santo Antônio do Jardim,SP,,72.45,,1,0.626,0.374
3548054,Santo Antônio do Aracanguá,SP,,62.22,,1,0.626,0.374
3550803,São Sebastião da Grama,SP,,68.66,,1,0.626,0.374
3546900,Santa Lúcia,SP,,70.68,,1,0.626,0.374
3553906,Tarabai,SP,,67.98,,0,0.626,0.374
3545605,Santa Adélia,SP,,64.33,,0,0.626,0.374
3547908,Santo Antônio da Alegria,SP,,67.18,,1,0.626,0.374
3522802,Itaporanga,SP,,70.1,,1,0.626,0.374
3524204,Jaborandi,SP,,67.19,,1,0.626,0.374
3505104,Barbosa,SP,,65.05,,1,0.626,0.374
1702000,Araguaçu,TO,44.49,40.54,-3.95,1,0.626,0.374
3528601,Manduri,SP,,65.64,,0,0.626,0.374
3529807,Mineiros do Tietê,SP,,68.18,,1,0.626,0.374
3532827,Nova Campina,SP,,61.55,,1,0.626,0.374
3503000,Aramina,SP,,72.03,,1,0.626,0.374
2806107,Rosário do Catete,SE,39.18,39.01,-0.17,1,0.626,0.374
3537503,Pereiras,SP,,66.7,,1,0.626,0.374
3540507,Porangaba,SP,,60.38,,0,0.626,0.374
3556008,Urupês,SP,,65.68,,0,0.626,0.374
3519402,Ibirá,SP,,61.64,,1,0.626,0.374
3518503,Guareí,SP,,68.52,,0,0.626,0.374
3521309,Ipuã,SP,,63.8,,0,0.626,0.374
2210904,Socorro do Piauí,PI,68.44,30.86,-37.58,1,0.626,0.374
3505351,Barra do Chapéu,SP,,65.29,,1,0.626,0.374
3506904,Bofete,SP,,69.75,,0,0.626,0.374
4201653,Arvoredo,SC,75.71,77.94,2.23,1,0.626,0.374
3514601,Dumont,SP,,64.5,,1,0.626,0.374
3516606,Gália,SP,,66.68,,0,0.626,0.374
3516903,General Salgado,SP,,67.35,,1,0.626,0.374
3517208,Guaiçara,SP,,60.0,,1,0.626,0.374
3517000,Getulina,SP,,68.1,,1,0.626,0.374
3507704,Braúna,SP,,73.18,,0,0.626,0.374
3509304,Cajobi,SP,,60.42,,1,0.626,0.374
3509908,Cananéia,SP,,59.72,,0,0.626,0.374
3512308,Conchas,SP,,69.48,,1,0.626,0.374
3552908,Taciba,SP,,67.0,,0,0.626,0.374
3553005,Taguaí,SP,,71.38,,1,0.626,0.374
3550001,São Luiz do Paraitinga,SP,,59.66,,1,0.626,0.374
3552700,Tabatinga,SP,63.12,62.05,-1.07,1,0.626,0.374
1721208,Tocantinópolis,TO,34.41,35.44,1.03,1,0.627,0.373
3518206,Guararapes,SP,,71.91,,0,0.627,0.373
3550100,São Manuel,SP,,60.53,,1,0.627,0.373
3539509,Pitangueiras,SP,,67.24,,1,0.627,0.373
3540200,Pontal,SP,,64.47,,0,0.627,0.373
3500105,Adamantina,SP,,66.06,,1,0.627,0.373
3511508,Cerquilho,SP,,69.15,,1,0.627,0.373
3524808,Jales,SP,,70.53,,1,0.627,0.373
3505203,Bariri,SP,,72.3,,1,0.627,0.373
2101251,Bacabeira,MA,51.49,53.73,2.24,0,0.627,0.373
2600302,Agrestina,PE,71.71,64.09,-7.62,1,0.628,0.372
3147709,Passa Tempo,MG,80.61,78.42,-2.19,0,0.628,0.372
3108552,Brasilândia de Minas,MG,76.74,76.71,-0.03,0,0.628,0.372
3144300,Nanuque,MG,60.97,60.09,-0.88,1,0.628,0.372
3128402,Guarani,MG,80.48,77.84,-2.64,1,0.628,0.372
1303007,Nhamundá,AM,68.0,59.5,-8.5,1,0.628,0.372
2105450,Jatobá,MA,72.81,68.34,-4.47,0,0.628,0.372
1507755,Sapucaia,PA,79.88,71.84,-8.04,0,0.629,0.371
2100204,Alcântara,MA,73.46,70.97,-2.49,0,0.629,0.371
2607307,Ipubi,PE,72.0,70.08,-1.92,0,0.629,0.371
2609204,Maraial,PE,69.2,58.48,-10.72,1,0.629,0.371
2108207,Pedreiras,MA,68.1,64.51,-3.59,1,0.629,0.371
3517505,Guapiaçu,SP,,70.54,,0,0.63,0.37
3540804,Potirendaba,SP,,62.55,,0,0.63,0.37
3510807,Casa Branca,SP,,61.98,,0,0.63,0.37
3539202,Pirapozinho,SP,,69.44,,0,0.63,0.37
4205704,Garopaba,SC,70.59,75.75,5.16,0,0.63,0.37
3542404,Regente Feijó,SP,,61.09,,0,0.63,0.37
3556305,Valparaíso,SP,,70.44,,0,0.63,0.37
3132305,Itaipé,MG,63.67,60.31,-3.36,0,0.63,0.37
3537909,Pilar do Sul,SP,,63.33,,1,0.63,0.37
2108009,Pastos Bons,MA,74.16,64.01,-10.15,1,0.631,0.369
3304110,Porto Real,RJ,60.8,63.3,2.5,1,0.631,0.369
3119500,Coronel Murta,MG,65.72,67.56,1.84,1,0.631,0.369
4323606,Vista Alegre do Prata,RS,95.03,85.7,-9.33,1,0.631,0.369
2111508,São Mateus do Maranhão,MA,64.56,66.16,1.6,0,0.631,0.369
3304003,Piraí,RJ,58.8,60.43,1.63,1,0.631,0.369
3503901,Arujá,SP,,60.67,,0,0.631,0.369
2103703,Cururupu,MA,65.83,66.32,0.49,0,0.631,0.369
3547304,Santana de Parnaíba,SP,,60.69,,1,0.631,0.369
3109204,Buenópolis,MG,82.01,75.91,-6.1,1,0.632,0.368
2407906,Monte das Gameleiras,RN,33.36,32.92,-0.44,0,0.632,0.368
2410504,Rafael Fernandes,RN,36.8,39.27,2.47,0,0.632,0.368
5007406,Rio Verde de Mato Grosso,MS,47.3,49.11,1.81,1,0.632,0.368
2801405,Carira,SE,33.52,34.24,0.72,1,0.632,0.368
3554300,Teodoro Sampaio,SP,70.86,72.78,1.92,0,0.632,0.368
3138625,Limeira do Oeste,MG,65.19,59.7,-5.49,1,0.632,0.368
2614600,Tabira,PE,72.93,69.1,-3.83,1,0.632,0.368
1508050,Trairão,PA,70.84,62.19,-8.65,1,0.632,0.368
4110201,Inácio Martins,PR,73.43,70.03,-3.4,0,0.632,0.368
5008404,Vicentina,MS,63.33,54.36,-8.97,0,0.632,0.368
3162302,São João da Mata,MG,78.13,72.0,-6.13,0,0.632,0.368
2510204,Nova Olinda,PB,45.95,38.04,-7.91,0,0.633,0.367
2101806,Benedito Leite,MA,56.0,47.28,-8.72,1,0.633,0.367
3137809,Lambari,MG,68.51,70.13,1.62,1,0.633,0.367
4322343,Ubiretama,RS,100.0,55.6,-44.4,1,0.633,0.367
2925303,Porto Seguro,BA,46.72,45.5,-1.22,1,0.633,0.367
3162906,São João Nepomuceno,MG,68.55,69.83,1.28,0,0.633,0.367
2110807,São Félix de Balsas,MA,43.78,44.69,0.91,1,0.633,0.367
1304005,Silves,AM,40.1,41.71,1.61,1,0.634,0.366
5003488,Dois Irmãos do Buriti,MS,38.16,39.87,1.71,0,0.634,0.366
2105104,Icatu,MA,66.57,68.98,2.41,1,0.634,0.366
2701506,Campo Grande,AL,51.51,37.4,-14.11,1,0.634,0.366
2802601,Graccho Cardoso,SE,20.0,16.67,-3.33,1,0.635,0.365
2507705,Juazeirinho,PB,50.95,45.45,-5.5,1,0.635,0.365
2505279,Curral de Cima,PB,57.14,55.56,-1.58,1,0.635,0.365
2109908,Santa Inês,MA,47.95,50.83,2.88,1,0.635,0.365
3124401,Espírito Santo do Dourado,MG,66.49,66.53,0.04,0,0.635,0.365
2802205,Feira Nova,SE,29.58,26.0,-3.58,0,0.635,0.365
2111631,São Raimundo do Doca Bezerra,MA,56.29,55.35,-0.94,1,0.635,0.365
5000252,Alcinópolis,MS,76.7,63.77,-12.93,1,0.635,0.365
3515806,Flora Rica,SP,,27.27,,1,0.636,0.364
3554755,Trabiju,SP,,47.37,,0,0.636,0.364
3554656,Torre de Pedra,SP,,30.77,,1,0.636,0.364
3522158,Itaoca,SP,,51.85,,1,0.636,0.364
3549250,São João de Iracema,SP,,44.44,,1,0.636,0.364
3553658,Taquaral,SP,,27.27,,0,0.636,0.364
3515657,Fernão,SP,,44.0,,1,0.636,0.364
4109906,Icaraíma,PR,73.26,51.76,-21.5,1,0.636,0.364
3528908,Mariápolis,SP,,48.4,,1,0.636,0.364
3546256,Santa Cruz da Esperança,SP,,42.56,,1,0.636,0.364
3538303,Piquerobi,SP,,45.2,,1,0.636,0.364
4103057,Boa Vista da Aparecida,PR,72.39,53.35,-19.04,0,0.636,0.364
3542800,Ribeira,SP,,53.85,,1,0.636,0.364
3532603,Nhandeara,SP,70.73,70.29,-0.44,0,0.636,0.364
3503158,Arapeí,SP,,37.41,,0,0.636,0.364
1716604,Peixe,TO,46.47,42.93,-3.54,1,0.637,0.363
2910800,Feira de Santana,BA,31.96,33.19,1.23,1,0.637,0.363
3139508,Manhumirim,MG,68.6,68.84,0.24,0,0.637,0.363
3103405,Araçuaí,MG,61.31,62.93,1.62,1,0.637,0.363
2605608,Flores,PE,74.26,68.28,-5.98,1,0.637,0.363
3534708,Ourinhos,SP,50.8,53.77,2.97,1,0.638,0.362
1707652,Figueirópolis,TO,62.36,51.74,-10.62,1,0.638,0.362
3305554,Seropédica,RJ,46.5,50.53,4.03,0,0.638,0.362
2806800,São Domingos,SE,29.59,29.79,0.2,1,0.638,0.362
3538006,Pindamonhangaba,SP,,63.8,,1,0.638,0.362
3117702,Conceição do Rio Verde,MG,89.94,78.17,-11.77,0,0.638,0.362
3523909,Itu,SP,,61.67,,1,0.638,0.362
1600253,Itaubal,AP,55.75,43.57,-12.18,0,0.639,0.361
4217154,São Miguel da Boa Vista,SC,87.5,84.21,-3.29,1,0.639,0.361
3550506,São Pedro do Turvo,SP,,71.42,,1,0.639,0.361
3520004,Igaraçu do Tietê,SP,,77.29,,1,0.639,0.361
3545159,Saltinho,SP,,64.45,,1,0.639,0.361
3511706,Charqueada,SP,,62.5,,1,0.639,0.361
3542008,Quintana,SP,,64.71,,1,0.639,0.361
3512506,Coroados,SP,,72.95,,0,0.639,0.361
2610103,Palmeirina,PE,60.56,59.45,-1.11,1,0.639,0.361
3535002,Palestina,SP,,72.03,,1,0.639,0.361
3532900,Nova Europa,SP,,68.76,,1,0.639,0.361
3541901,Queluz,SP,,68.79,,1,0.639,0.361
2504504,Condado,PB,56.24,46.13,-10.11,1,0.639,0.361
2208007,Picos,PI,52.95,54.93,1.98,1,0.639,0.361
3506508,Birigui,SP,,78.13,,1,0.639,0.361
3538105,Pindorama,SP,,63.37,,1,0.639,0.361
3517802,Guaraçaí,SP,,60.72,,0,0.639,0.361
3527009,Lindóia,SP,,61.13,,1,0.639,0.361
3519501,Ibirarema,SP,,71.85,,0,0.639,0.361
3517901,Guaraci,SP,,73.02,,0,0.639,0.361
3154507,Riacho dos Machados,MG,67.54,70.0,2.46,1,0.64,0.36
3500709,Agudos,SP,,64.6,,0,0.641,0.359
3502408,Anhumas,SP,,57.39,,1,0.641,0.359
3518008,Guarani d'Oeste,SP,,57.14,,1,0.641,0.359
3554607,Timburi,SP,,58.99,,1,0.641,0.359
2100402,Altamira do Maranhão,MA,90.52,73.02,-17.5,0,0.641,0.359
2405900,João Dias,RN,46.15,38.89,-7.26,1,0.641,0.359
3136553,José Raydan,MG,79.09,77.36,-1.73,0,0.642,0.358
3108800,Braúnas,MG,72.23,63.3,-8.93,1,0.642,0.358
2517407,Zabelê,PB,91.18,64.73,-26.45,1,0.642,0.358
5218003,Porangatu,GO,51.66,49.92,-1.74,1,0.643,0.357
3157377,Santa Cruz de Salinas,MG,83.36,72.73,-10.63,1,0.643,0.357
1707702,Filadélfia,TO,11.95,12.63,0.68,0,0.643,0.357
3112703,Capitão Enéas,MG,61.87,63.8,1.93,1,0.643,0.357
3515202,Estrela d'Oeste,SP,,58.91,,1,0.643,0.357
4315313,Quatro Irmãos,RS,52.94,40.0,-12.94,1,0.643,0.357
2610301,Paranatama,PE,74.14,66.67,-7.47,0,0.644,0.356
2516607,Tavares,PB,75.27,67.47,-7.8,0,0.644,0.356
4217006,São Ludgero,SC,65.73,68.64,2.91,0,0.644,0.356
2506251,Gado Bravo,PB,78.26,70.71,-7.55,1,0.644,0.356
2608057,Jatobá,PE,76.14,68.05,-8.09,1,0.644,0.356
3526308,Lagoinha,SP,,65.02,,1,0.644,0.356
3521408,Iracemápolis,SP,,62.26,,1,0.644,0.356
3521200,Iporanga,SP,,65.63,,0,0.644,0.356
3520608,Indiana,SP,,70.59,,1,0.644,0.356
3548005,Santo Antônio de Posse,SP,,62.07,,1,0.644,0.356
2109403,Primeira Cruz,MA,75.54,68.97,-6.57,0,0.644,0.356
2104701,Graça Aranha,MA,72.78,75.68,2.9,0,0.645,0.355
2401651,Bodó,RN,65.0,60.0,-5.0,0,0.645,0.355
4301750,Barão do Triunfo,RS,88.23,4.4,-83.83,1,0.645,0.355
2929206,São Francisco do Conde,BA,30.02,25.66,-4.36,0,0.645,0.355
3526902,Limeira,SP,62.18,62.93,0.75,1,0.646,0.354
2609600,Olinda,PE,59.57,62.29,2.72,0,0.646,0.354
4209805,Leoberto Leal,SC,75.0,62.5,-12.5,0,0.646,0.354
1100122,Ji-Paraná,RO,70.52,66.41,-4.11,0,0.646,0.354
1508126,Ulianópolis,PA,61.76,61.52,-0.24,1,0.646,0.354
3533908,Olímpia,SP,,74.72,,1,0.646,0.354
3304524,Rio das Ostras,RJ,65.82,68.67,2.85,1,0.646,0.354
4209201,Lacerdópolis,SC,70.0,75.0,5.0,0,0.647,0.353
5002159,Bodoquena,MS,44.62,46.43,1.81,1,0.647,0.353
2409605,Pedra Preta,RN,42.11,37.5,-4.61,1,0.647,0.353
3548807,São Caetano do Sul,SP,,66.12,,1,0.647,0.353
3503604,Areiópolis,SP,,75.02,,0,0.648,0.352
3518602,Guariba,SP,,78.67,,0,0.648,0.352
2303501,Cascavel,CE,87.56,82.6,-4.96,0,0.648,0.352
3529658,Mesópolis,SP,,56.25,,1,0.648,0.352
3516804,Gastão Vidigal,SP,,54.3,,1,0.648,0.352
3525854,Jumirim,SP,,50.81,,0,0.648,0.352
3535101,Palmares Paulista,SP,,77.46,,0,0.648,0.352
3513306,Cruzália,SP,,47.06,,0,0.648,0.352
2615805,Tupanatinga,PE,68.57,68.38,-0.19,0,0.648,0.352
3510203,Capão Bonito,SP,,74.63,,1,0.648,0.352
3541505,Presidente Venceslau,SP,,76.57,,1,0.648,0.352
3510401,Capivari,SP,,66.48,,1,0.648,0.352
3547403,Santa Rita d'Oeste,SP,,52.94,,1,0.648,0.352
2917508,Jacobina,BA,30.73,28.49,-2.24,0,0.648,0.352
3554508,Tietê,SP,,62.5,,1,0.648,0.352
3550209,São Miguel Arcanjo,SP,,73.78,,1,0.648,0.352
3139102,Madre de Deus de Minas,MG,69.45,71.05,1.6,0,0.648,0.352
3507456,Borebi,SP,,53.42,,1,0.648,0.352
2510709,Passagem,PB,79.52,66.67,-12.85,1,0.648,0.352
2101103,Axixá,MA,81.88,71.88,-10.0,0,0.649,0.351
4212908,Pinhalzinho,SC,72.34,75.07,2.73,0,0.65,0.35
3512100,Colômbia,SP,,72.63,,0,0.65,0.35
4124004,Santana do Itararé,PR,78.27,54.43,-23.84,0,0.65,0.35
3523602,Itirapina,SP,,69.9,,1,0.65,0.35
3524501,Jaci,SP,,68.06,,1,0.65,0.35
2103109,Cedral,MA,69.8,66.85,-2.95,0,0.651,0.349
2102556,Campestre do Maranhão,MA,64.72,61.7,-3.02,1,0.651,0.349
2612455,Santa Cruz,PE,69.26,69.1,-0.16,1,0.651,0.349
3502200,Angatuba,SP,,59.71,,1,0.651,0.349
3535309,Palmital,SP,,60.32,,1,0.651,0.349
2102036,Bom Jesus das Selvas,MA,63.61,63.18,-0.43,1,0.651,0.349
3517703,Guará,SP,,76.27,,0,0.651,0.349
2209559,São Braz do Piauí,PI,87.8,66.39,-21.41,1,0.651,0.349
3111150,Campo Azul,MG,84.73,73.26,-11.47,1,0.651,0.349
2102408,Cajapió,MA,66.03,64.0,-2.03,1,0.651,0.349
3547700,Santo Anastácio,SP,,79.01,,0,0.651,0.349
3542206,Rancharia,SP,,60.02,,1,0.651,0.349
2100154,Água Doce do Maranhão,MA,67.29,63.75,-3.54,1,0.651,0.349
3158409,Santana de Cataguases,MG,85.23,73.26,-11.97,1,0.651,0.349
2509008,Manaíra,PB,70.52,59.62,-10.9,1,0.652,0.348
5004007,Glória de Dourados,MS,75.56,73.2,-2.36,0,0.652,0.348
2910057,Dias d'Ávila,BA,35.5,32.25,-3.25,0,0.652,0.348
3523404,Itatiba,SP,,73.47,,1,0.652,0.348
2613800,São Vicente Férrer,PE,48.62,42.6,-6.02,1,0.653,0.347
4311908,Marcelino Ramos,RS,73.23,77.7,4.47,1,0.653,0.347
3537156,Pedrinhas Paulista,SP,,67.92,,0,0.653,0.347
3532157,Nantes,SP,,36.18,,1,0.654,0.346
3158102,Santa Maria do Salto,MG,57.42,52.89,-4.53,1,0.654,0.346
5003801,Fátima do Sul,MS,60.8,59.59,-1.21,1,0.654,0.346
1101104,Itapuã do Oeste,RO,98.79,70.62,-28.17,1,0.654,0.346
4312385,Monte Belo do Sul,RS,80.97,76.9,-4.07,1,0.654,0.346
2607208,Ipojuca,PE,68.37,64.15,-4.22,0,0.654,0.346
3140100,Marilac,MG,63.09,56.14,-6.95,1,0.654,0.346
2202505,Caracol,PI,60.97,49.31,-11.66,0,0.654,0.346
3545100,Salmourão,SP,,61.69,,1,0.655,0.345
2105658,Junco do Maranhão,MA,94.78,67.86,-26.92,1,0.655,0.345
3501103,Alto Alegre,SP,,71.82,,1,0.655,0.345
4312476,Morro Reuter,RS,61.32,66.3,4.98,1,0.655,0.345
1100098,Espigão D'Oeste,RO,81.65,69.79,-11.86,1,0.655,0.345
1303403,Parintins,AM,61.37,61.89,0.52,1,0.655,0.345
3528205,Macedônia,SP,,72.5,,1,0.655,0.345
3501202,Álvares Florence,SP,,72.05,,1,0.655,0.345
4114302,Mandirituba,PR,79.38,64.48,-14.9,1,0.655,0.345
3505005,Barão de Antonina,SP,,64.23,,1,0.655,0.345
3527256,Lourdes,SP,,72.22,,1,0.655,0.345
3527801,Lupércio,SP,,60.96,,1,0.655,0.345
4307864,Fagundes Varela,RS,92.86,69.2,-23.66,1,0.655,0.345
3525607,João Ramalho,SP,,65.42,,0,0.655,0.345
4204509,Corupá,SC,61.16,79.7,18.54,0,0.655,0.345
3532843,Nova Canaã Paulista,SP,,72.22,,1,0.655,0.345
3514957,Embaúba,SP,,73.08,,1,0.655,0.345
3514205,Dolcinópolis,SP,,65.38,,0,0.655,0.345
3536901,Pedranópolis,SP,,72.73,,1,0.655,0.345
3533254,Novais,SP,,63.99,,1,0.655,0.345
3508900,Caiabu,SP,,65.71,,1,0.655,0.345
3118205,Conquista,MG,68.73,65.5,-3.23,1,0.656,0.344
3162005,São Gonçalo do Sapucaí,MG,75.96,76.3,0.34,0,0.656,0.344
3153400,Presidente Olegário,MG,77.37,78.27,0.9,0,0.656,0.344
2914703,Itaberaba,BA,42.22,41.07,-1.15,0,0.656,0.344
3513900,Divinolândia,SP,,61.36,,1,0.656,0.344
4212403,Pedras Grandes,SC,81.73,69.2,-12.53,1,0.656,0.344
3541703,Quatá,SP,,68.43,,1,0.657,0.343
3143708,Morro do Pilar,MG,69.29,61.85,-7.44,1,0.657,0.343
2612208,Salgueiro,PE,75.94,75.13,-0.81,1,0.657,0.343
3508405,Cabreúva,SP,,64.6,,1,0.657,0.343
3116209,Chiador,MG,77.53,76.01,-1.52,0,0.657,0.343
2615003,Taquaritinga do Norte,PE,59.65,59.64,-0.01,1,0.657,0.343
4300208,Ajuricaba,RS,69.32,74.3,4.98,0,0.658,0.342
1302405,Lábrea,AM,66.84,68.07,1.23,0,0.658,0.342
3514809,Eldorado,SP,,75.19,,0,0.659,0.341
3537701,Piacatu,SP,,76.68,,1,0.659,0.341
3538204,Pinhalzinho,SP,,78.79,,0,0.659,0.341
3554409,Terra Roxa,SP,,74.29,,0,0.659,0.341
3536406,Paulicéia,SP,,75.86,,1,0.659,0.341
3534807,Ouro Verde,SP,,76.07,,0,0.659,0.341
3543709,Rincão,SP,,74.83,,0,0.659,0.341
3501806,Américo de Campos,SP,,78.38,,1,0.659,0.341
3532504,Neves Paulista,SP,,74.47,,1,0.659,0.341
3504206,Auriflama,SP,,77.87,,1,0.659,0.341
3503406,Arealva,SP,,79.38,,1,0.659,0.341
3506409,Bilac,SP,,74.74,,1,0.659,0.341
3514502,Duartina,SP,,77.0,,0,0.659,0.341
3504404,Avanhandava,SP,,77.37,,1,0.659,0.341
3521507,Irapuã,SP,,76.62,,1,0.659,0.341
3548203,Santo Antônio do Pinhal,SP,,73.68,,1,0.659,0.341
3162948,São José da Barra,MG,85.61,75.22,-10.39,1,0.66,0.34
1706001,Couto Magalhães,TO,48.18,49.04,0.86,0,0.66,0.34
3518305,Guararema,SP,,76.97,,1,0.66,0.34
3160405,Santo Antônio do Monte,MG,82.37,81.35,-1.02,0,0.66,0.34
3546702,Santa Gertrudes,SP,,64.05,,1,0.66,0.34
1500206,Acará,PA,39.02,41.73,2.71,0,0.66,0.34
3533502,Novo Horizonte,SP,,75.66,,1,0.66,0.34
3540002,Pompéia,SP,,60.32,,0,0.66,0.34
1705557,Combinado,TO,62.09,56.14,-5.95,1,0.661,0.339
3126307,Fortaleza de Minas,MG,70.59,62.75,-7.84,1,0.661,0.339
3510153,Canitar,SP,,79.49,,0,0.661,0.339
2107704,Paraibano,MA,78.85,74.65,-4.2,0,0.662,0.338
5200258,Águas Lindas de Goiás,GO,48.9,53.9,5.0,1,0.662,0.338
3305505,Saquarema,RJ,63.54,62.51,-1.03,1,0.662,0.338
3554201,Tejupá,SP,,59.38,,0,0.662,0.338
3104809,Augusto de Lima,MG,48.19,48.8,0.61,1,0.662,0.338
3502804,Araçatuba,SP,,74.22,,1,0.662,0.338
2100956,Arame,MA,76.25,74.44,-1.81,1,0.662,0.338
4321634,Três Arroios,RS,100.0,40.0,-60.0,1,0.662,0.338
3124609,Estrela Dalva,MG,87.26,66.67,-20.59,1,0.662,0.338
4215554,Santa Helena,SC,78.34,66.67,-11.67,1,0.663,0.337
2605806,Frei Miguelinho,PE,68.03,70.68,2.65,1,0.663,0.337
4312351,Montauri,RS,100.0,75.0,-25.0,1,0.663,0.337
3147006,Paracatu,MG,67.07,68.16,1.09,1,0.663,0.337
3125804,Fernandes Tourinho,MG,63.45,52.38,-11.07,1,0.663,0.337
3553401,Tanabi,SP,,74.07,,0,0.663,0.337
3170305,Umburatiba,MG,63.7,52.43,-11.27,1,0.663,0.337
3536000,Parapuã,SP,,73.38,,1,0.663,0.337
3547601,Santa Rosa de Viterbo,SP,,75.32,,0,0.663,0.337
2910701,Euclides da Cunha,BA,33.34,31.34,-2.0,1,0.664,0.336
5000906,Antônio João,MS,54.07,56.2,2.13,1,0.664,0.336
2915601,Itamaraju,BA,44.07,37.41,-6.66,1,0.664,0.336
2928604,Santo Amaro,BA,43.81,36.96,-6.85,0,0.664,0.336
2501203,Areial,PB,92.86,70.75,-22.11,1,0.664,0.336
4215075,Riqueza,SC,83.43,72.07,-11.36,1,0.664,0.336
3112505,Capim Branco,MG,,77.92,,0,0.664,0.336
5005707,Naviraí,MS,60.27,59.87,-0.4,1,0.665,0.335
1720655,Silvanópolis,TO,34.74,37.39,2.65,1,0.665,0.335
4205100,Dona Emma,SC,86.17,88.51,2.34,0,0.665,0.335
2604403,Chã de Alegria,PE,62.99,63.28,0.29,0,0.666,0.334
1300060,Amaturá,AM,62.67,64.58,1.91,1,0.666,0.334
3508702,Caconde,SP,70.13,70.02,-0.11,1,0.666,0.334
2600500,Águas Belas,PE,57.56,59.77,2.21,0,0.666,0.334
3536307,Patrocínio Paulista,SP,,67.0,,1,0.666,0.334
1711951,Lagoa do Tocantins,TO,20.75,15.09,-5.66,1,0.666,0.334
3117405,Conceição de Ipanema,MG,90.0,74.88,-15.12,1,0.666,0.334
3119807,Córrego Danta,MG,84.09,75.27,-8.82,1,0.666,0.334
1600550,Pracuúba,AP,36.41,30.66,-5.75,0,0.666,0.334
3521101,Ipeúna,SP,,62.62,,1,0.666,0.334
3532207,Narandiba,SP,,60.6,,0,0.666,0.334
2611200,Poção,PE,62.55,64.18,1.63,0,0.666,0.334
3508801,Cafelândia,SP,58.79,60.44,1.65,1,0.666,0.334
3514304,Dourado,SP,,71.85,,0,0.666,0.334
3519055,Holambra,SP,,62.59,,0,0.666,0.334
2909505,Cravolândia,BA,57.33,34.55,-22.78,1,0.667,0.333
5106653,Pontal do Araguaia,MT,69.67,51.2,-18.47,1,0.667,0.333
2510501,Olivedos,PB,54.26,41.57,-12.69,1,0.667,0.333
3533809,Óleo,SP,,70.0,,1,0.668,0.332
2209302,Santa Luz,PI,100.0,55.68,-44.32,1,0.668,0.332
2411429,Santana do Seridó,RN,52.34,40.91,-11.43,1,0.668,0.332
3160306,Santo Antônio do Jacinto,MG,62.95,65.72,2.77,0,0.668,0.332
3500907,Altair,SP,,62.85,,0,0.668,0.332
2406403,Lagoa de Velhos,RN,41.67,29.67,-12.0,1,0.668,0.332
2924504,Pindaí,BA,71.04,38.33,-32.71,1,0.668,0.332
1300144,Apuí,AM,62.57,64.17,1.6,1,0.668,0.332
3103108,Antônio Prado de Minas,MG,78.57,86.67,8.1,1,0.668,0.332
3533304,Nova Luzitânia,SP,,73.33,,0,0.668,0.332
3555307,Turmalina,SP,,70.59,,1,0.668,0.332
3502002,Analândia,SP,,68.65,,0,0.668,0.332
3546207,Santa Cruz da Conceição,SP,,73.36,,1,0.668,0.332
3541653,Quadra,SP,,65.39,,1,0.668,0.332
2409506,Pedra Grande,RN,45.48,44.5,-0.98,0,0.669,0.331
3543204,Ribeirão do Sul,SP,,58.93,,1,0.669,0.331
3144672,Nova Belém,MG,50.0,48.0,-2.0,1,0.669,0.331
2905206,Caetité,BA,49.15,39.02,-10.13,1,0.669,0.331
1712157,Lavandeira,TO,69.23,58.81,-10.42,1,0.669,0.331
3517604,Guapiara,SP,,60.31,,0,0.669,0.331
2916401,Itapetinga,BA,39.63,32.22,-7.41,1,0.669,0.331
1709807,Ipueiras,TO,27.27,21.43,-5.84,0,0.67,0.33
2602100,Bom Conselho,PE,59.98,60.74,0.76,0,0.67,0.33
2601003,Angelim,PE,62.05,62.41,0.36,1,0.67,0.33
2513927,São Bentinho,PB,65.98,60.02,-5.96,1,0.67,0.33
2918001,Jequié,BA,37.87,39.48,1.61,1,0.67,0.33
2909802,Cruz das Almas,BA,34.64,33.56,-1.08,1,0.67,0.33
2928802,Santo Estêvão,BA,32.65,31.86,-0.79,0,0.67,0.33
3150000,Pescador,MG,88.06,77.59,-10.47,1,0.671,0.329
2612505,Santa Cruz do Capibaribe,PE,52.81,55.94,3.13,0,0.671,0.329
4218350,Treviso,SC,68.59,56.3,-12.29,1,0.672,0.328
3532801,Nova Aliança,SP,,73.75,,1,0.672,0.328
3539004,Pirangi,SP,,75.61,,1,0.672,0.328
4104253,Campo Magro,PR,59.84,57.97,-1.87,1,0.672,0.328
4217105,São Martinho,SC,68.21,56.74,-11.47,1,0.672,0.328
3555356,Ubarana,SP,,74.44,,1,0.672,0.328
3507209,Borá,SP,,58.33,,1,0.673,0.327
1720937,Taipas do Tocantins,TO,55.85,55.56,-0.29,1,0.673,0.327
1718402,Presidente Kennedy,TO,69.46,57.83,-11.63,0,0.673,0.327
2509339,Matinhas,PB,79.28,72.67,-6.61,1,0.673,0.327
4118907,Pérola,PR,78.4,62.28,-16.12,1,0.673,0.327
1712009,Lajeado,TO,40.45,38.15,-2.3,1,0.673,0.327
4201901,Aurora,SC,72.91,76.68,3.77,0,0.674,0.326
2208809,Regeneração,PI,40.89,31.32,-9.57,1,0.674,0.326
3121704,Diogo de Vasconcelos,MG,78.42,76.25,-2.17,1,0.674,0.326
4122602,Rondon,PR,68.42,41.63,-26.79,1,0.674,0.326
1100106,Guajará-Mirim,RO,44.25,45.65,1.4,1,0.674,0.326
4214201,Quilombo,SC,67.13,70.08,2.95,1,0.675,0.325
3107802,Bom Jesus do Galho,MG,74.34,77.48,3.14,0,0.675,0.325
1100809,Candeias do Jamari,RO,48.96,51.63,2.67,1,0.675,0.325
3141306,Medeiros,MG,82.24,78.57,-3.67,1,0.676,0.324
2515203,São Sebastião do Umbuzeiro,PB,94.99,69.29,-25.7,1,0.676,0.324
2511004,Pedra Branca,PB,95.61,69.89,-25.72,1,0.676,0.324
2500205,Aguiar,PB,68.73,61.96,-6.77,1,0.676,0.324
4212601,Peritiba,SC,85.84,87.5,1.66,1,0.677,0.323
1715101,Novo Acordo,TO,39.24,36.09,-3.15,1,0.677,0.323
5007307,Rio Negro,MS,53.09,53.05,-0.04,1,0.677,0.323
1702703,Aurora do Tocantins,TO,52.92,41.94,-10.98,1,0.677,0.323
3161056,São Félix de Minas,MG,68.09,67.09,-1.0,1,0.677,0.323
2514701,São José do Sabugi,PB,51.51,48.54,-2.97,1,0.677,0.323
1718758,Rio Sono,TO,27.83,26.8,-1.03,1,0.677,0.323
3510609,Carapicuíba,SP,49.86,57.57,7.71,0,0.678,0.322
3529609,Meridiano,SP,,67.31,,1,0.678,0.322
3504305,Avaí,SP,,65.24,,1,0.678,0.322
1715150,Novo Alegre,TO,71.67,70.33,-1.34,0,0.679,0.321
4207858,Irati,SC,92.86,87.82,-5.04,1,0.679,0.321
2616407,Vitória de Santo Antão,PE,46.09,50.66,4.57,0,0.679,0.321
2411700,São Bento do Trairí,RN,33.35,33.62,0.27,1,0.68,0.32
4106001,Congonhinhas,PR,68.8,41.19,-27.61,1,0.68,0.32
4211405,Nova Erechim,SC,69.15,72.86,3.71,0,0.68,0.32
2112100,Timbiras,MA,41.93,44.63,2.7,1,0.68,0.32
3501004,Altinópolis,SP,,67.78,,1,0.681,0.319
3305901,Trajano de Moraes,RJ,77.24,79.23,1.99,0,0.681,0.319
2309458,Ocara,CE,89.45,84.77,-4.68,0,0.681,0.319
1703107,Barrolândia,TO,59.45,49.74,-9.71,0,0.681,0.319
3140605,Materlândia,MG,37.11,28.57,-8.54,1,0.681,0.319
2513851,Santo André,PB,45.13,35.81,-9.32,1,0.682,0.318
2503407,Cacimba de Areia,PB,63.89,52.5,-11.39,1,0.682,0.318
3167905,Tabuleiro,MG,80.53,74.43,-6.1,1,0.682,0.318
3529500,Mendonça,SP,,77.56,,1,0.682,0.318
2504702,Congo,PB,49.32,40.66,-8.66,1,0.682,0.318
3301504,Cordeiro,RJ,59.21,64.16,4.95,0,0.683,0.317
4111803,Jacarezinho,PR,55.12,47.68,-7.44,0,0.683,0.317
2803807,Malhada dos Bois,SE,40.0,37.63,-2.37,1,0.683,0.317
1718808,Sampaio,TO,43.61,43.25,-0.36,0,0.683,0.317
5218391,Professor Jamil,GO,81.62,77.25,-4.37,1,0.684,0.316
4306932,Entre-Ijuís,RS,42.96,47.6,4.64,1,0.684,0.316
3140209,Maripá de Minas,MG,65.47,59.26,-6.21,1,0.684,0.316
2408706,Paraú,RN,13.33,14.29,0.96,1,0.685,0.315
1100155,Ouro Preto do Oeste,RO,72.39,66.4,-5.99,1,0.685,0.315
3147600,Passa Quatro,MG,85.98,80.38,-5.6,1,0.685,0.315
3161601,São Geraldo da Piedade,MG,69.23,70.0,0.77,1,0.685,0.315
3503356,Arco-Íris,SP,,77.27,,0,0.685,0.315
2104800,Grajaú,MA,42.36,45.8,3.44,0,0.685,0.315
2102325,Buriticupu,MA,39.23,43.21,3.98,0,0.685,0.315
3540309,Pontes Gestal,SP,,74.25,,0,0.685,0.315
4219002,Urussanga,SC,67.36,70.73,3.37,1,0.685,0.315
3115201,Conceição da Barra de Minas,MG,68.75,70.43,1.68,1,0.685,0.315
4213807,Praia Grande,SC,67.81,71.88,4.07,0,0.685,0.315
3170438,União de Minas,MG,72.25,72.68,0.43,0,0.685,0.315
2207504,Palmeirais,PI,50.9,46.19,-4.71,0,0.686,0.314
3136801,Juramento,MG,63.23,55.56,-7.67,1,0.686,0.314
2201804,Bocaina,PI,90.77,55.0,-35.77,0,0.686,0.314
2508703,Mãe d'Água,PB,70.0,63.64,-6.36,1,0.687,0.313
2514404,São José de Espinharas,PB,56.3,44.79,-11.51,1,0.687,0.313
3508306,Cabrália Paulista,SP,,78.11,,0,0.687,0.313
1507805,Senador José Porfírio,PA,33.22,35.9,2.68,1,0.687,0.313
3536570,Paulistânia,SP,,73.68,,1,0.687,0.313
3530904,Mombuca,SP,,74.25,,1,0.687,0.313
1703891,Carrasco Bonito,TO,34.09,23.86,-10.23,1,0.687,0.313
3548401,Santópolis do Aguapeí,SP,,77.36,,1,0.687,0.313
3520707,Indiaporã,SP,,78.96,,1,0.687,0.313
1714302,Nazaré,TO,45.94,34.23,-11.71,1,0.687,0.313
3532058,Motuca,SP,,78.09,,0,0.687,0.313
1508308,Viseu,PA,34.28,38.21,3.93,1,0.687,0.313
4209458,Lajeado Grande,SC,78.57,66.07,-12.5,1,0.688,0.312
4211454,Nova Itaberaba,SC,67.4,71.17,3.77,1,0.688,0.312
4217253,São Pedro de Alcântara,SC,74.22,61.13,-13.09,1,0.688,0.312
4314787,Ponte Preta,RS,60.0,57.9,-2.1,1,0.688,0.312
2308708,Morada Nova,CE,71.96,76.09,4.13,0,0.688,0.312
3118809,Coração de Jesus,MG,76.22,79.4,3.18,1,0.689,0.311
4202578,Bom Jesus do Oeste,SC,73.31,95.99,22.68,0,0.689,0.311
3159902,Santo Antônio do Amparo,MG,83.75,80.3,-3.45,1,0.689,0.311
2610509,Passira,PE,74.89,76.23,1.34,1,0.69,0.31
3170578,Vargem Alegre,MG,82.74,83.44,0.7,0,0.69,0.31
3116308,Cipotânea,MG,77.76,80.5,2.74,1,0.692,0.308
2202208,Campo Maior,PI,52.24,54.48,2.24,1,0.692,0.308
2307700,Maranguape,CE,79.76,81.66,1.9,0,0.692,0.308
5105903,Nobres,MT,61.79,57.19,-4.6,0,0.692,0.308
3540903,Pradópolis,SP,,62.53,,1,0.692,0.308
3304201,Resende,RJ,68.62,72.48,3.86,0,0.693,0.307
1718659,Rio da Conceição,TO,17.56,19.61,2.05,1,0.693,0.307
3140159,Mário Campos,MG,70.35,74.09,3.74,0,0.693,0.307
2805000,Pedra Mole,SE,47.62,47.76,0.14,0,0.693,0.307
1702158,Araguanã,TO,37.72,37.81,0.09,1,0.693,0.307
2208502,Porto,PI,40.12,36.04,-4.08,1,0.693,0.307
1712801,Maurilândia do Tocantins,TO,19.32,20.67,1.35,1,0.693,0.307
4206306,Guabiruba,SC,70.17,73.93,3.76,1,0.693,0.307
5208004,Formosa,GO,63.28,64.02,0.74,1,0.694,0.306
3507308,Boracéia,SP,,66.62,,0,0.694,0.306
1300102,Anori,AM,74.08,75.32,1.24,1,0.694,0.306
5006275,Paraíso das Águas,MS,76.38,78.5,2.12,1,0.694,0.306
2303402,Carnaubal,CE,87.03,83.8,-3.23,1,0.694,0.306
4112702,Jataizinho,PR,62.4,60.93,-1.47,1,0.694,0.306
3163805,São Miguel do Anta,MG,74.87,78.02,3.15,1,0.695,0.305
1101807,Vale do Paraíso,RO,55.69,44.06,-11.63,1,0.696,0.304
4114708,Maria Helena,PR,64.7,49.96,-14.74,1,0.696,0.304
4107009,Curiúva,PR,80.2,68.88,-11.32,1,0.696,0.304
1100940,Cujubim,RO,77.47,67.6,-9.87,1,0.696,0.304
1100502,Novo Horizonte do Oeste,RO,72.53,70.67,-1.86,1,0.697,0.303
1101401,Monte Negro,RO,72.19,69.92,-2.27,1,0.697,0.303
2300754,Amontada,CE,83.0,82.28,-0.72,1,0.697,0.303
2602803,Buíque,PE,52.54,55.5,2.96,1,0.697,0.303
1703305,Bom Jesus do Tocantins,TO,26.13,28.56,2.43,1,0.697,0.303
1703883,Carmolândia,TO,25.12,27.47,2.35,1,0.697,0.303
4208609,Jaborá,SC,73.88,77.67,3.79,1,0.697,0.303
1101708,Urupá,RO,70.92,61.28,-9.64,1,0.698,0.302
3160207,Santo Antônio do Itambé,MG,46.96,47.84,0.88,1,0.698,0.302
3121407,Desterro de Entre Rios,MG,80.91,79.93,-0.98,1,0.698,0.302
2202075,Cajazeiras do Piauí,PI,100.0,75.0,-25.0,0,0.699,0.301
2513802,Santa Teresinha,PB,40.43,42.77,2.34,1,0.699,0.301
2111672,São Roberto,MA,48.24,35.69,-12.55,1,0.699,0.301
2806503,Santa Rosa de Lima,SE,25.0,26.74,1.74,1,0.699,0.301
3519808,Icém,SP,,81.32,,0,0.699,0.301
3543105,Ribeirão Corrente,SP,,74.51,,1,0.699,0.301
3523008,Itapura,SP,,79.05,,1,0.699,0.301
2512754,Riachão do Bacamarte,PB,44.56,46.23,1.67,1,0.699,0.301
3527504,Lucianópolis,SP,,75.0,,1,0.699,0.301
3527900,Lutécia,SP,,78.67,,0,0.699,0.301
3544509,Rubinéia,SP,,75.0,,1,0.699,0.301
4212270,Passos Maia,SC,64.91,68.75,3.84,1,0.7,0.3
4207650,Iporã do Oeste,SC,87.74,89.65,1.91,1,0.7,0.3
5104104,Guarantã do Norte,MT,62.14,54.22,-7.92,1,0.701,0.299
4111902,Jaguapitã,PR,76.25,62.26,-13.99,1,0.701,0.299
2913002,Ibitiara,BA,62.17,37.36,-24.81,0,0.701,0.299
4215695,Santiago do Sul,SC,73.68,81.82,8.14,1,0.701,0.299
2923001,Nova Viçosa,BA,56.37,37.21,-19.16,1,0.701,0.299
3120870,Curral de Dentro,MG,79.25,80.36,1.11,0,0.701,0.299
1100114,Jaru,RO,62.75,65.15,2.4,1,0.701,0.299
5100508,Alto Paraguai,MT,70.64,52.43,-18.21,0,0.701,0.299
2313104,Tabuleiro do Norte,CE,88.99,84.32,-4.67,1,0.702,0.298
3142254,Miravânia,MG,44.91,38.92,-5.99,1,0.702,0.298
3131406,Ipiaçu,MG,75.16,76.42,1.26,1,0.702,0.298
1100908,Castanheiras,RO,70.14,65.42,-4.72,1,0.703,0.297
1720002,Santa Terezinha do Tocantins,TO,56.06,57.14,1.08,1,0.703,0.297
2105922,Lagoa do Mato,MA,85.96,78.44,-7.52,1,0.703,0.297
4215604,Santa Rosa de Lima,SC,92.81,86.49,-6.32,1,0.703,0.297
5212501,Luziânia,GO,64.05,66.27,2.22,1,0.703,0.297
2304954,Guaiúba,CE,72.74,79.83,7.09,0,0.703,0.297
5001243,Aral Moreira,MS,73.91,73.43,-0.48,0,0.703,0.297
2802502,General Maynard,SE,20.0,21.91,1.91,1,0.703,0.297
2613909,Serra Talhada,PE,76.13,77.92,1.79,1,0.704,0.296
2929909,Seabra,BA,48.67,34.98,-13.69,1,0.704,0.296
4210100,Mafra,SC,70.45,74.16,3.71,0,0.704,0.296
2201770,Boa Hora,PI,58.74,47.16,-11.58,1,0.705,0.295
2208551,Porto Alegre do Piauí,PI,73.86,64.29,-9.57,1,0.705,0.295
3127339,Gameleiras,MG,62.54,65.52,2.98,1,0.705,0.295
3552502,Suzano,SP,44.51,51.13,6.62,0,0.706,0.294
4213302,Ponte Alta,SC,33.56,55.08,21.52,0,0.706,0.294
4203402,Campo Belo do Sul,SC,27.65,45.29,17.64,0,0.706,0.294
2801207,Canindé de São Francisco,SE,22.69,26.66,3.97,0,0.707,0.293
2112852,Vila Nova dos Martírios,MA,86.07,74.55,-11.52,1,0.707,0.293
2900801,Alcobaça,BA,45.33,29.6,-15.73,1,0.707,0.293
2917300,Ituberá,BA,44.09,29.17,-14.92,1,0.707,0.293
4210555,Marema,SC,88.23,75.96,-12.27,1,0.707,0.293
2109239,Presidente Médici,MA,75.46,74.73,-0.73,1,0.707,0.293
2104503,Governador Archer,MA,88.98,78.21,-10.77,1,0.707,0.293
2925956,Rafael Jambeiro,BA,48.41,33.53,-14.88,0,0.707,0.293
1711506,Jaú do Tocantins,TO,61.09,62.32,1.23,1,0.707,0.293
3156205,Rochedo de Minas,MG,56.55,58.33,1.78,1,0.707,0.293
3147956,Patis,MG,82.27,85.08,2.81,1,0.707,0.293
5209903,Iaciara,GO,64.01,65.45,1.44,0,0.708,0.292
2202406,Capitão de Campos,PI,53.68,54.01,0.33,1,0.708,0.292
2204659,Ilha Grande,PI,39.89,34.84,-5.05,1,0.708,0.292
2203503,Elesbão Veloso,PI,50.09,51.08,0.99,1,0.708,0.292
5200803,Alvorada do Norte,GO,64.57,64.99,0.42,1,0.708,0.292
3148509,Pavão,MG,85.08,83.75,-1.33,1,0.709,0.291
3156502,Rubelita,MG,100.0,76.83,-23.17,1,0.709,0.291
2200400,Altos,PI,61.91,61.82,-0.09,1,0.709,0.291
3510906,Cássia dos Coqueiros,SP,,75.0,,1,0.709,0.291
3509106,Caiuá,SP,,81.48,,1,0.71,0.29
2703007,Ibateguara,AL,93.46,54.43,-39.03,1,0.71,0.29
3100708,Água Comprida,MG,96.84,55.3,-41.54,1,0.71,0.29
2105708,Lago da Pedra,MA,92.18,79.18,-13.0,1,0.71,0.29
3155702,Rio Piracicaba,MG,79.25,79.95,0.7,1,0.71,0.29
2201919,Bom Princípio do Piauí,PI,87.91,75.94,-11.97,0,0.71,0.29
2308377,Miraíma,CE,86.66,85.6,-1.06,1,0.711,0.289
2704104,Lagoa da Canoa,AL,45.57,44.19,-1.38,0,0.711,0.289
2206696,Murici dos Portelas,PI,66.93,65.17,-1.76,1,0.711,0.289
2919926,Madre de Deus,BA,40.71,25.81,-14.9,1,0.711,0.289
3303401,Nova Friburgo,RJ,65.29,68.84,3.55,1,0.711,0.289
4206751,Ibiam,SC,65.6,96.17,30.57,1,0.712,0.288
4107306,Doutor Camargo,PR,79.12,60.84,-18.28,0,0.712,0.288
3142205,Miraí,MG,94.17,78.13,-16.04,1,0.713,0.287
5101605,Barão de Melgaço,MT,67.78,52.26,-15.52,1,0.713,0.287
2933158,Várzea Nova,BA,32.8,17.95,-14.85,1,0.713,0.287
3149705,Perdigão,MG,80.06,80.71,0.65,1,0.714,0.286
3300100,Angra dos Reis,RJ,57.0,60.8,3.8,0,0.714,0.286
2306256,Itaitinga,CE,85.82,85.11,-0.71,0,0.714,0.286
3151404,Pitangui,MG,74.72,78.71,3.99,0,0.714,0.286
2511707,Pilõezinhos,PB,98.55,56.06,-42.49,0,0.715,0.285
3534005,Onda Verde,SP,,74.45,,1,0.715,0.285
3163409,São José do Goiabal,MG,,86.0,,0,0.715,0.285
2209401,Santo Antônio de Lisboa,PI,61.21,55.71,-5.5,1,0.715,0.285
2917102,Itororó,BA,47.4,28.85,-18.55,0,0.715,0.285
3552205,Sorocaba,SP,49.09,54.67,5.58,0,0.715,0.285
3503703,Ariranha,SP,,87.22,,1,0.715,0.285
3142403,Moema,MG,81.44,81.94,0.5,1,0.717,0.283
2515906,Serraria,PB,83.64,74.71,-8.93,0,0.717,0.283
2303600,Catarina,CE,79.24,81.25,2.01,1,0.717,0.283
2922730,Nova Fátima,BA,46.81,31.91,-14.9,1,0.717,0.283
2202554,Caridade do Piauí,PI,61.42,58.14,-3.28,1,0.717,0.283
2107258,Nova Colinas,MA,85.65,77.14,-8.51,1,0.717,0.283
4123303,Santa Cruz de Monte Castelo,PR,85.79,59.1,-26.69,1,0.717,0.283
2301000,Aquiraz,CE,87.89,83.99,-3.9,1,0.717,0.283
1703057,Bandeirantes do Tocantins,TO,35.63,36.96,1.33,1,0.718,0.282
3116704,Coimbra,MG,76.92,83.5,6.58,0,0.718,0.282
2917904,Jandaíra,BA,50.51,36.08,-14.43,0,0.718,0.282
2807402,Tobias Barreto,SE,42.39,46.26,3.87,1,0.718,0.282
2929057,São Félix do Coribe,BA,54.89,36.59,-18.3,1,0.718,0.282
3520442,Ilha Solteira,SP,,80.76,,1,0.719,0.281
3165537,Sarzedo,MG,80.06,82.39,2.33,0,0.719,0.281
3133907,Itaverava,MG,100.0,85.76,-14.24,0,0.719,0.281
3132701,Itambacuri,MG,53.64,57.33,3.69,1,0.719,0.281
2912806,Ibirapuã,BA,60.48,37.84,-22.64,1,0.719,0.281
2205854,Madeiro,PI,62.05,55.88,-6.17,1,0.719,0.281
3526001,Junqueirópolis,SP,,80.44,,1,0.719,0.281
5106851,Porto Estrela,MT,89.12,77.75,-11.37,0,0.719,0.281
3148707,Pedra Azul,MG,57.01,60.74,3.73,0,0.719,0.281
5215207,Novo Brasil,GO,84.09,54.84,-29.25,1,0.72,0.28
1101559,Teixeirópolis,RO,71.95,65.3,-6.65,1,0.72,0.28
3511201,Catiguá,SP,,84.7,,1,0.721,0.279
4109401,Guarapuava,PR,74.41,67.0,-7.41,0,0.721,0.279
4119152,Pinhais,PR,62.74,57.37,-5.37,1,0.721,0.279
3523701,Itirapuã,SP,,82.38,,0,0.721,0.279
2911709,Guanambi,BA,48.58,46.39,-2.19,1,0.721,0.279
3162203,São João Batista do Glória,MG,82.43,84.26,1.83,1,0.721,0.279
3515608,Fernando Prestes,SP,,85.99,,1,0.721,0.279
5103700,Feliz Natal,MT,65.18,51.15,-14.03,1,0.721,0.279
2302701,Campos Sales,CE,84.18,82.79,-1.39,0,0.722,0.278
5205521,Colinas do Sul,GO,62.72,58.9,-3.82,1,0.723,0.277
2804805,Nossa Senhora do Socorro,SE,21.3,29.82,8.52,1,0.723,0.277
5105606,Matupá,MT,65.6,52.57,-13.03,1,0.723,0.277
2930709,Simões Filho,BA,42.62,42.14,-0.48,1,0.724,0.276
4128609,Verê,PR,81.02,67.29,-13.73,0,0.724,0.276
2707701,Rio Largo,AL,36.89,38.78,1.89,1,0.724,0.276
2706703,Penedo,AL,40.64,43.12,2.48,1,0.724,0.276
3551306,Sebastianópolis do Sul,SP,,75.86,,1,0.724,0.276
3104106,Arceburgo,MG,86.77,82.63,-4.14,1,0.724,0.276
2915403,Itaju do Colônia,BA,20.17,15.25,-4.92,0,0.725,0.275
3304151,Quissamã,RJ,66.22,70.11,3.89,1,0.725,0.275
2206704,Nazaré do Piauí,PI,46.93,39.0,-7.93,1,0.725,0.275
2209005,Rio Grande do Piauí,PI,48.59,41.79,-6.8,1,0.725,0.275
3541208,Presidente Bernardes,SP,,79.72,,1,0.726,0.274
3553609,Tapiratiba,SP,,79.51,,1,0.726,0.274
2206357,Milton Brandão,PI,37.5,33.33,-4.17,1,0.726,0.274
2109700,Sambaíba,MA,85.92,77.94,-7.98,1,0.726,0.274
3505302,Barra Bonita,SP,,80.01,,1,0.727,0.273
3306305,Volta Redonda,RJ,60.12,63.25,3.13,1,0.727,0.273
3161700,São Gonçalo do Abaeté,MG,89.0,82.95,-6.05,1,0.727,0.273
2313807,Uruburetama,CE,81.36,82.16,0.8,0,0.728,0.272
2210631,Sebastião Leal,PI,93.5,76.86,-16.64,1,0.728,0.272
2308104,Mauriti,CE,84.73,84.55,-0.18,0,0.728,0.272
2614501,Surubim,PE,55.41,58.71,3.3,1,0.728,0.272
2103802,Dom Pedro,MA,40.39,43.95,3.56,1,0.73,0.27
4121356,Rancho Alegre D'Oeste,PR,78.04,56.92,-21.12,0,0.73,0.27
2208106,Pimenteiras,PI,60.51,61.41,0.9,1,0.73,0.27
4207007,Içara,SC,65.37,69.13,3.76,1,0.73,0.27
4113254,Laranjal,PR,58.83,46.64,-12.19,1,0.73,0.27
2205003,Itainópolis,PI,74.15,73.67,-0.48,1,0.73,0.27
1101203,Ministro Andreazza,RO,72.5,69.17,-3.33,1,0.73,0.27
3154606,Ribeirão das Neves,MG,54.69,60.14,5.45,0,0.73,0.27
3113602,Careaçu,MG,97.42,74.18,-23.24,1,0.731,0.269
2709103,Taquarana,AL,44.02,38.96,-5.06,1,0.732,0.268
3536604,Paulo de Faria,SP,,80.89,,1,0.732,0.268
2203404,Dom Expedito Lopes,PI,77.13,76.45,-0.68,1,0.732,0.268
2109304,Presidente Vargas,MA,44.27,47.82,3.55,1,0.732,0.268
3544202,Riolândia,SP,,84.72,,0,0.733,0.267
5103304,Comodoro,MT,57.77,47.59,-10.18,1,0.733,0.267
3515400,Fartura,SP,,82.78,,1,0.733,0.267
3304805,São Fidélis,RJ,39.79,48.7,8.91,0,0.733,0.267
3556107,Valentim Gentil,SP,,85.95,,1,0.733,0.267
3141603,Mercês,MG,98.41,84.85,-13.56,1,0.733,0.267
3542503,Reginópolis,SP,,84.53,,1,0.733,0.267
3504800,Bálsamo,SP,,83.51,,0,0.733,0.267
3535200,Palmeira d'Oeste,SP,,83.91,,0,0.733,0.267
3138906,Machacalis,MG,62.01,65.94,3.93,1,0.734,0.266
3144508,Nazareno,MG,87.42,85.36,-2.06,0,0.734,0.266
2303204,Caririaçu,CE,90.05,82.61,-7.44,1,0.734,0.266
2209377,Santa Rosa do Piauí,PI,61.02,51.64,-9.38,1,0.735,0.265
4315057,Porto Mauá,RS,41.07,95.2,54.13,1,0.735,0.265
5220264,São Miguel do Passa Quatro,GO,81.95,67.1,-14.85,1,0.735,0.265
5203302,Bela Vista de Goiás,GO,61.22,62.27,1.05,1,0.735,0.265
4115903,Mirador,PR,70.36,56.0,-14.36,1,0.735,0.265
1506138,Redenção,PA,55.06,58.25,3.19,1,0.736,0.264
3303609,Paracambi,RJ,64.31,69.98,5.67,0,0.736,0.264
3533106,Nova Guataporanga,SP,,83.33,,1,0.736,0.264
4204178,Cerro Negro,SC,28.93,49.84,20.91,1,0.736,0.264
1101492,São Francisco do Guaporé,RO,65.79,62.99,-2.8,1,0.736,0.264
3540853,Pracinha,SP,,80.0,,0,0.736,0.264
4216255,São João do Oeste,SC,96.02,92.42,-3.6,1,0.736,0.264
3146404,Paineiras,MG,78.95,82.34,3.39,0,0.736,0.264
1200401,Rio Branco,AC,,54.55,,1,0.736,0.264
3537404,Pereira Barreto,SP,,83.47,,0,0.737,0.263
3519006,Herculândia,SP,,81.08,,0,0.737,0.263
2108900,Poção de Pedras,MA,89.32,77.27,-12.05,1,0.737,0.263
2909109,Coribe,BA,47.33,30.71,-16.62,1,0.737,0.263
2203859,Floresta do Piauí,PI,100.0,54.55,-45.45,1,0.738,0.262
2109759,Santa Filomena do Maranhão,MA,36.45,40.91,4.46,0,0.738,0.262
1100403,Alto Paraíso,RO,61.53,60.45,-1.08,1,0.738,0.262
3301306,Casimiro de Abreu,RJ,54.93,58.33,3.4,1,0.738,0.262
5106240,Nova Ubiratã,MT,73.23,58.41,-14.82,1,0.738,0.262
2207553,Paquetá,PI,100.0,49.8,-50.2,1,0.738,0.262
2305506,Iguatu,CE,56.55,63.35,6.8,1,0.739,0.261
1100148,Nova Brasilândia D'Oeste,RO,74.81,75.61,0.8,1,0.739,0.261
4207684,Ipuaçu,SC,59.49,77.74,18.25,1,0.739,0.261
5212956,Matrinchã,GO,59.71,52.82,-6.89,1,0.74,0.26
2904605,Brumado,BA,53.28,42.15,-11.13,1,0.74,0.26
2201408,Barro Duro,PI,38.31,40.17,1.86,1,0.74,0.26
2900504,Érico Cardoso,BA,68.05,37.21,-30.84,1,0.741,0.259
3517307,Guaimbê,SP,,83.39,,1,0.741,0.259
4208807,Jaguaruna,SC,50.36,57.64,7.28,0,0.741,0.259
3538709,Piracicaba,SP,57.25,60.0,2.75,1,0.741,0.259
3154457,Riachinho,MG,69.58,72.81,3.23,0,0.741,0.259
3152600,Pouso Alto,MG,78.44,79.55,1.11,1,0.741,0.259
3115359,Catas Altas,MG,67.35,71.35,4.0,1,0.742,0.258
2800704,Brejo Grande,SE,27.27,34.6,7.33,0,0.742,0.258
2932606,Urandi,BA,59.24,40.54,-18.7,1,0.742,0.258
2202711,Cocal de Telha,PI,67.54,59.56,-7.98,1,0.743,0.257
3122405,Divisa Nova,MG,64.28,67.64,3.36,1,0.743,0.257
3557154,Zacarias,SP,,80.0,,0,0.744,0.256
1503457,Ipixuna do Pará,PA,39.7,42.95,3.25,1,0.744,0.256
2900702,Alagoinhas,BA,33.57,36.64,3.07,1,0.744,0.256
3500600,Águas de São Pedro,SP,,80.89,,0,0.744,0.256
2615706,Triunfo,PE,82.65,80.64,-2.01,1,0.744,0.256
5105507,Vila Bela da Santíssima Trindade,MT,49.57,47.61,-1.96,1,0.745,0.255
3125507,São Gonçalo do Rio Preto,MG,80.13,83.33,3.2,1,0.745,0.255
3513702,Descalvado,SP,,80.62,,1,0.745,0.255
3148806,Pedra do Anta,MG,85.38,85.51,0.13,1,0.745,0.255
3514924,Elisiário,SP,,85.34,,1,0.746,0.254
3535903,Paranapuã,SP,,82.89,,1,0.746,0.254
2207355,Pajeú do Piauí,PI,66.01,64.0,-2.01,1,0.746,0.254
3516507,Gabriel Monteiro,SP,,85.45,,0,0.746,0.254
3547106,Santa Mercedes,SP,,81.08,,1,0.746,0.254
3518909,Guzolândia,SP,,79.92,,1,0.746,0.254
2703106,Igaci,AL,29.74,24.34,-5.4,1,0.746,0.254
3540408,Populina,SP,,79.69,,1,0.746,0.254
3531001,Monções,SP,,80.77,,1,0.746,0.254
2210953,Tamboril do Piauí,PI,68.75,65.11,-3.64,1,0.746,0.254
3549201,São João das Duas Pontes,SP,,80.0,,0,0.746,0.254
3544400,Rubiácea,SP,,82.14,,1,0.746,0.254
3551207,Sarutaiá,SP,,79.97,,1,0.746,0.254
3532702,Nipoã,SP,,80.24,,1,0.746,0.254
3542305,Redenção da Serra,SP,,84.33,,1,0.746,0.254
3301603,Duas Barras,RJ,57.85,65.4,7.55,0,0.747,0.253
3139300,Manga,MG,37.08,41.78,4.7,1,0.748,0.252
1100320,São Miguel do Guaporé,RO,67.75,69.13,1.38,1,0.749,0.251
2210375,São Luis do Piauí,PI,58.51,61.11,2.6,1,0.749,0.251
4205159,Doutor Pedrinho,SC,52.09,79.1,27.01,0,0.75,0.25
5217302,Pirenópolis,GO,72.91,64.06,-8.85,1,0.75,0.25
5104906,Jangada,MT,59.21,54.87,-4.34,1,0.751,0.249
2313401,Tianguá,CE,84.36,86.1,1.74,1,0.752,0.248
2905701,Camaçari,BA,33.55,36.56,3.01,1,0.752,0.248
5207535,Faina,GO,73.62,70.81,-2.81,1,0.752,0.248
3304755,São Francisco de Itabapoana,RJ,43.51,47.47,3.96,1,0.752,0.248
3145851,Oratórios,MG,73.86,82.24,8.38,0,0.753,0.247
2501500,Bananeiras,PB,51.04,54.93,3.89,1,0.753,0.247
3171154,Vermelho Novo,MG,73.55,81.82,8.27,0,0.753,0.247
3515004,Embu das Artes,SP,38.07,48.71,10.64,1,0.754,0.246
4114401,Mangueirinha,PR,72.22,66.1,-6.12,1,0.754,0.246
4106456,Coronel Domingos Soares,PR,78.28,62.47,-15.81,1,0.754,0.246
4202602,Bom Retiro,SC,38.12,46.31,8.19,1,0.755,0.245
3154903,Rio Casca,MG,59.63,62.76,3.13,1,0.755,0.245
2307650,Maracanaú,CE,82.5,84.66,2.16,1,0.756,0.244
3502606,Aparecida d'Oeste,SP,,86.16,,0,0.756,0.244
3513850,Dirce Reis,SP,,84.62,,1,0.756,0.244
5209705,Hidrolândia,GO,68.97,65.56,-3.41,1,0.756,0.244
4120408,Presidente Castelo Branco,PR,76.24,62.98,-13.26,1,0.756,0.244
3539707,Platina,SP,,84.61,,0,0.756,0.244
2207793,Pau D'Arco do Piauí,PI,100.0,51.85,-48.15,1,0.756,0.244
3500204,Adolfo,SP,,85.8,,1,0.756,0.244
2211506,Vera Mendes,PI,94.44,48.57,-45.87,1,0.756,0.244
2902005,Aracatu,BA,41.95,28.92,-13.03,1,0.757,0.243
4110052,Iguatu,PR,74.1,43.48,-30.62,1,0.757,0.243
4111308,Itaúna do Sul,PR,77.38,40.32,-37.06,1,0.757,0.243
2110104,Santa Quitéria do Maranhão,MA,89.14,80.19,-8.95,1,0.757,0.243
2506004,Esperança,PB,61.5,64.21,2.71,1,0.757,0.243
4116000,Miraselva,PR,77.05,51.38,-25.67,1,0.757,0.243
2111953,Sucupira do Riachão,MA,75.39,80.65,5.26,0,0.757,0.243
4200051,Abdon Batista,SC,72.06,77.08,5.02,0,0.758,0.242
3153301,Presidente Kubitschek,MG,75.75,79.86,4.11,1,0.758,0.242
2412500,São Miguel,RN,39.84,44.85,5.01,1,0.758,0.242
4217204,São Miguel do Oeste,SC,64.94,69.47,4.53,1,0.758,0.242
4304713,Caraá,RS,90.82,62.4,-28.42,1,0.758,0.242
4209706,Lebon Régis,SC,42.9,59.3,16.4,1,0.758,0.242
4201604,Arroio Trinta,SC,92.0,76.24,-15.76,1,0.759,0.241
2605400,Feira Nova,PE,85.66,83.27,-2.39,1,0.759,0.241
3166006,Senhora de Oliveira,MG,79.29,86.42,7.13,1,0.759,0.241
2700201,Anadia,AL,53.44,45.26,-8.18,1,0.759,0.241
5107859,São Félix do Araguaia,MT,34.84,33.38,-1.46,1,0.759,0.241
2200301,Alto Longá,PI,90.92,82.41,-8.51,0,0.759,0.241
2932903,Valença,BA,31.04,31.89,0.85,1,0.759,0.241
3301157,Cardoso Moreira,RJ,31.94,34.97,3.03,1,0.76,0.24
4205456,Forquilhinha,SC,58.33,63.24,4.91,1,0.76,0.24
4212700,Petrolândia,SC,62.16,66.84,4.68,1,0.761,0.239
3139201,Malacacheta,MG,68.29,75.44,7.15,0,0.761,0.239
4206207,Gravatal,SC,54.05,66.2,12.15,0,0.761,0.239
2203255,Curralinhos,PI,32.63,27.56,-5.07,1,0.761,0.239
2922755,Nova Ibiá,BA,50.34,48.98,-1.36,0,0.762,0.238
4206900,Ibirama,SC,67.48,71.81,4.33,1,0.762,0.238
4214102,Presidente Nereu,SC,51.67,58.33,6.66,1,0.762,0.238
4128633,Doutor Ulysses,PR,76.32,69.45,-6.87,1,0.762,0.238
4219358,Vitor Meireles,SC,44.55,76.12,31.57,1,0.762,0.238
4204459,Coronel Martins,SC,73.68,90.43,16.75,1,0.762,0.238
2913903,Ipiaú,BA,33.64,25.15,-8.49,1,0.762,0.238
2604502,Chã Grande,PE,55.33,58.51,3.18,0,0.762,0.238
4103040,Boa Ventura de São Roque,PR,74.78,60.49,-14.29,1,0.762,0.238
4213005,Pinheiro Preto,SC,59.28,79.31,20.03,1,0.762,0.238
2920452,Mansidão,BA,30.7,37.29,6.59,1,0.763,0.237
3117306,Conceição das Alagoas,MG,55.38,58.64,3.26,1,0.763,0.237
2925501,Prado,BA,36.16,32.74,-3.42,1,0.763,0.237
2907509,Catu,BA,43.47,39.39,-4.08,1,0.763,0.237
4124301,Santo Antônio do Paraíso,PR,82.31,81.17,-1.14,0,0.763,0.237
4126702,Tamboara,PR,47.6,46.83,-0.77,1,0.763,0.237
4104808,Cascavel,PR,80.11,74.34,-5.77,1,0.763,0.237
3127388,Goianá,MG,75.0,80.51,5.51,0,0.763,0.237
2927705,Santa Cruz Cabrália,BA,40.45,37.36,-3.09,1,0.763,0.237
2514552,São José de Princesa,PB,82.35,81.82,-0.53,1,0.763,0.237
2202851,Coronel José Dias,PI,61.14,61.36,0.22,1,0.763,0.237
5206602,Cumari,GO,76.19,72.73,-3.46,0,0.763,0.237
2905602,Camacan,BA,34.0,24.61,-9.39,1,0.764,0.236
4103404,Cafeara,PR,80.11,63.42,-16.69,0,0.764,0.236
2103752,Davinópolis,MA,66.75,69.82,3.07,0,0.764,0.236
2933505,Wenceslau Guimarães,BA,38.38,31.17,-7.21,0,0.764,0.236
2207405,Palmeira do Piauí,PI,70.83,72.22,1.39,1,0.764,0.236
2932101,Ubaíra,BA,47.39,38.93,-8.46,0,0.764,0.236
2903904,Bom Jesus da Lapa,BA,33.88,34.55,0.67,0,0.764,0.236
2210102,São José do Peixe,PI,76.0,75.0,-1.0,1,0.764,0.236
4214300,Rancho Queimado,SC,74.5,80.8,6.3,1,0.764,0.236
2300150,Acarape,CE,78.14,81.21,3.07,0,0.764,0.236
3205200,Vila Velha,ES,68.08,67.75,-0.33,1,0.765,0.235
3506201,Bento de Abreu,SP,,84.11,,0,0.765,0.235
5201108,Anápolis,GO,72.06,73.22,1.16,1,0.765,0.235
3509007,Caieiras,SP,44.74,52.16,7.42,1,0.765,0.235
4110078,Imbaú,PR,71.92,70.26,-1.66,1,0.765,0.235
4206108,Grão-Pará,SC,64.41,70.75,6.34,0,0.765,0.235
4212254,Passo de Torres,SC,56.11,59.86,3.75,1,0.765,0.235
2414308,Timbaúba dos Batistas,RN,20.83,40.0,19.17,0,0.765,0.235
5104807,Jaciara,MT,53.41,55.26,1.85,1,0.766,0.234
2920106,Mairi,BA,40.81,23.42,-17.39,1,0.766,0.234
2921708,Morro do Chapéu,BA,36.21,28.31,-7.9,0,0.766,0.234
2210979,Tanque do Piauí,PI,58.33,50.0,-8.33,1,0.766,0.234
4219200,Vidal Ramos,SC,73.28,83.76,10.48,1,0.766,0.234
4215059,Rio Rufino,SC,65.74,76.32,10.58,0,0.766,0.234
2927002,Rio Real,BA,40.97,33.21,-7.76,1,0.766,0.234
2104099,Formosa da Serra Negra,MA,85.6,84.29,-1.31,1,0.766,0.234
1716109,Paraíso do Tocantins,TO,60.56,63.45,2.89,1,0.766,0.234
2932705,Uruçuca,BA,30.01,26.42,-3.59,0,0.766,0.234
5107008,Poxoréu,MT,45.19,46.27,1.08,1,0.766,0.234
2933208,Vera Cruz,BA,39.14,38.27,-0.87,1,0.766,0.234
2925006,Planalto,BA,40.09,24.31,-15.78,1,0.766,0.234
2903409,Belmonte,BA,35.8,33.93,-1.87,0,0.766,0.234
2908200,Conceição da Feira,BA,31.68,27.46,-4.22,1,0.766,0.234
2930204,Sento Sé,BA,26.41,24.24,-2.17,1,0.767,0.233
2704401,Major Isidoro,AL,40.07,37.84,-2.23,1,0.767,0.233
4211801,Ouro,SC,72.58,82.18,9.6,1,0.767,0.233
2206654,Morro Cabeça no Tempo,PI,23.7,19.39,-4.31,1,0.767,0.233
1708254,Tabocão,TO,48.93,51.71,2.78,1,0.767,0.233
2706505,Passo de Camaragibe,AL,42.03,32.59,-9.44,1,0.767,0.233
2203800,Flores do Piauí,PI,46.83,43.3,-3.53,1,0.767,0.233
4217956,Tigrinhos,SC,79.06,91.64,12.58,1,0.767,0.233
2611101,Petrolina,PE,66.17,70.25,4.08,1,0.767,0.233
2927200,Ruy Barbosa,BA,38.25,27.94,-10.31,1,0.768,0.232
4218103,Timbé do Sul,SC,71.29,80.2,8.91,1,0.768,0.232
2923803,Paripiranga,BA,51.85,39.8,-12.05,0,0.768,0.232
4211850,Ouro Verde,SC,44.56,66.67,22.11,1,0.768,0.232
2913200,Ibotirama,BA,42.38,32.87,-9.51,1,0.768,0.232
2804003,Maruim,SE,21.39,31.19,9.8,0,0.768,0.232
2500536,Alcantil,PB,42.62,45.86,3.24,1,0.768,0.232
5107776,Santa Terezinha,MT,41.22,40.74,-0.48,1,0.768,0.232
4214508,Rio do Campo,SC,70.75,80.05,9.3,1,0.768,0.232
2914901,Itacaré,BA,32.32,31.19,-1.13,1,0.769,0.231
2105989,Lajeado Novo,MA,60.63,65.92,5.29,0,0.769,0.231
2929305,São Gonçalo dos Campos,BA,36.4,24.63,-11.77,1,0.769,0.231
2901353,Andorinha,BA,32.96,28.44,-4.52,0,0.769,0.231
1200203,Cruzeiro do Sul,AC,,51.43,,1,0.769,0.231
3539608,Planalto,SP,,83.68,,1,0.77,0.23
2110500,São Bento,MA,93.75,79.26,-14.49,1,0.77,0.23
4205431,Formosa do Sul,SC,65.4,76.76,11.36,1,0.77,0.23
4206702,Herval d'Oeste,SC,53.72,62.72,9.0,0,0.77,0.23
5200308,Alexânia,GO,76.28,75.79,-0.49,1,0.77,0.23
3512704,Corumbataí,SP,,84.16,,1,0.77,0.23
2409100,Passa e Fica,RN,19.72,42.72,23.0,0,0.77,0.23
3140555,Mata Verde,MG,62.81,67.41,4.6,1,0.77,0.23
2908408,Conceição do Coité,BA,28.58,30.94,2.36,1,0.771,0.229
2906006,Campo Formoso,BA,36.78,39.03,2.25,1,0.771,0.229
5208400,Goianápolis,GO,74.4,68.02,-6.38,1,0.771,0.229
4200804,Anchieta,SC,77.78,82.02,4.24,1,0.771,0.229
4215000,Rio Negrinho,SC,61.53,67.56,6.03,1,0.771,0.229
2605103,Custódia,PE,82.05,84.57,2.52,1,0.771,0.229
2928109,Santa Maria da Vitória,BA,32.33,26.29,-6.04,1,0.771,0.229
3555000,Tupã,SP,50.19,55.04,4.85,1,0.771,0.229
3302304,Laje do Muriaé,RJ,45.19,48.41,3.22,1,0.771,0.229
2917201,Ituaçu,BA,57.52,43.98,-13.54,1,0.772,0.228
4210605,Massaranduba,SC,72.49,76.77,4.28,1,0.772,0.228
2926301,Riachão do Jacuípe,BA,38.41,38.37,-0.04,1,0.772,0.228
2926905,Rio do Pires,BA,36.5,15.62,-20.88,1,0.773,0.227
2800100,Amparo do São Francisco,SE,41.18,50.0,8.82,1,0.773,0.227
2901601,Antas,BA,44.12,23.17,-20.95,1,0.773,0.227
2404705,Ipanguaçu,RN,18.04,40.91,22.87,1,0.773,0.227
2616183,Vertente do Lério,PE,83.71,82.94,-0.77,1,0.773,0.227
2922250,Muquém do São Francisco,BA,30.98,22.03,-8.95,1,0.774,0.226
2903508,Belo Campo,BA,47.6,33.06,-14.54,1,0.774,0.226
2913507,Iguaí,BA,49.55,31.48,-18.07,1,0.774,0.226
2902401,Aurelino Leal,BA,42.65,33.61,-9.04,0,0.774,0.226
2928406,Santa Rita de Cássia,BA,46.95,32.05,-14.9,1,0.774,0.226
3306156,Varre-Sai,RJ,92.37,82.96,-9.41,1,0.774,0.226
5207808,Firminópolis,GO,76.84,70.8,-6.04,1,0.774,0.226
2915502,Itajuípe,BA,34.37,34.09,-0.28,1,0.774,0.226
5201207,Anhanguera,GO,80.0,81.25,1.25,1,0.774,0.226
2911808,Guaratinga,BA,22.69,22.64,-0.05,1,0.774,0.226
3144201,Nacip Raydan,MG,58.67,62.86,4.19,1,0.774,0.226
2914653,Itabela,BA,31.1,24.92,-6.18,1,0.774,0.226
4117602,Palmas,PR,55.66,54.27,-1.39,1,0.774,0.226
2915304,Itagimirim,BA,32.81,25.0,-7.81,1,0.774,0.226
5203906,Buriti Alegre,GO,69.02,64.95,-4.07,1,0.774,0.226
3123700,Engenheiro Caldas,MG,58.22,63.03,4.81,1,0.774,0.226
2932804,Utinga,BA,33.84,33.04,-0.8,1,0.775,0.225
5203401,Bom Jardim de Goiás,GO,79.14,73.26,-5.88,1,0.775,0.225
4204004,Catanduvas,SC,68.3,72.43,4.13,1,0.775,0.225
2910206,Dom Macedo Costa,BA,85.87,52.38,-33.49,1,0.775,0.225
2704807,Maribondo,AL,46.59,41.5,-5.09,1,0.775,0.225
2933174,Varzedo,BA,44.14,40.0,-4.14,1,0.775,0.225
2207306,Paes Landim,PI,51.76,45.31,-6.45,0,0.775,0.225
5107354,São José do Xingu,MT,51.3,35.26,-16.04,1,0.775,0.225
2902500,Baianópolis,BA,39.85,35.92,-3.93,1,0.775,0.225
2929008,São Félix,BA,32.07,31.33,-0.74,0,0.775,0.225
2402600,Ceará-Mirim,RN,22.16,34.66,12.5,0,0.775,0.225
4210308,Major Vieira,SC,69.07,74.01,4.94,1,0.775,0.225
4213351,Ponte Alta do Norte,SC,64.09,70.19,6.1,0,0.776,0.224
2915106,Itagi,BA,37.75,23.53,-14.22,1,0.776,0.224
3543238,Ribeirão dos Índios,SP,,91.67,,0,0.776,0.224
2929107,São Felipe,BA,45.9,41.13,-4.77,0,0.776,0.224
2208874,Ribeira do Piauí,PI,57.75,54.84,-2.91,1,0.776,0.224
2707404,Porto de Pedras,AL,30.12,27.47,-2.65,1,0.777,0.223
3163201,São José do Alegre,MG,77.36,86.26,8.9,1,0.777,0.223
4210035,Luzerna,SC,72.91,79.74,6.83,1,0.778,0.222
4215802,São Bento do Sul,SC,72.63,79.21,6.58,1,0.778,0.222
3145307,Novo Cruzeiro,MG,71.1,77.88,6.78,0,0.778,0.222
2409209,Passagem,RN,47.42,50.69,3.27,0,0.778,0.222
3110509,Camanducaia,MG,54.64,58.56,3.92,1,0.778,0.222
4218202,Timbó,SC,64.84,74.84,10.0,0,0.778,0.222
2931400,Teodoro Sampaio,BA,41.03,30.56,-10.47,0,0.778,0.222
5108352,Vale de São Domingos,MT,48.81,23.86,-24.95,1,0.778,0.222
2705002,Mata Grande,AL,40.11,42.45,2.34,1,0.778,0.222
2704203,Limoeiro de Anadia,AL,43.45,44.61,1.16,1,0.778,0.222
2911402,Glória,BA,35.91,23.53,-12.38,1,0.778,0.222
3301405,Conceição de Macabu,RJ,49.73,56.17,6.44,1,0.778,0.222
2901403,Angical,BA,38.05,28.44,-9.61,1,0.778,0.222
2921906,Mucugê,BA,41.65,38.82,-2.83,1,0.778,0.222
4204194,Chapadão do Lageado,SC,52.44,65.91,13.47,0,0.779,0.221
2909307,Correntina,BA,36.71,26.64,-10.07,1,0.779,0.221
2205516,Juazeiro do Piauí,PI,68.69,71.43,2.74,1,0.779,0.221
4202206,Benedito Novo,SC,59.8,70.47,10.67,0,0.78,0.22
3509809,Campos Novos Paulista,SP,,86.59,,1,0.78,0.22
3166204,Senhora dos Remédios,MG,97.12,80.52,-16.6,1,0.78,0.22
2600104,Afogados da Ingazeira,PE,66.59,70.19,3.6,1,0.78,0.22
2700508,Barra de Santo Antônio,AL,30.57,32.98,2.41,1,0.78,0.22
3300407,Barra Mansa,RJ,59.19,63.88,4.69,1,0.78,0.22
3140308,Marliéria,MG,61.76,70.98,9.22,0,0.78,0.22
2200277,Alegrete do Piauí,PI,53.89,55.26,1.37,1,0.78,0.22
4217402,Schroeder,SC,60.56,73.98,13.42,1,0.78,0.22
4215109,Rodeio,SC,58.79,67.61,8.82,1,0.78,0.22
3305802,Teresópolis,RJ,59.73,64.17,4.44,1,0.78,0.22
4205001,Dionísio Cerqueira,SC,59.86,69.14,9.28,1,0.78,0.22
2207959,Nova Santa Rita,PI,48.03,49.11,1.08,1,0.78,0.22
2800605,Barra dos Coqueiros,SE,24.92,28.1,3.18,1,0.781,0.219
4207403,Imbuia,SC,64.78,79.52,14.74,1,0.781,0.219
3134608,Jaboticatubas,MG,69.36,75.36,6.0,1,0.781,0.219
4120655,Quarto Centenário,PR,79.88,61.75,-18.13,1,0.781,0.219
2708402,São José da Tapera,AL,49.03,50.43,1.4,1,0.781,0.219
5207402,Edéia,GO,82.36,72.29,-10.07,1,0.781,0.219
3529104,Marinópolis,SP,,100.0,,0,0.781,0.219
2904407,Brejolândia,BA,41.09,40.43,-0.66,1,0.782,0.218
2411205,Santa Cruz,RN,21.32,34.65,13.33,1,0.782,0.218
3171105,Veríssimo,MG,97.76,77.09,-20.67,1,0.782,0.218
4213153,Planalto Alegre,SC,79.57,90.38,10.81,1,0.782,0.218
2108058,Paulino Neves,MA,64.86,68.89,4.03,1,0.782,0.218
3165560,Sem-Peixe,MG,76.47,84.62,8.15,1,0.782,0.218
4211256,Morro Grande,SC,62.17,73.57,11.4,1,0.782,0.218
2613305,São Joaquim do Monte,PE,68.5,72.13,3.63,1,0.782,0.218
3161650,São Geraldo do Baixio,MG,71.16,76.32,5.16,0,0.782,0.218
2902252,Arataca,BA,16.86,13.11,-3.75,0,0.782,0.218
4210852,Mirim Doce,SC,39.19,74.06,34.87,1,0.782,0.218
1503309,Igarapé-Miri,PA,36.72,41.34,4.62,0,0.782,0.218
3129400,Ibertioga,MG,89.43,87.87,-1.56,0,0.782,0.218
5212303,Leopoldo de Bulhões,GO,77.67,75.41,-2.26,1,0.783,0.217
4218905,Urubici,SC,60.18,76.9,16.72,1,0.783,0.217
2904050,Bonito,BA,40.18,34.0,-6.18,1,0.783,0.217
3105400,Barão de Cocais,MG,58.76,62.71,3.95,1,0.783,0.217
3167301,Silveirânia,MG,91.67,86.36,-5.31,1,0.783,0.217
4207908,Irineópolis,SC,71.82,79.25,7.43,1,0.783,0.217
3145406,Olaria,MG,,89.13,,1,0.783,0.217
5104526,Ipiranga do Norte,MT,61.83,59.46,-2.37,1,0.783,0.217
2200806,Antônio Almeida,PI,95.63,73.81,-21.82,1,0.783,0.217
5107297,São José do Povo,MT,80.66,74.75,-5.91,1,0.783,0.217
4216107,São Domingos,SC,71.49,78.82,7.33,1,0.783,0.217
2930154,Serra do Ramalho,BA,36.17,26.65,-9.52,1,0.783,0.217
2807006,São Miguel do Aleixo,SE,38.64,46.34,7.7,0,0.783,0.217
4216701,São José do Cedro,SC,76.42,82.26,5.84,1,0.783,0.217
2615300,Timbaúba,PE,74.11,77.57,3.46,1,0.783,0.217
4207502,Indaial,SC,57.47,66.7,9.23,1,0.784,0.216
5200100,Abadiânia,GO,78.96,79.39,0.43,1,0.784,0.216
4204350,Cordilheira Alta,SC,54.76,65.36,10.6,0,0.784,0.216
1503507,Irituia,PA,45.28,49.64,4.36,0,0.785,0.215
2905404,Cairu,BA,36.91,32.87,-4.04,1,0.785,0.215
4201257,Apiúna,SC,62.19,70.88,8.69,0,0.785,0.215
2701803,Carneiros,AL,43.52,38.85,-4.67,1,0.785,0.215
2916104,Itaparica,BA,38.25,28.57,-9.68,1,0.785,0.215
2203008,Cristalândia do Piauí,PI,79.93,79.55,-0.38,0,0.785,0.215
4216354,São João do Itaperiú,SC,55.09,64.01,8.92,1,0.785,0.215
1500909,Augusto Corrêa,PA,38.56,43.99,5.43,0,0.785,0.215
2415008,Vila Flor,RN,19.38,39.06,19.68,0,0.786,0.214
2923902,Pau Brasil,BA,37.53,32.84,-4.69,0,0.786,0.214
3201605,Conceição da Barra,ES,74.32,67.91,-6.41,1,0.786,0.214
4109104,Guaporema,PR,84.38,66.67,-17.71,1,0.786,0.214
3159506,Santa Rita do Itueto,MG,83.38,87.19,3.81,0,0.786,0.214
2908606,Conde,BA,40.59,28.14,-12.45,1,0.786,0.214
3165206,São Tomé das Letras,MG,87.42,89.73,2.31,0,0.786,0.214
3151107,Pirapetinga,MG,62.67,66.15,3.48,1,0.787,0.213
2705309,Minador do Negrão,AL,30.02,27.99,-2.03,1,0.787,0.213
5107107,São José dos Quatro Marcos,MT,90.1,68.7,-21.4,1,0.787,0.213
2408003,Mossoró,RN,36.31,43.7,7.39,1,0.787,0.213
3204807,São José do Calçado,ES,74.52,62.35,-12.17,1,0.787,0.213
3157005,Salinas,MG,71.98,77.17,5.19,1,0.787,0.213
2700102,Água Branca,AL,47.14,48.8,1.66,1,0.787,0.213
2610608,Paudalho,PE,62.99,66.03,3.04,1,0.787,0.213
2927804,Santa Cruz da Vitória,BA,45.13,37.04,-8.09,1,0.788,0.212
4124103,Santo Antônio da Platina,PR,60.4,55.04,-5.36,1,0.788,0.212
5204557,Caldazinha,GO,72.02,60.87,-11.15,1,0.788,0.212
4107751,Figueira,PR,82.1,77.82,-4.28,1,0.788,0.212
5219357,Santa Isabel,GO,79.49,77.97,-1.52,1,0.788,0.212
2906303,Canavieiras,BA,28.98,28.68,-0.3,1,0.788,0.212
5206206,Cristalina,GO,67.92,69.1,1.18,1,0.788,0.212
2919504,Livramento de Nossa Senhora,BA,38.43,38.06,-0.37,1,0.788,0.212
4212106,Palmitos,SC,60.16,64.28,4.12,1,0.788,0.212
4214706,Rio dos Cedros,SC,60.74,68.59,7.85,1,0.789,0.211
3205002,Serra,ES,60.42,60.51,0.09,1,0.789,0.211
3203007,Iúna,ES,71.91,70.08,-1.83,1,0.789,0.211
1505106,Óbidos,PA,48.83,53.98,5.15,1,0.789,0.211
2900603,Aiquara,BA,29.26,26.32,-2.94,1,0.789,0.211
4213203,Pomerode,SC,63.17,70.85,7.68,1,0.79,0.21
2705408,Monteirópolis,AL,35.28,31.11,-4.17,1,0.79,0.21
2900900,Almadina,BA,31.19,23.91,-7.28,1,0.79,0.21
1506708,Santana do Araguaia,PA,54.53,58.51,3.98,1,0.79,0.21
4210902,Modelo,SC,81.55,94.86,13.31,1,0.79,0.21
3520301,Iguape,SP,58.77,62.11,3.34,1,0.79,0.21
3521903,Itajobi,SP,,82.74,,1,0.791,0.209
2707107,Piranhas,AL,24.74,25.08,0.34,1,0.791,0.209
3120607,Crucilândia,MG,81.48,90.23,8.75,1,0.791,0.209
5221809,Urutaí,GO,78.1,66.86,-11.24,1,0.791,0.209
1501956,Cachoeira do Piriá,PA,47.73,52.04,4.31,1,0.791,0.209
2302206,Beberibe,CE,78.11,81.6,3.49,1,0.791,0.209
1504604,Mocajuba,PA,31.97,37.29,5.32,1,0.791,0.209
4202875,Brunópolis,SC,43.27,74.41,31.14,1,0.791,0.209
4219606,Xavantina,SC,71.58,80.95,9.37,1,0.791,0.209
3130606,Inconfidentes,MG,81.42,86.18,4.76,1,0.791,0.209
3152204,Porteirinha,MG,65.15,71.77,6.62,1,0.791,0.209
5102850,Castanheira,MT,63.1,64.87,1.77,1,0.792,0.208
2701407,Campo Alegre,AL,65.49,67.45,1.96,1,0.792,0.208
1502855,Curuá,PA,37.54,42.47,4.93,1,0.793,0.207
5217203,Piranhas,GO,78.1,68.65,-9.45,1,0.793,0.207
4211603,Nova Veneza,SC,63.57,73.25,9.68,1,0.793,0.207
5107305,São José do Rio Claro,MT,73.17,60.28,-12.89,1,0.793,0.207
2702553,Estrela de Alagoas,AL,34.55,36.15,1.6,1,0.793,0.207
4209003,Joaçaba,SC,61.3,72.15,10.85,1,0.793,0.207
5106752,Pontes e Lacerda,MT,65.94,66.49,0.55,1,0.794,0.206
2403509,Espírito Santo,RN,18.07,47.13,29.06,0,0.794,0.206
4205506,Fraiburgo,SC,66.63,77.47,10.84,1,0.794,0.206
3135357,Japonvar,MG,63.69,71.16,7.47,1,0.794,0.206
3168507,Teixeiras,MG,64.73,71.12,6.39,0,0.795,0.205
3140407,Marmelópolis,MG,76.82,84.57,7.75,1,0.795,0.205
5007901,Sidrolândia,MS,36.19,39.84,3.65,0,0.795,0.205
4215356,Saltinho,SC,95.13,75.29,-19.84,1,0.795,0.205
1100049,Cacoal,RO,63.37,66.07,2.7,1,0.795,0.205
2110005,Santa Luzia,MA,54.43,58.7,4.27,1,0.795,0.205
3203403,Mimoso do Sul,ES,68.04,65.32,-2.72,1,0.795,0.205
4113452,Lindoeste,PR,86.49,72.9,-13.59,1,0.796,0.204
4208005,Itá,SC,64.44,72.01,7.57,1,0.796,0.204
3143807,Munhoz,MG,77.93,82.36,4.43,1,0.796,0.204
3305133,São José de Ubá,RJ,75.12,80.39,5.27,1,0.796,0.204
5100607,Alto Taquari,MT,72.32,70.01,-2.31,1,0.796,0.204
2701704,Capela,AL,41.23,42.53,1.3,1,0.796,0.204
3135803,Jequitinhonha,MG,54.11,61.47,7.36,1,0.796,0.204
4207700,Ipumirim,SC,53.96,62.84,8.88,1,0.796,0.204
4218806,Turvo,SC,65.19,72.95,7.76,1,0.796,0.204
4200408,Água Doce,SC,64.75,72.41,7.66,1,0.797,0.203
2913408,Igaporã,BA,57.17,42.57,-14.6,0,0.797,0.203
4219176,Vargem Bonita,SC,64.13,71.51,7.38,1,0.797,0.203
3155009,Rio Doce,MG,87.87,90.43,2.56,1,0.797,0.203
2103000,Caxias,MA,43.75,55.15,11.4,1,0.797,0.203
4208708,Jacinto Machado,SC,55.07,67.22,12.15,1,0.798,0.202
5007554,Santa Rita do Pardo,MS,48.28,51.3,3.02,1,0.798,0.202
5220686,Simolândia,GO,86.31,77.79,-8.52,1,0.798,0.202
2805505,Poço Verde,SE,32.89,40.54,7.65,1,0.798,0.202
2800670,Boquim,SE,26.09,34.91,8.82,1,0.798,0.202
4211751,Otacílio Costa,SC,53.18,66.44,13.26,0,0.798,0.202
2413201,Senador Georgino Avelino,RN,23.89,27.46,3.57,1,0.798,0.202
3205101,Viana,ES,70.14,68.8,-1.34,1,0.798,0.202
2107407,Olho d'Água das Cunhãs,MA,53.93,58.91,4.98,1,0.798,0.202
2401008,Apodi,RN,37.32,45.18,7.86,1,0.799,0.201
5103601,Dom Aquino,MT,88.28,71.45,-16.83,1,0.799,0.201
5215009,Nova Veneza,GO,86.43,76.22,-10.21,1,0.799,0.201
2601904,Bezerros,PE,51.47,56.84,5.37,1,0.799,0.201
4205308,Faxinal dos Guedes,SC,52.68,66.52,13.84,0,0.799,0.201
4205191,Ermo,SC,8.81,69.96,61.15,1,0.799,0.201
2403103,Currais Novos,RN,38.87,46.22,7.35,1,0.799,0.201
3300258,Arraial do Cabo,RJ,50.49,58.05,7.56,1,0.799,0.201
4205803,Garuva,SC,54.71,66.73,12.02,1,0.799,0.201
5215231,Novo Gama,GO,52.29,57.35,5.06,1,0.8,0.2
4103602,Cambará,PR,62.53,58.04,-4.49,1,0.8,0.2
3527108,Lins,SP,65.12,81.06,15.94,0,0.8,0.2
1716505,Pedro Afonso,TO,53.06,56.7,3.64,1,0.8,0.2
2703809,Joaquim Gomes,AL,30.41,27.68,-2.73,1,0.8,0.2
3204302,Presidente Kennedy,ES,68.35,69.85,1.5,1,0.801,0.199
3204906,São Mateus,ES,68.39,70.65,2.26,1,0.801,0.199
2910727,Eunápolis,BA,34.62,38.37,3.75,0,0.801,0.199
2200053,Acauã,PI,81.71,81.89,0.18,1,0.801,0.199
2111722,Satubinha,MA,100.0,79.32,-20.68,1,0.801,0.199
3305158,São José do Vale do Rio Preto,RJ,71.41,76.78,5.37,1,0.802,0.198
3302106,Itaocara,RJ,65.31,70.09,4.78,1,0.802,0.198
2306009,Iracema,CE,98.61,84.18,-14.43,1,0.802,0.198
3113909,Carmo da Cachoeira,MG,74.34,78.88,4.54,0,0.802,0.198
2705804,Olho d'Água do Casado,AL,34.23,36.22,1.99,1,0.802,0.198
2515302,Sapé,PB,33.89,39.0,5.11,1,0.802,0.198
3136702,Juiz de Fora,MG,48.29,54.86,6.57,1,0.802,0.198
4202156,Belmonte,SC,72.9,80.41,7.51,1,0.803,0.197
4202099,Barra Bonita,SC,50.0,66.67,16.67,1,0.803,0.197
3547007,Santa Maria da Serra,SP,,86.98,,1,0.803,0.197
5206909,Davinópolis,GO,87.08,83.12,-3.96,1,0.803,0.197
5216452,Perolândia,GO,77.62,77.78,0.16,1,0.803,0.197
3122801,Dom Viçoso,MG,94.28,84.85,-9.43,1,0.803,0.197
5203203,Barro Alto,GO,80.55,77.88,-2.67,1,0.803,0.197
3302700,Maricá,RJ,56.64,59.97,3.33,1,0.803,0.197
5204805,Campo Alegre de Goiás,GO,79.9,77.6,-2.3,1,0.803,0.197
4215687,Santa Terezinha do Progresso,SC,54.12,95.83,41.71,1,0.803,0.197
2913705,Inhambupe,BA,29.49,30.13,0.64,0,0.803,0.197
2400505,Alexandria,RN,17.76,58.98,41.22,1,0.803,0.197
2205805,Luzilândia,PI,51.73,54.9,3.17,1,0.804,0.196
2201507,Batalha,PI,43.66,46.97,3.31,1,0.804,0.196
4204400,Coronel Freitas,SC,74.28,86.74,12.46,0,0.805,0.195
2406205,Lagoa d'Anta,RN,24.79,29.12,4.33,1,0.805,0.195
2204600,Hugo Napoleão,PI,82.43,81.47,-0.96,1,0.805,0.195
2201101,Avelino Lopes,PI,40.98,44.97,3.99,1,0.805,0.195
4200556,Águas Frias,SC,42.78,88.24,45.46,1,0.805,0.195
4117404,Ourizona,PR,88.82,57.5,-31.32,1,0.805,0.195
2706604,Paulo Jacinto,AL,37.1,38.46,1.36,1,0.805,0.195
5107578,Rondolândia,MT,52.41,51.28,-1.13,1,0.806,0.194
4201273,Arabutã,SC,79.39,96.31,16.92,1,0.806,0.194
3136108,Joanésia,MG,95.06,85.58,-9.48,1,0.806,0.194
4213906,Presidente Castello Branco,SC,47.06,61.9,14.84,1,0.806,0.194
4126108,São Tomé,PR,88.97,69.88,-19.09,1,0.806,0.194
5108907,Nova Maringá,MT,61.75,62.38,0.63,1,0.806,0.194
2404200,Goianinha,RN,22.54,35.33,12.79,1,0.806,0.194
3141801,Minas Novas,MG,70.15,78.82,8.67,1,0.807,0.193
2902708,Barra,BA,26.84,28.48,1.64,1,0.807,0.193
2609808,Orocó,PE,45.91,50.86,4.95,1,0.807,0.193
3112059,Cantagalo,MG,60.18,65.99,5.81,0,0.807,0.193
5210562,Itaguari,GO,85.79,77.71,-8.08,1,0.807,0.193
2308401,Missão Velha,CE,74.75,82.37,7.62,0,0.807,0.193
2207702,Parnaíba,PI,31.0,38.42,7.42,1,0.808,0.192
3125903,Ferros,MG,86.46,88.1,1.64,1,0.808,0.192
1503200,Igarapé-Açu,PA,37.45,45.59,8.14,0,0.808,0.192
5215652,Palestina de Goiás,GO,79.55,74.42,-5.13,1,0.808,0.192
3555901,Uru,SP,,100.0,,1,0.808,0.192
1508209,Vigia,PA,29.77,37.71,7.94,1,0.808,0.192
2400703,Alto do Rodrigues,RN,48.41,52.52,4.11,1,0.808,0.192
3556958,Vitória Brasil,SP,,100.0,,1,0.808,0.192
2702108,Colônia Leopoldina,AL,84.66,73.25,-11.41,1,0.808,0.192
1101468,Pimenteiras do Oeste,RO,54.77,57.63,2.86,1,0.808,0.192
3205036,Vargem Alta,ES,70.93,72.05,1.12,1,0.808,0.192
1500701,Anajás,PA,26.81,33.83,7.02,0,0.808,0.192
1501105,Bagre,PA,46.7,53.31,6.61,1,0.808,0.192
2513901,São Bento,PB,42.46,46.87,4.41,1,0.808,0.192
1700350,Aliança do Tocantins,TO,95.52,76.09,-19.43,1,0.809,0.191
3201100,Bom Jesus do Norte,ES,67.14,67.33,0.19,1,0.809,0.191
2311900,Saboeiro,CE,75.38,81.55,6.17,1,0.809,0.191
2201945,Boqueirão do Piauí,PI,96.48,77.1,-19.38,1,0.809,0.191
2918100,Jeremoabo,BA,27.04,29.53,2.49,1,0.809,0.191
5101407,Aripuanã,MT,60.16,61.83,1.67,1,0.809,0.191
3546504,Santa Ernestina,SP,,92.26,,1,0.809,0.191
1600535,Porto Grande,AP,64.87,68.7,3.83,1,0.809,0.191
5104542,Itanhangá,MT,89.0,77.99,-11.01,1,0.809,0.191
2905800,Camamu,BA,25.96,28.39,2.43,1,0.809,0.191
2205151,Jacobina do Piauí,PI,88.51,84.31,-4.2,1,0.81,0.19
3136900,Juruaia,MG,78.5,82.69,4.19,1,0.81,0.19
2933109,Várzea do Poço,BA,44.82,43.64,-1.18,0,0.81,0.19
2512309,Princesa Isabel,PB,96.69,86.55,-10.14,0,0.81,0.19
2933604,Xique-Xique,BA,31.02,32.25,1.23,1,0.811,0.189
2101004,Arari,MA,67.49,72.37,4.88,0,0.811,0.189
5219605,Santa Tereza de Goiás,GO,96.21,91.67,-4.54,0,0.811,0.189
3522307,Itapetininga,SP,44.24,54.05,9.81,1,0.811,0.189
1506203,Salinópolis,PA,43.26,50.44,7.18,1,0.811,0.189
1705102,Chapada da Natividade,TO,49.01,52.38,3.37,0,0.811,0.189
1500503,Almeirim,PA,30.68,38.92,8.24,1,0.811,0.189
3202207,Fundão,ES,61.33,62.28,0.95,1,0.811,0.189
2803203,Itaporanga d'Ajuda,SE,24.31,39.49,15.18,0,0.811,0.189
1500305,Afuá,PA,30.81,38.18,7.37,1,0.811,0.189
2408201,Nísia Floresta,RN,32.03,49.02,16.99,1,0.811,0.189
3107307,Bocaiúva,MG,72.96,78.27,5.31,1,0.811,0.189
5222203,Vila Boa,GO,83.76,78.69,-5.07,1,0.812,0.188
4212650,Pescaria Brava,SC,40.37,45.95,5.58,1,0.812,0.188
4117305,Ortigueira,PR,63.9,57.28,-6.62,1,0.812,0.188
2923209,Oliveira dos Brejinhos,BA,38.11,39.29,1.18,1,0.813,0.187
3160959,São Domingos das Dores,MG,90.7,93.62,2.92,1,0.813,0.187
2932200,Ubaitaba,BA,29.79,31.13,1.34,1,0.813,0.187
3108107,Bonfim,MG,69.27,85.95,16.68,0,0.813,0.187
2403756,Fernando Pedroza,RN,32.84,62.51,29.67,0,0.813,0.187
5108055,Terra Nova do Norte,MT,58.72,61.14,2.42,1,0.813,0.187
3144904,Nova Módica,MG,83.33,89.37,6.04,1,0.813,0.187
3110202,Cajuri,MG,64.21,69.57,5.36,0,0.813,0.187
2909000,Cordeiros,BA,69.32,52.46,-16.86,1,0.814,0.186
1506351,Santa Bárbara do Pará,PA,37.63,46.35,8.72,1,0.814,0.186
2111029,São João do Carú,MA,65.17,70.68,5.51,1,0.814,0.186
2932457,Umburanas,BA,21.31,22.95,1.64,1,0.814,0.186
1505403,Ourém,PA,47.93,53.67,5.74,0,0.814,0.186
2702009,Coité do Nóia,AL,74.97,77.24,2.27,1,0.814,0.186
5211602,Ivolândia,GO,80.84,73.91,-6.93,1,0.815,0.185
5106315,Novo Santo Antônio,MT,71.23,58.27,-12.96,1,0.815,0.185
1507961,Terra Alta,PA,41.96,49.88,7.92,0,0.815,0.185
2500106,Água Branca,PB,47.63,52.67,5.04,1,0.815,0.185
3503307,Araras,SP,60.24,65.16,4.92,0,0.815,0.185
5108808,Nova Guarita,MT,68.02,67.3,-0.72,1,0.815,0.185
1600204,Calçoene,AP,35.34,40.24,4.9,0,0.815,0.185
3204401,Rio Novo do Sul,ES,78.04,77.38,-0.66,1,0.815,0.185
3521606,Irapuru,SP,,96.0,,1,0.815,0.185
2926806,Rio do Antônio,BA,62.54,43.82,-18.72,1,0.815,0.185
3112000,Candeias,MG,88.88,90.37,1.49,1,0.816,0.184
4217550,Serra Alta,SC,92.21,97.43,5.22,1,0.816,0.184
5107768,Santa Rita do Trivelato,MT,64.77,62.63,-2.14,1,0.816,0.184
2806206,Salgado,SE,33.77,44.89,11.12,1,0.816,0.184
2313708,Umari,CE,87.59,88.49,0.9,1,0.816,0.184
2931053,Tanque Novo,BA,63.45,61.8,-1.65,1,0.816,0.184
2902906,Barra do Choça,BA,36.09,30.6,-5.49,1,0.816,0.184
2209450,Santo Antônio dos Milagres,PI,96.15,78.26,-17.89,1,0.816,0.184
2106201,Luís Domingues,MA,76.93,84.97,8.04,0,0.816,0.184
2211407,Várzea Grande,PI,93.66,76.19,-17.47,1,0.816,0.184
2921104,Medeiros Neto,BA,51.46,46.9,-4.56,1,0.816,0.184
3114501,Carmópolis de Minas,MG,76.93,81.68,4.75,1,0.817,0.183
3507407,Borborema,SP,82.47,85.16,2.69,1,0.817,0.183
2904209,Botuporã,BA,62.08,47.37,-14.71,1,0.817,0.183
3202603,Iconha,ES,76.34,75.87,-0.47,1,0.818,0.182
3203353,Marilândia,ES,78.51,78.31,-0.2,1,0.818,0.182
2504009,Campina Grande,PB,42.8,48.79,5.99,1,0.818,0.182
2408904,Parelhas,RN,57.67,63.68,6.01,1,0.818,0.182
2918803,Laje,BA,46.61,45.45,-1.16,1,0.818,0.182
2110039,Santa Luzia do Paruá,MA,93.66,85.76,-7.9,1,0.818,0.182
2910404,Encruzilhada,BA,41.87,37.25,-4.62,1,0.818,0.182
1504976,Nova Ipixuna,PA,44.35,52.55,8.2,1,0.818,0.182
2111300,São Luís,MA,47.83,56.74,8.91,1,0.818,0.182
1505437,Ourilândia do Norte,PA,48.68,53.11,4.43,1,0.818,0.182
2203420,Domingos Mourão,PI,91.43,82.22,-9.21,1,0.818,0.182
2922656,Nordestina,BA,31.25,26.14,-5.11,1,0.818,0.182
2507507,João Pessoa,PB,48.38,55.14,6.76,1,0.818,0.182
2901205,Anagé,BA,36.54,32.17,-4.37,1,0.818,0.182
1301704,Humaitá,AM,51.51,57.65,6.14,1,0.818,0.182
2919959,Maetinga,BA,60.98,47.37,-13.61,1,0.819,0.181
2928505,Santa Terezinha,BA,26.63,27.63,1.0,1,0.819,0.181
2805703,Propriá,SE,25.97,34.13,8.16,1,0.819,0.181
2919306,Lençóis,BA,36.17,37.66,1.49,1,0.819,0.181
4102802,Bela Vista do Paraíso,PR,61.05,54.88,-6.17,1,0.819,0.181
2306405,Itapipoca,CE,84.81,88.58,3.77,1,0.819,0.181
2929503,São Sebastião do Passé,BA,49.95,46.1,-3.85,1,0.819,0.181
2903102,Barra do Rocha,BA,38.14,39.62,1.48,1,0.819,0.181
2917003,Itiúba,BA,27.79,21.05,-6.74,1,0.82,0.18
2920502,Maracás,BA,52.47,43.58,-8.89,1,0.82,0.18
2906808,Cansanção,BA,29.69,23.19,-6.5,1,0.82,0.18
2107357,Nova Olinda do Maranhão,MA,57.16,62.23,5.07,1,0.82,0.18
2412302,São José do Campestre,RN,29.87,49.57,19.7,1,0.82,0.18
3555208,Turiúba,SP,,93.33,,1,0.82,0.18
2930006,Sebastião Laranjeiras,BA,59.03,42.37,-16.66,1,0.82,0.18
2704906,Mar Vermelho,AL,58.97,57.65,-1.32,1,0.82,0.18
2905909,Campo Alegre de Lourdes,BA,36.68,28.04,-8.64,1,0.82,0.18
2909901,Curaçá,BA,29.66,22.94,-6.72,1,0.82,0.18
2804409,Neópolis,SE,23.66,30.98,7.32,1,0.82,0.18
2101202,Bacabal,MA,45.66,51.38,5.72,1,0.821,0.179
2613107,São Caitano,PE,45.1,53.17,8.07,0,0.821,0.179
2921500,Monte Santo,BA,30.9,27.49,-3.41,1,0.821,0.179
2110708,São Domingos do Maranhão,MA,41.82,50.11,8.29,1,0.821,0.179
2901007,Amargosa,BA,51.07,51.0,-0.07,1,0.821,0.179
2908002,Coaraci,BA,37.24,39.13,1.89,0,0.821,0.179
2313757,Umirim,CE,67.93,82.27,14.34,1,0.821,0.179
2905008,Caculé,BA,51.82,47.96,-3.86,1,0.821,0.179
3550308,São Paulo,SP,44.96,56.1,11.14,1,0.821,0.179
1505908,Porto de Moz,PA,72.52,81.16,8.64,0,0.821,0.179
3530003,Mira Estrela,SP,,93.03,,0,0.822,0.178
2904100,Boquira,BA,39.47,32.0,-7.47,0,0.822,0.178
2906709,Cândido Sales,BA,38.1,30.86,-7.24,1,0.822,0.178
3501509,Alvinlândia,SP,,91.84,,1,0.822,0.178
3540101,Pongaí,SP,,91.45,,1,0.822,0.178
4100103,Abatiá,PR,56.08,57.74,1.66,1,0.822,0.178
3536257,Parisi,SP,,90.72,,1,0.822,0.178
2918704,Lafaiete Coutinho,BA,67.65,56.52,-11.13,0,0.822,0.178
3533700,Ocauçu,SP,,90.38,,1,0.822,0.178
2912707,Ibirapitanga,BA,31.23,22.06,-9.17,1,0.822,0.178
3543402,Ribeirão Preto,SP,44.99,55.59,10.6,1,0.822,0.178
3515301,Estrela do Norte,SP,,89.26,,1,0.822,0.178
3517109,Glicério,SP,,86.84,,1,0.822,0.178
2902054,Araçás,BA,36.67,38.26,1.59,1,0.822,0.178
2501005,Araruna,PB,35.18,40.53,5.35,1,0.822,0.178
3123528,Durandé,MG,62.74,71.43,8.69,1,0.822,0.178
3515129,Emilianópolis,SP,,88.58,,1,0.822,0.178
3157252,Santa Bárbara do Leste,MG,61.75,70.45,8.7,1,0.822,0.178
3544707,Sagres,SP,,91.33,,1,0.822,0.178
3203320,Marataízes,ES,73.28,69.4,-3.88,1,0.822,0.178
2911600,Governador Mangabeira,BA,36.92,29.08,-7.84,1,0.822,0.178
3514700,Echaporã,SP,,95.07,,1,0.823,0.177
2922409,Mutuípe,BA,58.37,48.92,-9.45,1,0.823,0.177
2924405,Pilão Arcado,BA,23.9,22.51,-1.39,1,0.823,0.177
2919801,Macaúbas,BA,43.5,31.5,-12.0,1,0.823,0.177
2925907,Quijingue,BA,38.46,34.85,-3.61,1,0.823,0.177
2902807,Barra da Estiva,BA,47.58,47.17,-0.41,1,0.823,0.177
3101631,Alfredo Vasconcelos,MG,72.01,78.08,6.07,1,0.823,0.177
3111309,Campo do Meio,MG,67.54,76.54,9.0,1,0.823,0.177
4208401,Itapiranga,SC,76.43,81.61,5.18,1,0.823,0.177
2100501,Alto Parnaíba,MA,46.76,51.99,5.23,1,0.823,0.177
2209658,São Francisco de Assis do Piauí,PI,33.64,36.86,3.22,1,0.824,0.176
2407005,Luís Gomes,RN,32.17,38.98,6.81,1,0.824,0.176
3134103,Itueta,MG,69.92,78.77,8.85,0,0.824,0.176
5100300,Alto Araguaia,MT,73.84,75.59,1.75,1,0.824,0.176
3112802,Capitólio,MG,79.21,84.65,5.44,1,0.824,0.176
2403806,Florânia,RN,33.89,39.8,5.91,1,0.824,0.176
2932002,Uauá,BA,44.93,40.28,-4.65,1,0.824,0.176
2412807,São Rafael,RN,19.8,25.47,5.67,1,0.824,0.176
3202306,Guaçuí,ES,74.04,76.71,2.67,1,0.825,0.175
3146602,Paiva,MG,80.0,92.86,12.86,0,0.825,0.175
2612109,Salgadinho,PE,93.42,92.16,-1.26,0,0.825,0.175
3204500,Santa Leopoldina,ES,83.8,74.54,-9.26,1,0.825,0.175
2921203,Miguel Calmon,BA,47.8,36.96,-10.84,1,0.825,0.175
2923407,Palmas de Monte Alto,BA,45.51,35.76,-9.75,1,0.825,0.175
2908903,Coração de Maria,BA,30.95,21.3,-9.65,1,0.825,0.175
3543303,Ribeirão Pires,SP,61.43,67.0,5.57,1,0.825,0.175
2208700,Redenção do Gurguéia,PI,99.0,80.52,-18.48,1,0.825,0.175
2900355,Adustina,BA,44.68,42.45,-2.23,1,0.825,0.175
2900207,Abaré,BA,28.28,18.24,-10.04,1,0.825,0.175
3114204,Carmo do Cajuru,MG,67.21,72.37,5.16,1,0.825,0.175
3129103,Gurinhatã,MG,76.93,86.09,9.16,0,0.826,0.174
5208707,Goiânia,GO,66.56,69.49,2.93,1,0.826,0.174
2932408,Uibaí,BA,33.09,27.71,-5.38,1,0.826,0.174
2928059,Santa Luzia,BA,33.46,28.42,-5.04,0,0.826,0.174
4210209,Major Gercino,SC,51.4,76.42,25.02,1,0.826,0.174
1200609,Tarauacá,AC,,49.87,,1,0.826,0.174
2907608,Central,BA,30.85,25.64,-5.21,1,0.826,0.174
2922854,Nova Redenção,BA,31.91,27.03,-4.88,1,0.826,0.174
2601052,Araçoiaba,PE,45.71,53.49,7.78,1,0.826,0.174
2100832,Apicum-Açu,MA,31.51,39.08,7.57,1,0.826,0.174
2405801,João Câmara,RN,22.55,35.88,13.33,0,0.827,0.173
3104908,Baependi,MG,70.29,77.43,7.14,1,0.827,0.173
2907202,Casa Nova,BA,13.13,20.93,7.8,0,0.827,0.173
3114402,Carmo do Rio Claro,MG,63.2,68.35,5.15,1,0.827,0.173
2912301,Ibicuí,BA,58.94,50.0,-8.94,1,0.828,0.172
3504701,Balbinos,SP,,100.0,,1,0.828,0.172
3548302,Santo Expedito,SP,,100.0,,1,0.828,0.172
4115101,Mariluz,PR,62.44,52.21,-10.23,1,0.828,0.172
5210406,Itaberaí,GO,78.96,81.22,2.26,1,0.828,0.172
1303601,Santa Isabel do Rio Negro,AM,30.62,36.99,6.37,1,0.828,0.172
2414209,Tibau do Sul,RN,17.6,24.98,7.38,1,0.828,0.172
2110278,Santo Amaro do Maranhão,MA,33.31,39.84,6.53,1,0.828,0.172
4105003,Catanduvas,PR,66.05,56.16,-9.89,1,0.828,0.172
2102101,Brejo,MA,50.31,58.08,7.77,1,0.828,0.172
2925204,Pojuca,BA,60.54,51.55,-8.99,1,0.829,0.171
2610806,Pedra,PE,47.04,54.87,7.83,1,0.829,0.171
2207900,Pedro II,PI,25.09,41.98,16.89,1,0.829,0.171
2931608,Teolândia,BA,47.32,44.76,-2.56,1,0.829,0.171
3537107,Pedreira,SP,,94.25,,1,0.829,0.171
2401206,Arês,RN,24.75,31.22,6.47,1,0.829,0.171
2804508,Nossa Senhora da Glória,SE,31.86,37.56,5.7,1,0.829,0.171
5005202,Ladário,MS,25.17,33.36,8.19,0,0.829,0.171
2927309,Salinas da Margarida,BA,47.81,45.77,-2.04,1,0.829,0.171
3531605,Monte Castelo,SP,,94.29,,0,0.829,0.171
3535705,Paraíso,SP,,87.14,,0,0.829,0.171
5106190,Nova Santa Helena,MT,79.22,75.07,-4.15,1,0.829,0.171
3535408,Panorama,SP,,92.54,,1,0.829,0.171
2413409,Serra Negra do Norte,RN,25.83,31.59,5.76,1,0.829,0.171
3533205,Nova Independência,SP,,88.79,,1,0.83,0.17
3534500,Oscar Bressane,SP,,88.17,,1,0.83,0.17
3510104,Cândido Rodrigues,SP,,92.31,,1,0.83,0.17
2918902,Lajedão,BA,58.38,48.28,-10.1,1,0.83,0.17
2918555,Jussari,BA,35.85,31.58,-4.27,1,0.83,0.17
2921401,Mirangaba,BA,33.73,29.41,-4.32,1,0.83,0.17
2920304,Malhada de Pedras,BA,70.36,70.27,-0.09,1,0.83,0.17
2901809,Antônio Gonçalves,BA,32.58,25.32,-7.26,1,0.83,0.17
2901700,Antônio Cardoso,BA,33.89,25.76,-8.13,1,0.83,0.17
2903003,Barra do Mendes,BA,39.25,32.43,-6.82,1,0.83,0.17
2920809,Marcionílio Souza,BA,21.15,18.57,-2.58,1,0.83,0.17
3151305,Piraúba,MG,72.98,85.01,12.03,1,0.83,0.17
2929354,São José da Vitória,BA,31.3,27.27,-4.03,0,0.83,0.17
2906402,Candeal,BA,30.92,30.77,-0.15,1,0.83,0.17
3101102,Aimorés,MG,56.8,61.99,5.19,1,0.83,0.17
2916708,Itaquara,BA,34.36,34.25,-0.11,1,0.83,0.17
2916906,Itiruçu,BA,32.86,30.0,-2.86,1,0.83,0.17
2928307,Santanópolis,BA,26.96,22.95,-4.01,1,0.83,0.17
2930600,Serrolândia,BA,32.84,25.69,-7.15,1,0.83,0.17
2906105,Canápolis,BA,37.3,29.55,-7.75,1,0.83,0.17
2700300,Arapiraca,AL,39.44,43.75,4.31,1,0.83,0.17
2921609,Morpará,BA,31.78,28.89,-2.89,1,0.83,0.17
2925402,Potiraguá,BA,27.88,27.54,-0.34,0,0.83,0.17
1705508,Colinas do Tocantins,TO,51.01,55.82,4.81,1,0.83,0.17
3127305,Galiléia,MG,47.26,62.07,14.81,1,0.83,0.17
2925600,Presidente Dutra,BA,21.28,20.0,-1.28,1,0.83,0.17
2901908,Aporá,BA,17.78,16.52,-1.26,1,0.83,0.17
2902203,Aramari,BA,21.73,17.95,-3.78,1,0.83,0.17
3513801,Diadema,SP,50.92,59.37,8.45,1,0.83,0.17
2924207,Pedro Alexandre,BA,29.14,20.45,-8.69,0,0.83,0.17
1200336,Mâncio Lima,AC,,38.07,,1,0.831,0.169
4110409,Indianópolis,PR,80.01,69.81,-10.2,1,0.831,0.169
1505486,Pacajá,PA,37.32,45.49,8.17,1,0.831,0.169
4112900,Jundiaí do Sul,PR,56.84,55.42,-1.42,1,0.831,0.169
2514305,São José de Caiana,PB,48.19,52.39,4.2,1,0.831,0.169
5218052,Porteirão,GO,83.88,75.38,-8.5,1,0.831,0.169
3109253,Bugre,MG,100.0,85.0,-15.0,1,0.831,0.169
2800506,Areia Branca,SE,27.09,44.81,17.72,0,0.832,0.168
2805406,Poço Redondo,SE,16.35,26.61,10.26,0,0.832,0.168
1100023,Ariquemes,RO,62.3,65.62,3.32,1,0.832,0.168
3166709,Serra dos Aimorés,MG,58.13,65.83,7.7,0,0.832,0.168
3136579,Josenópolis,MG,90.34,90.91,0.57,1,0.832,0.168
3112109,Caparaó,MG,60.15,67.92,7.77,1,0.832,0.168
2606804,Igarassu,PE,62.61,66.97,4.36,1,0.832,0.168
4209151,José Boiteux,SC,37.11,43.47,6.36,1,0.832,0.168
3123908,Entre Rios de Minas,MG,84.92,88.18,3.26,1,0.832,0.168
3126604,Francisco Dumont,MG,31.48,37.5,6.02,1,0.832,0.168
1501204,Baião,PA,27.52,38.16,10.64,1,0.832,0.168
3144003,Mutum,MG,73.21,79.68,6.47,1,0.832,0.168
3140902,Matipó,MG,72.02,80.73,8.71,0,0.832,0.168
2611804,Ribeirão,PE,61.57,65.68,4.11,1,0.832,0.168
2611705,Riacho das Almas,PE,63.97,68.11,4.14,1,0.832,0.168
2922003,Mucuri,BA,49.09,47.96,-1.13,1,0.832,0.168
1707405,Esperantina,TO,40.82,47.82,7.0,1,0.833,0.167
3528106,Macaubal,SP,,96.3,,1,0.833,0.167
1301001,Carauari,AM,56.88,61.24,4.36,1,0.833,0.167
2933059,Várzea da Roça,BA,32.58,20.73,-11.85,1,0.833,0.167
3163300,São José do Divino,MG,58.5,64.09,5.59,1,0.833,0.167
2312403,São Gonçalo do Amarante,CE,81.99,85.78,3.79,1,0.833,0.167
2405405,Japi,RN,16.49,25.76,9.27,1,0.833,0.167
1507003,Santo Antônio do Tauá,PA,25.72,31.66,5.94,1,0.833,0.167
2921807,Mortugaba,BA,68.97,60.0,-8.97,1,0.833,0.167
2906899,Caraíbas,BA,46.59,35.56,-11.03,1,0.833,0.167
2909703,Cristópolis,BA,44.52,43.75,-0.77,1,0.833,0.167
3142502,Monjolos,MG,,93.33,,1,0.834,0.166
3138674,Luisburgo,MG,81.62,87.7,6.08,0,0.834,0.166
2314102,Viçosa do Ceará,CE,88.59,90.22,1.63,1,0.834,0.166
2917359,Jaborandi,BA,40.89,43.16,2.27,1,0.834,0.166
1200450,Senador Guiomard,AC,,47.83,,1,0.834,0.166
2919405,Licínio de Almeida,BA,75.0,65.48,-9.52,1,0.834,0.166
1200104,Brasiléia,AC,,48.0,,1,0.834,0.166
4125605,São Mateus do Sul,PR,83.07,70.57,-12.5,1,0.834,0.166
2203305,Demerval Lobão,PI,70.15,73.33,3.18,1,0.834,0.166
3164605,São Sebastião do Oeste,MG,71.5,76.46,4.96,1,0.834,0.166
1200252,Epitaciolândia,AC,,52.28,,1,0.834,0.166
2202737,Coivaras,PI,78.14,94.47,16.33,0,0.835,0.165
2310308,Parambu,CE,83.15,88.35,5.2,0,0.835,0.165
3507753,Brejo Alegre,SP,,100.0,,1,0.835,0.165
4215653,Santa Rosa do Sul,SC,57.51,73.62,16.11,1,0.835,0.165
2912004,Ibiassucê,BA,65.01,61.19,-3.82,1,0.835,0.165
1100015,Alta Floresta D'Oeste,RO,64.55,67.79,3.24,1,0.835,0.165
2924108,Pedrão,BA,20.72,13.33,-7.39,1,0.835,0.165
5211800,Jaraguá,GO,82.9,83.96,1.06,1,0.835,0.165
1713205,Miracema do Tocantins,TO,41.54,46.42,4.88,0,0.835,0.165
2806008,Ribeirópolis,SE,36.51,42.2,5.69,1,0.835,0.165
1501808,Breves,PA,44.0,55.58,11.58,1,0.835,0.165
3532108,Murutinga do Sul,SP,,100.0,,1,0.835,0.165
3549300,São João do Pau d'Alho,SP,,100.0,,1,0.835,0.165
2600203,Afrânio,PE,54.58,59.87,5.29,1,0.835,0.165
1720903,Taguatinga,TO,38.31,42.45,4.14,1,0.836,0.164
3148202,Patrocínio do Muriaé,MG,72.64,80.53,7.89,1,0.836,0.164
1507458,São Geraldo do Araguaia,PA,46.49,52.06,5.57,1,0.836,0.164
2923506,Palmeiras,BA,43.73,40.45,-3.28,1,0.836,0.164
3555109,Tupi Paulista,SP,,93.46,,1,0.836,0.164
4119202,Pinhalão,PR,73.96,76.88,2.92,0,0.836,0.164
2610905,Pesqueira,PE,59.65,64.38,4.73,1,0.836,0.164
2504033,Capim,PB,56.03,60.4,4.37,1,0.836,0.164
2507606,Juarez Távora,PB,28.86,35.79,6.93,1,0.836,0.164
1703800,Buriti do Tocantins,TO,41.24,50.39,9.15,1,0.836,0.164
2511806,Pirpirituba,PB,34.62,41.49,6.87,0,0.836,0.164
2800308,Aracaju,SE,30.95,44.28,13.33,1,0.836,0.164
5007950,Tacuru,MS,51.61,56.62,5.01,1,0.836,0.164
2406106,Jucurutu,RN,28.69,46.3,17.61,1,0.836,0.164
2902658,Banzaê,BA,33.07,26.67,-6.4,1,0.837,0.163
2931004,Tanhaçu,BA,58.73,47.42,-11.31,1,0.837,0.163
3528304,Magda,SP,,93.95,,1,0.837,0.163
5213806,Morrinhos,GO,62.28,65.87,3.59,0,0.837,0.163
2208908,Ribeiro Gonçalves,PI,88.78,85.26,-3.52,1,0.837,0.163
3151909,Pocrane,MG,90.55,88.29,-2.26,1,0.837,0.163
2803609,Laranjeiras,SE,21.67,27.35,5.68,1,0.837,0.163
3534757,Ouroeste,SP,,89.21,,1,0.837,0.163
3555604,Uchoa,SP,,87.56,,1,0.837,0.163
2920007,Maiquinique,BA,29.83,32.56,2.73,1,0.838,0.162
1101500,Seringueiras,RO,63.02,66.06,3.04,1,0.838,0.162
1720101,São Bento do Tocantins,TO,43.97,52.93,8.96,0,0.838,0.162
1701002,Ananás,TO,39.94,46.69,6.75,1,0.838,0.162
2912608,Ibiquera,BA,20.08,15.62,-4.46,1,0.838,0.162
2904803,Caatiba,BA,48.46,50.0,1.54,1,0.838,0.162
2205904,Manoel Emídio,PI,100.0,82.38,-17.62,1,0.838,0.162
1505205,Oeiras do Pará,PA,18.54,31.03,12.49,1,0.838,0.162
5002100,Bela Vista,MS,43.77,48.18,4.41,1,0.838,0.162
2910107,Dom Basílio,BA,48.34,42.74,-5.6,1,0.838,0.162
2400406,Água Nova,RN,33.29,39.66,6.37,1,0.839,0.161
2408953,Rio do Fogo,RN,14.85,31.56,16.71,1,0.839,0.161
2410801,Riacho de Santana,RN,47.5,53.36,5.86,1,0.839,0.161
2413557,Serrinha dos Pintos,RN,56.07,61.75,5.68,0,0.839,0.161
2407609,Messias Targino,RN,17.11,26.32,9.21,1,0.839,0.161
3523107,Itaquaquecetuba,SP,42.63,57.48,14.85,0,0.839,0.161
4101408,Apucarana,PR,82.14,78.78,-3.36,0,0.839,0.161
5208608,Goianésia,GO,79.79,82.28,2.49,1,0.839,0.161
2301950,Barreira,CE,88.76,91.15,2.39,1,0.839,0.161
4101507,Arapongas,PR,75.98,70.97,-5.01,1,0.839,0.161
2804904,Pacatuba,SE,16.9,28.56,11.66,1,0.839,0.161
3113503,Carbonita,MG,64.55,70.78,6.23,1,0.839,0.161
4105805,Colombo,PR,64.92,60.67,-4.25,1,0.84,0.16
1507607,São Miguel do Guamá,PA,38.69,49.59,10.9,1,0.84,0.16
2414704,Várzea,RN,17.25,45.68,28.43,1,0.84,0.16
5204854,Campo Limpo de Goiás,GO,86.91,84.62,-2.29,1,0.84,0.16
3519105,Iacanga,SP,,97.67,,0,0.84,0.16
5215306,Orizona,GO,86.48,77.75,-8.73,1,0.841,0.159
1200393,Porto Walter,AC,,39.79,,1,0.841,0.159
4114351,Manfrinópolis,PR,91.01,70.91,-20.1,1,0.841,0.159
4315073,Porto Vera Cruz,RS,63.16,88.2,25.04,1,0.841,0.159
2509602,Monte Horebe,PB,84.33,93.4,9.07,0,0.841,0.159
1200427,Rodrigues Alves,AC,,38.92,,1,0.841,0.159
3138401,Leopoldina,MG,57.05,65.12,8.07,0,0.841,0.159
1200138,Bujari,AC,,25.28,,1,0.841,0.159
2408409,Olho d'Água do Borges,RN,24.17,30.77,6.6,1,0.841,0.159
5107701,Rosário Oeste,MT,53.65,56.37,2.72,1,0.841,0.159
1200344,Manoel Urbano,AC,,42.51,,1,0.841,0.159
3530201,Mirante do Paranapanema,SP,87.77,87.42,-0.35,1,0.842,0.158
2919157,Lapão,BA,25.08,25.25,0.17,1,0.842,0.158
2902609,Baixa Grande,BA,36.29,36.78,0.49,1,0.842,0.158
3515905,Floreal,SP,,96.19,,1,0.842,0.158
1507474,São João de Pirabas,PA,29.84,40.76,10.92,1,0.842,0.158
2302107,Baturité,CE,77.86,86.78,8.92,1,0.842,0.158
3552601,Tabapuã,SP,,98.83,,1,0.842,0.158
3546108,Santa Clara d'Oeste,SP,,100.0,,1,0.842,0.158
3133105,Itanhandu,MG,73.87,79.94,6.07,0,0.842,0.158
1200708,Xapuri,AC,,52.34,,1,0.842,0.158
2929255,São Gabriel,BA,33.19,33.54,0.35,1,0.842,0.158
3528858,Marapoama,SP,,100.0,,1,0.842,0.158
1504950,Nova Esperança do Piriá,PA,35.64,50.02,14.38,1,0.842,0.158
2931509,Teofilândia,BA,28.06,29.57,1.51,1,0.842,0.158
2607802,Itaquitinga,PE,48.29,57.35,9.06,1,0.842,0.158
3520806,Inúbia Paulista,SP,,94.72,,1,0.842,0.158
2613701,São Lourenço da Mata,PE,44.07,53.32,9.25,1,0.843,0.157
1502707,Conceição do Araguaia,PA,38.75,50.76,12.01,1,0.843,0.157
2402006,Caicó,RN,37.06,47.28,10.22,1,0.843,0.157
5100359,Alto Boa Vista,MT,93.68,48.84,-44.84,1,0.843,0.157
2414407,Touros,RN,24.96,38.9,13.94,1,0.843,0.157
1200385,Plácido de Castro,AC,,36.37,,1,0.843,0.157
1506187,Rondon do Pará,PA,60.17,68.8,8.63,1,0.843,0.157
5207105,Diorama,GO,100.0,77.27,-22.73,1,0.843,0.157
1200179,Capixaba,AC,,34.97,,1,0.843,0.157
1501006,Aveiro,PA,57.23,64.37,7.14,0,0.843,0.157
2311355,Quixelô,CE,79.3,88.46,9.16,0,0.843,0.157
2407401,Martins,RN,41.19,54.91,13.72,1,0.844,0.156
2511103,Pedra Lavrada,PB,75.61,83.68,8.07,1,0.844,0.156
2903805,Boa Vista do Tupim,BA,33.4,32.14,-1.26,1,0.844,0.156
2301901,Barbalha,CE,85.38,87.92,2.54,1,0.844,0.156
3133709,Itatiaiuçu,MG,72.09,79.41,7.32,1,0.844,0.156
2414100,Tenente Ananias,RN,37.76,52.97,15.21,1,0.844,0.156
3304706,Santo Antônio de Pádua,RJ,66.37,73.82,7.45,1,0.844,0.156
4128104,Umuarama,PR,64.14,63.1,-1.04,1,0.844,0.156
4128203,União da Vitória,PR,74.94,73.17,-1.77,1,0.844,0.156
2402105,Campo Redondo,RN,24.04,39.72,15.68,1,0.844,0.156
2804300,Muribeca,SE,10.0,22.01,12.01,1,0.844,0.156
1504109,Magalhães Barata,PA,54.01,60.05,6.04,1,0.844,0.156
2311603,Redenção,CE,84.99,92.45,7.46,0,0.844,0.156
2309607,Pacajus,CE,85.7,87.91,2.21,1,0.844,0.156
2908309,Conceição do Almeida,BA,53.85,41.18,-12.67,1,0.845,0.155
2302909,Capistrano,CE,77.64,87.35,9.71,0,0.845,0.155
1502756,Concórdia do Pará,PA,40.62,54.24,13.62,1,0.845,0.155
3113206,Carandaí,MG,74.88,82.73,7.85,1,0.845,0.155
2401453,Baraúna,RN,32.01,44.48,12.47,1,0.845,0.155
2512762,Riachão do Poço,PB,68.24,75.0,6.76,0,0.845,0.155
2702207,Coqueiro Seco,AL,34.53,54.67,20.14,0,0.845,0.155
2402303,Caraúbas,RN,26.21,41.75,15.54,1,0.845,0.155
2104057,Estreito,MA,54.89,59.79,4.9,1,0.845,0.155
2615102,Terezinha,PE,68.26,76.08,7.82,1,0.845,0.155
5200159,Adelândia,GO,80.95,81.99,1.04,1,0.845,0.155
2703205,Igreja Nova,AL,47.93,50.74,2.81,1,0.845,0.155
2512507,Queimadas,PB,85.04,92.65,7.61,1,0.845,0.155
2108504,Pindaré-Mirim,MA,40.94,51.09,10.15,1,0.846,0.154
2203909,Floriano,PI,49.16,53.36,4.2,1,0.846,0.154
2405603,Jardim de Piranhas,RN,30.88,56.61,25.73,1,0.846,0.154
2401305,Campo Grande,RN,33.21,43.77,10.56,0,0.846,0.154
5208301,Divinópolis de Goiás,GO,79.91,80.42,0.51,1,0.846,0.154
2925105,Poções,BA,44.01,42.93,-1.08,1,0.846,0.154
2103604,Coroatá,MA,41.49,55.72,14.23,0,0.846,0.154
3140530,Martins Soares,MG,76.55,83.69,7.14,0,0.846,0.154
3552551,Suzanápolis,SP,,90.85,,1,0.846,0.154
3110400,Camacho,MG,91.3,86.64,-4.66,1,0.846,0.154
2516706,Teixeira,PB,72.85,81.85,9.0,1,0.846,0.154
3545506,Sandovalina,SP,,89.83,,1,0.846,0.154
2916807,Itarantim,BA,38.17,41.07,2.9,1,0.846,0.154
2403400,Equador,RN,20.52,59.19,38.67,1,0.846,0.154
2413300,Serra de São Bento,RN,26.92,42.09,15.17,1,0.846,0.154
5000856,Angélica,MS,92.96,84.52,-8.44,1,0.846,0.154
1707207,Dois Irmãos do Tocantins,TO,48.67,52.81,4.14,1,0.846,0.154
2413805,Taboleiro Grande,RN,45.45,73.08,27.63,1,0.846,0.154
2907707,Chorrochó,BA,34.56,36.19,1.63,1,0.847,0.153
2918605,Jussiape,BA,32.1,33.33,1.23,1,0.847,0.153
3553955,Tarumã,SP,,91.72,,1,0.847,0.153
2905107,Caém,BA,35.37,36.71,1.34,1,0.847,0.153
3149903,Perdões,MG,71.24,79.12,7.88,1,0.847,0.153
2925709,Presidente Jânio Quadros,BA,30.41,31.78,1.37,1,0.847,0.153
3121001,Datas,MG,80.04,90.32,10.28,1,0.847,0.153
3102050,Alto Caparaó,MG,93.75,87.17,-6.58,1,0.847,0.153
2801900,Cumbe,SE,44.12,54.53,10.41,1,0.847,0.153
4104204,Campo Largo,PR,73.34,69.19,-4.15,1,0.847,0.153
2307601,Limoeiro do Norte,CE,87.84,89.65,1.81,0,0.847,0.153
2102804,Carolina,MA,44.54,50.96,6.42,1,0.847,0.153
2922805,Nova Itarana,BA,32.97,34.65,1.68,1,0.847,0.153
2613602,São José do Egito,PE,67.52,73.38,5.86,1,0.847,0.153
3528809,Maracaí,SP,,91.17,,1,0.847,0.153
2805307,Pirambu,SE,25.81,37.68,11.87,1,0.847,0.153
5102504,Cáceres,MT,47.53,51.27,3.74,1,0.847,0.153
2923605,Paramirim,BA,46.89,48.94,2.05,1,0.847,0.153
4118501,Pato Branco,PR,78.22,71.14,-7.08,1,0.847,0.153
2204550,Guaribas,PI,58.08,75.0,16.92,0,0.848,0.152
3100807,Aguanil,MG,100.0,88.68,-11.32,1,0.848,0.152
3204252,Ponto Belo,ES,81.8,80.01,-1.79,1,0.848,0.152
1600808,Vitória do Jari,AP,28.7,35.39,6.69,1,0.848,0.152
1200435,Santa Rosa do Purus,AC,,15.62,,1,0.848,0.152
1200328,Jordão,AC,,32.04,,1,0.848,0.152
2305704,Ipaumirim,CE,87.85,88.89,1.04,1,0.848,0.152
5210802,Itajá,GO,81.81,82.86,1.05,1,0.848,0.152
1200054,Assis Brasil,AC,,49.17,,1,0.848,0.152
2207801,Paulistana,PI,45.07,50.47,5.4,1,0.848,0.152
2313302,Tauá,CE,87.18,92.01,4.83,1,0.848,0.152
2301208,Aracoiaba,CE,87.25,90.87,3.62,1,0.849,0.151
2604155,Casinhas,PE,79.46,84.85,5.39,1,0.849,0.151
1505494,Palestina do Pará,PA,33.8,44.75,10.95,1,0.849,0.151
2400901,Antônio Martins,RN,40.99,51.06,10.07,1,0.849,0.151
2615904,Tuparetama,PE,77.11,82.52,5.41,1,0.849,0.151
2924801,Piritiba,BA,43.07,40.58,-2.49,1,0.849,0.151
2112209,Timon,MA,67.8,75.74,7.94,1,0.849,0.151
3117108,Conceição da Aparecida,MG,70.87,78.53,7.66,1,0.849,0.151
2608800,Lajedo,PE,47.71,57.42,9.71,0,0.849,0.151
2313500,Trairi,CE,89.87,91.78,1.91,1,0.849,0.151
3139706,Maravilhas,MG,69.85,76.79,6.94,1,0.849,0.151
3169802,Turvolândia,MG,61.67,67.31,5.64,1,0.849,0.151
2913101,Ibititá,BA,26.1,28.0,1.9,1,0.849,0.151
2910776,Feira da Mata,BA,55.73,45.45,-10.28,1,0.849,0.151
2922201,Muniz Ferreira,BA,45.91,41.27,-4.64,1,0.849,0.151
2301109,Aracati,CE,89.12,91.16,2.04,1,0.849,0.151
3202009,Dores do Rio Preto,ES,84.32,81.34,-2.98,1,0.849,0.151
2211209,Uruçuí,PI,27.78,31.55,3.77,1,0.85,0.15
2916856,Itatim,BA,51.6,54.22,2.62,1,0.85,0.15
1504406,Marapanim,PA,28.74,45.42,16.68,1,0.85,0.15
2313559,Tururu,CE,89.24,95.29,6.05,1,0.85,0.15
2104651,Governador Newton Bello,MA,69.13,78.08,8.95,1,0.85,0.15
4117503,Paiçandu,PR,68.48,62.96,-5.52,1,0.85,0.15
3203700,Muniz Freire,ES,86.15,81.47,-4.68,1,0.85,0.15
2103125,Central do Maranhão,MA,100.0,84.42,-15.58,1,0.85,0.15
2909406,Cotegipe,BA,40.77,41.9,1.13,1,0.85,0.15
4106902,Curitiba,PR,70.41,65.96,-4.45,1,0.85,0.15
2602506,Brejinho,PE,71.45,79.05,7.6,1,0.85,0.15
2601805,Betânia,PE,70.45,76.97,6.52,1,0.85,0.15
3133501,Itapecerica,MG,77.04,85.54,8.5,1,0.85,0.15
2500577,Algodão de Jandaíra,PB,44.32,50.16,5.84,1,0.85,0.15
2802403,Gararu,SE,19.42,36.4,16.98,1,0.851,0.149
4116208,Morretes,PR,68.42,59.7,-8.72,1,0.851,0.149
1303502,Pauini,AM,38.95,48.43,9.48,0,0.851,0.149
4103503,Califórnia,PR,81.85,69.28,-12.57,1,0.851,0.149
1702208,Araguatins,TO,35.15,50.5,15.35,1,0.851,0.149
2603207,Caetés,PE,45.78,57.25,11.47,1,0.851,0.149
1508100,Tucuruí,PA,37.28,44.7,7.42,1,0.851,0.149
2311306,Quixadá,CE,88.36,92.49,4.13,1,0.851,0.149
2602209,Bom Jardim,PE,60.94,69.15,8.21,1,0.852,0.148
3550902,São Simão,SP,63.04,67.73,4.69,1,0.852,0.148
3142304,Moeda,MG,77.89,90.58,12.69,0,0.852,0.148
4316436,Saldanha Marinho,RS,62.74,69.6,6.86,1,0.852,0.148
4113601,Lobato,PR,61.87,54.92,-6.95,1,0.852,0.148
2211100,União,PI,26.82,35.21,8.39,1,0.852,0.148
2615201,Terra Nova,PE,62.03,71.07,9.04,1,0.852,0.148
4122404,Rolândia,PR,73.4,71.84,-1.56,1,0.852,0.148
2405207,Janduís,RN,28.72,37.23,8.51,1,0.852,0.148
2501104,Areia,PB,85.08,90.53,5.45,1,0.852,0.148
1707553,Fátima,TO,52.54,57.84,5.3,1,0.852,0.148
2918506,Jussara,BA,23.19,43.44,20.25,1,0.852,0.148
3304508,Rio das Flores,RJ,59.69,67.73,8.04,1,0.852,0.148
2604809,Cortês,PE,61.81,70.4,8.59,1,0.852,0.148
2103554,Conceição do Lago-Açu,MA,43.89,54.26,10.37,0,0.852,0.148
2105401,Itapecuru Mirim,MA,53.35,60.47,7.12,1,0.852,0.148
2108306,Penalva,MA,55.46,63.88,8.42,1,0.852,0.148
2306801,Jaguaribara,CE,89.41,93.88,4.47,1,0.852,0.148
2410702,Riacho da Cruz,RN,20.95,37.5,16.55,1,0.853,0.147
2909604,Crisópolis,BA,50.31,43.05,-7.26,1,0.853,0.147
2910503,Entre Rios,BA,19.58,32.55,12.97,0,0.853,0.147
4109807,Ibiporã,PR,73.36,64.9,-8.46,1,0.853,0.147
2614006,Serrita,PE,53.72,59.7,5.98,1,0.853,0.147
2309805,Pacoti,CE,88.89,91.18,2.29,1,0.853,0.147
3101706,Almenara,MG,39.24,55.06,15.82,1,0.853,0.147
2102903,Carutapera,MA,55.58,61.21,5.63,1,0.853,0.147
2933455,Wanderley,BA,54.03,55.37,1.34,1,0.853,0.147
4127601,Tijucas do Sul,PR,78.76,68.4,-10.36,0,0.853,0.147
2603108,Cachoeirinha,PE,56.69,63.59,6.9,1,0.853,0.147
3166956,Serranópolis de Minas,MG,95.35,95.99,0.64,1,0.853,0.147
2101509,Barão de Grajaú,MA,41.6,51.56,9.96,1,0.853,0.147
3169059,Tocos do Moji,MG,78.4,93.75,15.35,0,0.854,0.146
4108205,Formosa do Oeste,PR,88.15,85.18,-2.97,0,0.854,0.146
5220280,São Patrício,GO,89.17,86.36,-2.81,1,0.854,0.146
2600609,Alagoinha,PE,42.86,53.87,11.01,0,0.854,0.146
4112108,Jandaia do Sul,PR,76.99,68.64,-8.35,1,0.854,0.146
2614303,Moreilândia,PE,44.18,56.94,12.76,1,0.854,0.146
4102406,Bandeirantes,PR,75.41,72.78,-2.63,1,0.854,0.146
1302702,Manicoré,AM,55.74,61.53,5.79,1,0.854,0.146
2616001,Venturosa,PE,53.25,59.29,6.04,1,0.854,0.146
2105302,Imperatriz,MA,45.19,54.73,9.54,1,0.854,0.146
4113304,Laranjeiras do Sul,PR,72.14,68.0,-4.14,1,0.854,0.146
3162658,São João do Pacuí,MG,74.18,86.4,12.22,1,0.854,0.146
4104709,Carlópolis,PR,73.7,66.18,-7.52,1,0.854,0.146
1720200,São Miguel do Tocantins,TO,26.98,36.9,9.92,1,0.854,0.146
1720804,Sítio Novo do Tocantins,TO,39.53,50.64,11.11,1,0.854,0.146
1702901,Axixá do Tocantins,TO,30.34,40.2,9.86,1,0.854,0.146
2806701,São Cristóvão,SE,53.75,67.6,13.85,1,0.854,0.146
2919702,Macarani,BA,49.05,44.74,-4.31,1,0.854,0.146
3134707,Jacinto,MG,45.37,55.44,10.07,0,0.854,0.146
2601508,Belém de Maria,PE,71.24,79.67,8.43,1,0.854,0.146
5002209,Bonito,MS,53.37,58.78,5.41,1,0.854,0.146
5002704,Campo Grande,MS,41.36,51.59,10.23,1,0.854,0.146
4125555,São Manoel do Paraná,PR,95.44,73.08,-22.36,1,0.854,0.146
2512101,Pombal,PB,58.65,65.57,6.92,1,0.854,0.146
2924900,Planaltino,BA,53.78,42.86,-10.92,1,0.855,0.145
2210607,São Raimundo Nonato,PI,68.18,73.25,5.07,1,0.855,0.145
2510105,Nova Floresta,PB,60.94,67.53,6.59,1,0.855,0.145
2919058,Lajedo do Tabocal,BA,55.06,43.1,-11.96,1,0.855,0.145
3135209,Januária,MG,41.15,57.52,16.37,1,0.855,0.145
3120904,Curvelo,MG,65.98,72.55,6.57,1,0.855,0.145
4113700,Londrina,PR,73.98,72.91,-1.07,1,0.855,0.145
5221080,Teresina de Goiás,GO,56.82,62.3,5.48,1,0.855,0.145
2608305,Jupi,PE,60.68,68.61,7.93,0,0.855,0.145
4108304,Foz do Iguaçu,PR,73.01,72.01,-1.0,1,0.855,0.145
2608404,Jurema,PE,53.46,60.64,7.18,1,0.855,0.145
4114104,Mandaguaçu,PR,60.15,62.29,2.14,1,0.855,0.145
2614857,Tamandaré,PE,44.9,57.18,12.28,1,0.856,0.144
2403905,Francisco Dantas,RN,45.0,78.95,33.95,1,0.856,0.144
1722081,Wanderlândia,TO,35.16,41.89,6.73,1,0.856,0.144
4108601,Goioerê,PR,70.49,63.77,-6.72,1,0.856,0.144
1303569,Rio Preto da Eva,AM,35.31,46.76,11.45,1,0.856,0.144
2803401,Japoatã,SE,26.06,39.3,13.24,1,0.856,0.144
1501501,Benevides,PA,61.08,65.28,4.2,1,0.856,0.144
2924702,Piripá,BA,64.26,56.47,-7.79,1,0.856,0.144
2927903,Santa Inês,BA,47.34,47.31,-0.03,1,0.856,0.144
2512002,Pocinhos,PB,42.15,54.09,11.94,1,0.856,0.144
2303907,Chaval,CE,75.3,91.5,16.2,1,0.856,0.144
5221908,Varjão,GO,97.74,84.78,-12.96,1,0.857,0.143
2404002,Frutuoso Gomes,RN,39.91,53.24,13.33,0,0.857,0.143
2917409,Jacaraci,BA,63.77,56.86,-6.91,1,0.857,0.143
3170800,Várzea da Palma,MG,61.71,70.34,8.63,0,0.857,0.143
2508505,Livramento,PB,43.81,55.32,11.51,1,0.857,0.143
2611533,Quixaba,PE,80.26,87.04,6.78,1,0.857,0.143
2930766,Sítio do Quinto,BA,44.05,42.47,-1.58,1,0.857,0.143
2411908,São Francisco do Oeste,RN,56.85,68.97,12.12,1,0.857,0.143
3159704,Santa Rosa da Serra,MG,72.97,79.88,6.91,1,0.857,0.143
2507200,Itatuba,PB,23.32,36.64,13.32,0,0.857,0.143
1301951,Itamarati,AM,74.47,82.76,8.29,1,0.857,0.143
2906600,Candiba,BA,46.72,41.67,-5.05,1,0.857,0.143
2904308,Brejões,BA,53.47,47.62,-5.85,1,0.857,0.143
4125506,São José dos Pinhais,PR,67.19,64.3,-2.89,1,0.857,0.143
2101350,Bacurituba,MA,88.89,100.0,11.11,1,0.857,0.143
2501153,Areia de Baraúnas,PB,25.0,36.36,11.36,1,0.857,0.143
3130309,Iguatama,MG,98.44,94.08,-4.36,1,0.857,0.143
2400604,Almino Afonso,RN,25.56,41.2,15.64,1,0.857,0.143
2410009,Pilões,RN,51.45,63.16,11.71,1,0.857,0.143
3111606,Campos Gerais,MG,65.56,71.94,6.38,0,0.857,0.143
2201200,Barras,PI,55.68,60.13,4.45,1,0.857,0.143
2302404,Boa Viagem,CE,80.04,90.36,10.32,1,0.857,0.143
2914109,Ipupiara,BA,66.75,59.15,-7.6,1,0.858,0.142
2406700,Lajes,RN,26.57,33.68,7.11,0,0.858,0.142
2406007,José da Penha,RN,28.68,49.94,21.26,0,0.858,0.142
2400802,Angicos,RN,28.34,55.14,26.8,1,0.858,0.142
2927606,Santa Brígida,BA,25.65,28.39,2.74,1,0.858,0.142
2803104,Itabi,SE,19.35,33.65,14.3,1,0.858,0.142
2807600,Umbaúba,SE,25.4,39.34,13.94,1,0.858,0.142
4127106,Telêmaco Borba,PR,63.2,61.71,-1.49,1,0.858,0.142
2410603,Rafael Godeiro,RN,29.93,67.22,37.29,1,0.858,0.142
2410207,Portalegre,RN,49.43,65.36,15.93,1,0.859,0.141
2301802,Baixio,CE,97.63,91.67,-5.96,0,0.859,0.141
3164308,São Roque de Minas,MG,71.16,77.02,5.86,1,0.859,0.141
2204204,Francisco Santos,PI,43.94,48.78,4.84,1,0.859,0.141
2510402,Olho d'Água,PB,76.11,91.23,15.12,0,0.859,0.141
3145703,Oliveira Fortes,MG,71.43,83.33,11.9,1,0.859,0.141
3304557,Rio de Janeiro,RJ,56.19,63.81,7.62,1,0.859,0.141
3122306,Divinópolis,MG,69.78,77.35,7.57,1,0.859,0.141
3158201,Santa Maria do Suaçuí,MG,74.18,83.52,9.34,1,0.859,0.141
3522604,Itapira,SP,58.07,63.24,5.17,1,0.859,0.141
3501905,Amparo,SP,57.7,62.39,4.69,1,0.859,0.141
2401503,Barcelona,RN,55.27,74.35,19.08,1,0.859,0.141
4122206,Rio Branco do Sul,PR,62.29,61.35,-0.94,1,0.859,0.141
3147204,Paraguaçu,MG,62.45,69.21,6.76,1,0.859,0.141
2928000,Santaluz,BA,25.08,29.15,4.07,0,0.86,0.14
4117057,Nova Laranjeiras,PR,77.48,68.33,-9.15,1,0.86,0.14
4109708,Ibaiti,PR,72.88,71.64,-1.24,1,0.86,0.14
2414753,Venha-Ver,RN,41.18,53.85,12.67,1,0.86,0.14
2610400,Parnamirim,PE,48.66,58.91,10.25,1,0.86,0.14
2933406,Wagner,BA,53.42,45.0,-8.42,1,0.86,0.14
4103107,Bocaiúva do Sul,PR,49.13,57.37,8.24,1,0.86,0.14
2931806,Tremedal,BA,49.49,42.86,-6.63,1,0.86,0.14
2504157,Casserengue,PB,47.97,58.51,10.54,1,0.86,0.14
3113107,Caranaíba,MG,70.0,83.33,13.33,1,0.86,0.14
3168804,Tiradentes,MG,62.26,68.34,6.08,1,0.86,0.14
3168200,Tapiraí,MG,76.47,100.0,23.53,0,0.86,0.14
1200500,Sena Madureira,AC,,64.87,,1,0.861,0.139
3123601,Elói Mendes,MG,57.91,64.98,7.07,1,0.861,0.139
2211357,Várzea Branca,PI,25.97,31.25,5.28,1,0.861,0.139
2105948,Lago dos Rodrigues,MA,88.14,92.3,4.16,0,0.861,0.139
2503555,Cacimbas,PB,32.54,47.9,15.36,1,0.861,0.139
5206305,Cristianópolis,GO,88.62,82.2,-6.42,1,0.861,0.139
4106407,Cornélio Procópio,PR,76.78,73.21,-3.57,1,0.861,0.139
2801702,Cristinápolis,SE,24.74,34.73,9.99,1,0.861,0.139
4101606,Arapoti,PR,75.42,67.63,-7.79,1,0.861,0.139
2204006,Francinópolis,PI,77.97,84.21,6.24,1,0.861,0.139
1200302,Feijó,AC,,63.73,,1,0.861,0.139
4120903,Quedas do Iguaçu,PR,70.42,61.62,-8.8,1,0.861,0.139
2802908,Itabaiana,SE,27.61,40.82,13.21,1,0.861,0.139
2503308,Cachoeira dos Índios,PB,42.05,52.23,10.18,1,0.861,0.139
5200050,Abadia de Goiás,GO,59.84,64.46,4.62,1,0.861,0.139
4104006,Campina Grande do Sul,PR,70.42,66.84,-3.58,1,0.861,0.139
2209104,Santa Cruz do Piauí,PI,95.61,98.15,2.54,0,0.861,0.139
2507309,Jacaraú,PB,34.78,51.18,16.4,1,0.861,0.139
2205458,Joca Marques,PI,38.3,43.83,5.53,1,0.861,0.139
2102374,Cachoeira Grande,MA,41.14,56.05,14.91,1,0.861,0.139
2514909,São Mamede,PB,37.65,49.02,11.37,1,0.861,0.139
2102150,Brejo de Areia,MA,33.25,49.3,16.05,1,0.861,0.139
4117701,Palmeira,PR,71.64,65.93,-5.71,1,0.861,0.139
4118204,Paranaguá,PR,61.91,61.71,-0.2,1,0.862,0.138
2104909,Guimarães,MA,89.07,86.95,-2.12,1,0.862,0.138
1200807,Porto Acre,AC,,39.69,,1,0.862,0.138
2300101,Abaiara,CE,88.3,91.49,3.19,1,0.862,0.138
1702109,Araguaína,TO,35.44,50.51,15.07,1,0.862,0.138
4101200,Antonina,PR,66.31,63.75,-2.56,0,0.862,0.138
3115102,Cássia,MG,71.94,77.7,5.76,1,0.862,0.138
2804102,Moita Bonita,SE,43.16,58.01,14.85,1,0.862,0.138
3523305,Itariri,SP,57.26,64.57,7.31,1,0.862,0.138
2309102,Mulungu,CE,85.81,88.89,3.08,1,0.862,0.138
2305100,Guaramiranga,CE,91.67,95.86,4.19,1,0.862,0.138
2503209,Cabedelo,PB,48.94,57.38,8.44,1,0.862,0.138
2201002,Arraial,PI,83.8,98.15,14.35,0,0.862,0.138
2504405,Conceição,PB,80.68,92.5,11.82,1,0.863,0.137
1705607,Conceição do Tocantins,TO,27.6,35.8,8.2,1,0.863,0.137
2106409,Mata Roma,MA,69.68,76.86,7.18,1,0.863,0.137
1501758,Brejo Grande do Araguaia,PA,61.58,75.7,14.12,1,0.863,0.137
2312106,Santana do Cariri,CE,89.48,96.45,6.97,1,0.863,0.137
1600212,Cutias,AP,47.0,53.36,6.36,1,0.863,0.137
1200351,Marechal Thaumaturgo,AC,,62.82,,1,0.863,0.137
2508406,Lastro,PB,20.77,82.76,61.99,0,0.863,0.137
2402501,Carnaubais,RN,32.86,48.37,15.51,1,0.863,0.137
2903706,Boa Nova,BA,44.22,46.51,2.29,0,0.863,0.137
2403301,Encanto,RN,47.53,67.02,19.49,1,0.863,0.137
1703073,Barra do Ouro,TO,11.92,18.26,6.34,1,0.863,0.137
4105409,Chopinzinho,PR,80.73,70.85,-9.88,1,0.863,0.137
2912509,Ibipitanga,BA,44.17,46.81,2.64,1,0.863,0.137
5214507,Nerópolis,GO,68.08,71.18,3.1,1,0.863,0.137
2505238,Cuité de Mamanguape,PB,10.33,22.16,11.83,1,0.863,0.137
3111507,Campos Altos,MG,58.27,65.27,7.0,1,0.863,0.137
2920403,Manoel Vitorino,BA,39.54,41.67,2.13,0,0.863,0.137
2906873,Capim Grosso,BA,26.2,29.34,3.14,1,0.863,0.137
2412104,São João do Sabugi,RN,49.58,66.5,16.92,1,0.864,0.136
2510600,Ouro Velho,PB,89.76,100.0,10.24,1,0.864,0.136
4126678,Tamarana,PR,73.85,65.46,-8.39,1,0.864,0.136
3145000,Nova Ponte,MG,72.34,78.86,6.52,1,0.864,0.136
2906501,Candeias,BA,32.66,36.67,4.01,1,0.864,0.136
2514800,São José dos Cordeiros,PB,80.25,95.24,14.99,0,0.864,0.136
4109302,Guaraniaçu,PR,80.03,71.17,-8.86,1,0.864,0.136
4108957,Guamiranga,PR,79.53,71.55,-7.98,1,0.864,0.136
4117800,Palmital,PR,74.27,69.5,-4.77,1,0.864,0.136
2516508,Taperoá,PB,78.33,90.59,12.26,1,0.864,0.136
2404408,Grossos,RN,57.4,67.44,10.04,1,0.864,0.136
4101101,Andirá,PR,65.02,64.82,-0.2,1,0.864,0.136
2508554,Logradouro,PB,80.75,94.6,13.85,1,0.864,0.136
4118006,Paraíso do Norte,PR,74.89,67.76,-7.13,1,0.864,0.136
4117255,Nova Prata do Iguaçu,PR,80.81,72.83,-7.98,1,0.864,0.136
2401602,Bento Fernandes,RN,14.89,29.29,14.4,1,0.864,0.136
4118402,Paranavaí,PR,80.45,74.3,-6.15,1,0.864,0.136
4108403,Francisco Beltrão,PR,79.67,76.41,-3.26,1,0.864,0.136
2307007,Jaguaruana,CE,84.18,88.24,4.06,1,0.864,0.136
2307403,Jucás,CE,86.69,90.28,3.59,1,0.864,0.136
3141207,Matutina,MG,91.3,91.94,0.64,1,0.864,0.136
4123857,Santa Maria do Oeste,PR,76.25,70.26,-5.99,1,0.864,0.136
2106003,Lima Campos,MA,86.67,90.91,4.24,1,0.865,0.135
3136306,João Pinheiro,MG,66.98,74.07,7.09,1,0.865,0.135
4127908,Tuneiras do Oeste,PR,71.46,68.12,-3.34,1,0.865,0.135
2412906,São Tomé,RN,21.91,49.16,27.25,1,0.865,0.135
4108700,Grandes Rios,PR,65.01,61.6,-3.41,1,0.865,0.135
2411007,Rodolfo Fernandes,RN,25.25,45.23,19.98,1,0.865,0.135
1502939,Dom Eliseu,PA,59.32,69.24,9.92,1,0.865,0.135
2411403,Santana do Matos,RN,33.17,59.53,26.36,1,0.865,0.135
4109757,Ibema,PR,72.84,70.35,-2.49,1,0.865,0.135
2413706,Sítio Novo,RN,28.73,48.74,20.01,1,0.865,0.135
4126801,Tapejara,PR,69.39,61.07,-8.32,1,0.865,0.135
4119608,Pitanga,PR,72.99,73.42,0.43,1,0.865,0.135
2500908,Arara,PB,35.35,52.9,17.55,1,0.865,0.135
2601300,Barra de Guabiraba,PE,80.78,86.54,5.76,1,0.866,0.134
2921450,Mirante,BA,52.17,46.15,-6.02,1,0.866,0.134
3167707,Sobrália,MG,66.54,75.93,9.39,0,0.866,0.134
1200013,Acrelândia,AC,,59.69,,1,0.866,0.134
2603405,Calumbi,PE,74.41,86.03,11.62,1,0.866,0.134
2507101,Itapororoca,PB,71.75,84.21,12.46,0,0.866,0.134
4102901,Bituruna,PR,80.76,70.06,-10.7,1,0.866,0.134
3161502,São Geraldo,MG,79.39,87.65,8.26,1,0.866,0.134
2306900,Jaguaribe,CE,85.97,89.25,3.28,1,0.866,0.134
4122107,Rio Bom,PR,94.5,69.55,-24.95,1,0.866,0.134
4128401,Uraí,PR,76.55,66.07,-10.48,1,0.866,0.134
4124707,São Jerônimo da Serra,PR,81.2,71.33,-9.87,1,0.866,0.134
3103801,Arapuá,MG,84.21,92.02,7.81,1,0.866,0.134
2207207,Padre Marcos,PI,86.44,100.0,13.56,1,0.867,0.133
4104659,Carambeí,PR,75.09,69.2,-5.89,1,0.867,0.133
2405702,Jardim do Seridó,RN,33.88,62.8,28.92,1,0.867,0.133
1502152,Canaã dos Carajás,PA,62.1,65.12,3.02,1,0.867,0.133
3115474,Catuti,MG,61.25,75.75,14.5,1,0.867,0.133
3105202,Bandeira,MG,62.73,77.5,14.77,1,0.867,0.133
2513000,Salgadinho,PB,72.73,83.93,11.2,1,0.867,0.133
3541307,Presidente Epitácio,SP,65.73,72.17,6.44,1,0.867,0.133
3146552,Pai Pedro,MG,62.52,76.4,13.88,1,0.867,0.133
4126900,Tapira,PR,90.52,77.42,-13.1,1,0.867,0.133
2406908,Lucrécia,RN,22.8,42.86,20.06,1,0.867,0.133
4115606,Matelândia,PR,73.52,71.4,-2.12,1,0.867,0.133
3300936,Carapebus,RJ,51.01,59.54,8.53,1,0.868,0.132
4109005,Guapirama,PR,87.9,75.09,-12.81,1,0.868,0.132
2607109,Ingazeira,PE,78.57,89.89,11.32,1,0.868,0.132
3117009,Comercinho,MG,58.27,68.38,10.11,1,0.868,0.132
3141702,Mesquita,MG,53.17,63.47,10.3,1,0.868,0.132
3165008,São Tiago,MG,92.29,92.5,0.21,1,0.868,0.132
3146305,Padre Paraíso,MG,45.96,57.39,11.43,1,0.868,0.132
2921005,Mata de São João,BA,54.01,56.92,2.91,1,0.868,0.132
3106655,Berizal,MG,68.3,83.33,15.03,1,0.868,0.132
3105004,Baldim,MG,74.25,89.89,15.64,1,0.868,0.132
2921054,Matina,BA,41.7,42.52,0.82,1,0.868,0.132
3150901,Piranguçu,MG,66.27,78.97,12.7,1,0.868,0.132
3127503,Gonzaga,MG,66.42,82.31,15.89,1,0.868,0.132
4106605,Cruzeiro do Oeste,PR,74.06,73.47,-0.59,1,0.869,0.131
4118303,Paranapoema,PR,59.18,61.71,2.53,1,0.869,0.131
2406809,Lajes Pintadas,RN,27.97,47.42,19.45,1,0.869,0.131
4119301,Pinhão,PR,61.89,61.33,-0.56,1,0.869,0.131
3202454,Ibatiba,ES,80.52,82.36,1.84,1,0.869,0.131
3204609,Santa Teresa,ES,85.59,82.52,-3.07,1,0.869,0.131
2111805,Sítio Novo,MA,42.39,54.44,12.05,1,0.869,0.131
3152131,Ponto Chique,MG,61.32,76.36,15.04,1,0.869,0.131
4114807,Marialva,PR,73.24,73.09,-0.15,1,0.869,0.131
5107925,Sorriso,MT,79.08,81.05,1.97,1,0.869,0.131
3167806,Soledade de Minas,MG,73.12,88.35,15.23,1,0.869,0.131
3160900,São Brás do Suaçuí,MG,68.37,81.31,12.94,1,0.869,0.131
2509396,Maturéia,PB,50.64,60.76,10.12,1,0.869,0.131
5200209,Água Limpa,GO,69.57,78.26,8.69,1,0.869,0.131
3125952,Fervedouro,MG,66.12,76.31,10.19,1,0.87,0.13
3305703,Sumidouro,RJ,61.17,75.43,14.26,0,0.87,0.13
4105508,Cianorte,PR,79.56,74.95,-4.61,1,0.87,0.13
4103701,Cambé,PR,79.11,76.35,-2.76,1,0.87,0.13
4110300,Inajá,PR,73.73,69.71,-4.02,1,0.87,0.13
5103957,Glória D'Oeste,MT,90.57,83.78,-6.79,1,0.87,0.13
5104203,Guiratinga,MT,86.43,84.49,-1.94,1,0.87,0.13
4104428,Candói,PR,73.37,64.69,-8.68,1,0.87,0.13
3157104,Salto da Divisa,MG,43.75,59.15,15.4,0,0.87,0.13
5201504,Aporé,GO,61.96,65.8,3.84,1,0.87,0.13
2611507,Quipapá,PE,48.12,58.1,9.98,1,0.87,0.13
2310852,Pindoretama,CE,90.29,88.62,-1.67,1,0.87,0.13
3146255,Padre Carvalho,MG,56.89,71.68,14.79,1,0.87,0.13
2509701,Monteiro,PB,55.03,61.09,6.06,1,0.87,0.13
4117222,Nova Santa Rosa,PR,77.8,72.16,-5.64,1,0.87,0.13
2205540,Lagoinha do Piauí,PI,81.92,87.79,5.87,0,0.87,0.13
3300605,Bom Jesus do Itabapoana,RJ,57.91,70.64,12.73,1,0.87,0.13
5219753,Santo Antônio do Descoberto,GO,42.71,53.64,10.93,1,0.87,0.13
3552106,Socorro,SP,51.49,60.61,9.12,1,0.871,0.129
4124053,Santa Terezinha de Itaipu,PR,81.3,79.46,-1.84,1,0.871,0.129
3157658,Santa Helena de Minas,MG,72.53,88.15,15.62,1,0.871,0.129
1304302,Urucará,AM,62.37,74.89,12.52,1,0.871,0.129
3300506,Bom Jardim,RJ,50.43,66.67,16.24,1,0.871,0.129
3134004,Itinga,MG,42.04,58.55,16.51,1,0.871,0.129
2606309,Granito,PE,52.49,68.11,15.62,1,0.871,0.129
3151008,Piranguinho,MG,69.35,85.01,15.66,1,0.871,0.129
4102109,Astorga,PR,79.57,75.21,-4.36,1,0.871,0.129
3170529,Urucuia,MG,56.93,67.15,10.22,0,0.871,0.129
4106506,Coronel Vivida,PR,80.52,74.6,-5.92,1,0.871,0.129
1600402,Mazagão,AP,29.38,44.22,14.84,1,0.871,0.129
4128500,Wenceslau Braz,PR,81.05,74.37,-6.68,1,0.871,0.129
4106209,Contenda,PR,78.38,77.37,-1.01,0,0.872,0.128
4108007,Florestópolis,PR,64.38,63.48,-0.9,1,0.872,0.128
2516102,Soledade,PB,33.51,47.26,13.75,1,0.872,0.128
2601201,Arcoverde,PE,59.53,70.04,10.51,0,0.872,0.128
3202900,Itarana,ES,81.5,82.15,0.65,1,0.872,0.128
4105607,Cidade Gaúcha,PR,64.72,63.42,-1.3,1,0.872,0.128
3115904,Chácara,MG,28.81,44.9,16.09,1,0.872,0.128
2205565,Lagoa do Barro do Piauí,PI,55.67,59.52,3.85,1,0.872,0.128
3171501,Mathias Lobato,MG,51.56,67.61,16.05,1,0.872,0.128
3201902,Domingos Martins,ES,80.92,82.13,1.21,1,0.872,0.128
3201506,Colatina,ES,74.65,78.24,3.59,1,0.872,0.128
1600238,Ferreira Gomes,AP,67.91,72.09,4.18,1,0.872,0.128
4128708,Vitorino,PR,71.38,70.19,-1.19,1,0.872,0.128
3203908,Nova Venécia,ES,82.95,83.55,0.6,1,0.872,0.128
2930105,Senhor do Bonfim,BA,19.93,24.02,4.09,1,0.872,0.128
3127354,Glaucilândia,MG,57.14,71.43,14.29,1,0.872,0.128
2600807,Altinho,PE,58.41,68.08,9.67,1,0.872,0.128
3138658,Lontra,MG,64.02,78.07,14.05,1,0.872,0.128
3165578,Senador Amaral,MG,50.9,63.76,12.86,0,0.872,0.128
4109203,Guaraci,PR,72.75,72.67,-0.08,1,0.872,0.128
2202026,Buriti dos Montes,PI,84.87,98.33,13.46,1,0.872,0.128
2301604,Assaré,CE,90.73,98.08,7.35,1,0.872,0.128
4126504,Sertanópolis,PR,66.76,61.98,-4.78,1,0.872,0.128
4113007,Jussara,PR,72.27,66.03,-6.24,1,0.872,0.128
2708204,São Brás,AL,67.19,70.72,3.53,1,0.872,0.128
3156007,Rio Vermelho,MG,54.91,64.55,9.64,1,0.872,0.128
3155603,Rio Pardo de Minas,MG,74.16,87.03,12.87,1,0.872,0.128
2615607,Trindade,PE,59.68,69.13,9.45,1,0.872,0.128
3302452,Macuco,RJ,63.62,77.99,14.37,1,0.872,0.128
3158508,Santana de Pirapama,MG,53.2,64.47,11.27,1,0.872,0.128
2207009,Oeiras,PI,65.92,72.5,6.58,1,0.872,0.128
1721109,Tocantínia,TO,42.96,51.16,8.2,0,0.873,0.127
2103406,Coelho Neto,MA,60.53,76.13,15.6,1,0.873,0.127
2105906,Lago Verde,MA,62.12,76.73,14.61,1,0.873,0.127
3516200,Franca,SP,63.83,70.87,7.04,1,0.873,0.127
4100707,Alto Piquiri,PR,74.73,64.66,-10.07,1,0.873,0.127
2509800,Mulungu,PB,56.27,66.64,10.37,1,0.873,0.127
3149150,Pedras de Maria da Cruz,MG,28.66,46.09,17.43,1,0.873,0.127
3532405,Nazaré Paulista,SP,50.95,60.11,9.16,1,0.873,0.127
2208304,Piracuruca,PI,75.64,82.48,6.84,1,0.873,0.127
4112306,Japira,PR,75.69,64.46,-11.23,1,0.873,0.127
2109809,Santa Helena,MA,57.13,72.74,15.61,1,0.873,0.127
2112902,Vitória do Mearim,MA,48.98,60.19,11.21,1,0.873,0.127
2202604,Castelo do Piauí,PI,75.09,82.63,7.54,1,0.873,0.127
2613503,São José do Belmonte,PE,46.7,60.42,13.72,1,0.873,0.127
3204658,São Domingos do Norte,ES,88.07,84.74,-3.33,1,0.873,0.127
5215900,Palminópolis,GO,89.15,82.81,-6.34,1,0.873,0.127
2517100,Várzea,PB,52.0,62.96,10.96,1,0.873,0.127
3142700,Montalvânia,MG,52.48,66.9,14.42,1,0.874,0.126
3136009,Joaíma,MG,48.77,61.92,13.15,1,0.874,0.126
2514107,São João do Tigre,PB,36.73,48.38,11.65,1,0.874,0.126
3170057,Ubaporanga,MG,59.53,69.73,10.2,1,0.874,0.126
2509503,Montadas,PB,65.88,82.33,16.45,1,0.874,0.126
3160108,Santo Antônio do Grama,MG,82.71,94.3,11.59,0,0.874,0.126
2505352,Damião,PB,37.73,50.86,13.13,1,0.874,0.126
2505105,Cuité,PB,50.66,62.2,11.54,1,0.874,0.126
3145877,Orizânia,MG,62.75,75.97,13.22,1,0.874,0.126
3145356,Novo Oriente de Minas,MG,53.59,67.04,13.45,1,0.874,0.126
3161106,São Francisco,MG,45.74,61.46,15.72,1,0.874,0.126
3117900,Congonhal,MG,73.46,83.44,9.98,1,0.874,0.126
3100302,Abre Campo,MG,75.68,85.05,9.37,1,0.874,0.126
5201702,Aragarças,GO,63.56,72.16,8.6,1,0.874,0.126
2111706,São Vicente Ferrer,MA,61.03,76.82,15.79,0,0.874,0.126
2108454,Peritoró,MA,57.3,70.53,13.23,1,0.874,0.126
5001003,Aparecida do Taboado,MS,51.45,57.5,6.05,0,0.874,0.126
4115200,Maringá,PR,80.65,78.37,-2.28,1,0.874,0.126
2606606,Ibimirim,PE,52.35,63.13,10.78,1,0.874,0.126
3147808,Passa Vinte,MG,61.11,77.27,16.16,1,0.874,0.126
2405504,Jardim de Angicos,RN,16.62,31.58,14.96,1,0.874,0.126
2603504,Camocim de São Félix,PE,55.71,68.51,12.8,1,0.874,0.126
2802304,Frei Paulo,SE,25.6,37.21,11.61,1,0.874,0.126
3107901,Bom Repouso,MG,56.55,68.27,11.72,1,0.874,0.126
3165909,Senador Modestino Gonçalves,MG,75.41,90.34,14.93,1,0.874,0.126
2516805,Triunfo,PB,50.08,63.35,13.27,1,0.875,0.125
5221858,Valparaíso de Goiás,GO,56.69,64.23,7.54,1,0.875,0.125
3166303,Sericita,MG,68.55,84.85,16.3,1,0.875,0.125
3166105,Senhora do Porto,MG,46.56,56.52,9.96,1,0.875,0.125
2202729,Cocal dos Alves,PI,80.26,87.68,7.42,1,0.875,0.125
3104007,Araxá,MG,68.79,75.35,6.56,1,0.875,0.125
3150406,Piedade dos Gerais,MG,71.95,83.86,11.91,1,0.875,0.125
2604304,Cedro,PE,46.94,63.12,16.18,0,0.875,0.125
3124708,Estrela do Indaiá,MG,100.0,100.0,0.0,1,0.875,0.125
2616100,Verdejante,PE,53.39,68.84,15.45,1,0.875,0.125
2111904,Sucupira do Norte,MA,49.97,60.0,10.03,1,0.875,0.125
4104303,Campo Mourão,PR,77.59,76.77,-0.82,1,0.875,0.125
2615409,Toritama,PE,50.21,63.95,13.74,1,0.875,0.125
2612802,Santa Terezinha,PE,68.31,79.68,11.37,1,0.875,0.125
2615508,Tracunhaém,PE,59.32,73.31,13.99,1,0.875,0.125
2312502,São João do Jaguaribe,CE,79.82,95.98,16.16,1,0.875,0.125
3100906,Águas Formosas,MG,51.15,61.93,10.78,1,0.875,0.125
2609006,Macaparana,PE,72.61,81.95,9.34,1,0.875,0.125
4116901,Nova Esperança,PR,74.13,74.65,0.52,1,0.875,0.125
1300029,Alvarães,AM,46.27,60.89,14.62,1,0.875,0.125
2703502,Jacuípe,AL,54.29,77.02,22.73,1,0.875,0.125
2101731,Belágua,MA,61.12,72.29,11.17,1,0.875,0.125
5003702,Dourados,MS,40.66,53.18,12.52,1,0.875,0.125
4120804,Quatro Barras,PR,66.78,67.24,0.46,1,0.875,0.125
4128534,Ventania,PR,74.1,77.17,3.07,1,0.875,0.125
4121208,Quitandinha,PR,71.76,75.8,4.04,1,0.875,0.125
2512200,Prata,PB,47.46,63.28,15.82,1,0.875,0.125
4101853,Ariranha do Ivaí,PR,75.6,69.82,-5.78,1,0.876,0.124
4100806,Alvorada do Sul,PR,69.39,72.48,3.09,0,0.876,0.124
1100288,Rolim de Moura,RO,68.8,74.17,5.37,1,0.876,0.124
2111052,São João do Paraíso,MA,33.48,43.97,10.49,1,0.876,0.124
4100202,Adrianópolis,PR,60.08,60.95,0.87,0,0.876,0.124
2608453,Lagoa do Carro,PE,48.37,59.78,11.41,1,0.876,0.124
5201801,Aragoiânia,GO,54.97,62.84,7.87,0,0.876,0.124
4111704,Jaboti,PR,82.7,73.86,-8.84,1,0.876,0.124
4107900,Floresta,PR,76.39,74.01,-2.38,0,0.876,0.124
3522703,Itápolis,SP,68.72,76.17,7.45,1,0.876,0.124
5204508,Caldas Novas,GO,58.83,62.94,4.11,1,0.876,0.124
2204907,Isaías Coelho,PI,27.85,34.44,6.59,1,0.876,0.124
4113502,Loanda,PR,72.42,73.8,1.38,1,0.876,0.124
4115309,Mariópolis,PR,76.4,66.98,-9.42,1,0.877,0.123
3203601,Mucurici,ES,83.71,84.09,0.38,1,0.877,0.123
4102604,Barracão,PR,72.57,73.99,1.42,1,0.877,0.123
2612000,Sairé,PE,67.71,81.01,13.3,0,0.877,0.123
3106309,Belo Oriente,MG,57.1,65.94,8.84,1,0.877,0.123
5217104,Piracanjuba,GO,67.69,71.69,4.0,1,0.877,0.123
5107404,São Pedro da Cipa,MT,72.89,76.26,3.37,1,0.877,0.123
4112009,Jaguariaíva,PR,80.92,79.14,-1.78,0,0.877,0.123
2412401,São José do Seridó,RN,36.3,56.41,20.11,1,0.877,0.123
4110102,Imbituva,PR,80.43,78.04,-2.39,1,0.877,0.123
3122009,Divino,MG,54.38,68.51,14.13,1,0.877,0.123
3132503,Itamarandiba,MG,67.93,82.8,14.87,1,0.877,0.123
4113205,Lapa,PR,81.08,74.83,-6.25,1,0.877,0.123
3149408,Pedro Teixeira,MG,80.0,100.0,20.0,1,0.878,0.122
2210391,São Miguel do Fidalgo,PI,55.79,64.42,8.63,1,0.878,0.122
2608602,Lagoa do Ouro,PE,72.63,85.39,12.76,1,0.878,0.122
2925808,Queimadas,BA,27.35,30.32,2.97,1,0.878,0.122
4128625,Alto Paraíso,PR,,68.04,,1,0.878,0.122
2606903,Iguaracy,PE,72.59,83.67,11.08,1,0.878,0.122
2209708,São Francisco do Piauí,PI,58.13,64.27,6.14,1,0.878,0.122
2103901,Duque Bacelar,MA,69.39,81.51,12.12,1,0.878,0.122
3126901,Frei Inocêncio,MG,53.11,64.71,11.6,0,0.878,0.122
4115804,Medianeira,PR,79.22,79.1,-0.12,1,0.878,0.122
3303955,Pinheiral,RJ,51.35,63.28,11.93,1,0.878,0.122
2304608,General Sampaio,CE,94.2,97.65,3.45,1,0.878,0.122
5219738,Santo Antônio de Goiás,GO,91.99,82.91,-9.08,1,0.878,0.122
5200852,Americano do Brasil,GO,74.3,78.87,4.57,1,0.878,0.122
4106704,Cruzeiro do Sul,PR,71.43,71.42,-0.01,1,0.878,0.122
3204559,Santa Maria de Jetibá,ES,85.64,85.41,-0.23,1,0.878,0.122
3301876,Iguaba Grande,RJ,62.45,70.32,7.87,1,0.878,0.122
4107702,Fênix,PR,65.16,61.86,-3.3,1,0.878,0.122
1709500,Gurupi,TO,44.44,54.37,9.93,1,0.879,0.121
2306504,Itapiúna,CE,96.14,92.57,-3.57,0,0.879,0.121
1505650,Placas,PA,42.57,55.72,13.15,1,0.879,0.121
2311009,Poranga,CE,91.88,100.0,8.12,1,0.879,0.121
2803302,Japaratuba,SE,42.14,58.28,16.14,1,0.879,0.121
1600600,Santana,AP,43.45,53.14,9.69,1,0.879,0.121
3134806,Jacuí,MG,70.85,85.13,14.28,0,0.879,0.121
2510303,Nova Palmeira,PB,59.43,76.75,17.32,1,0.879,0.121
5212907,Marzagão,GO,92.15,83.33,-8.82,1,0.879,0.121
2112001,Tasso Fragoso,MA,45.1,54.9,9.8,1,0.879,0.121
5005400,Maracaju,MS,40.62,46.55,5.93,1,0.879,0.121
2512747,Riachão,PB,52.41,70.37,17.96,1,0.879,0.121
3131802,Itabirinha,MG,68.23,83.44,15.21,1,0.88,0.12
4122156,Rio Bonito do Iguaçu,PR,79.84,75.32,-4.52,1,0.88,0.12
4127858,Três Barras do Paraná,PR,79.37,75.42,-3.95,1,0.88,0.12
1703206,Bernardo Sayão,TO,52.8,59.26,6.46,1,0.88,0.12
3145059,Nova Porteirinha,MG,41.56,51.93,10.37,1,0.88,0.12
1718840,Sandolândia,TO,45.7,53.5,7.8,1,0.88,0.12
4122909,Salto do Itararé,PR,64.52,73.64,9.12,1,0.88,0.12
2704005,Junqueiro,AL,53.3,56.66,3.36,1,0.88,0.12
4101705,Araruna,PR,76.05,77.54,1.49,1,0.88,0.12
4103909,Campina da Lagoa,PR,80.15,77.67,-2.48,1,0.88,0.12
2210201,São José do Piauí,PI,93.83,97.06,3.23,1,0.88,0.12
4102505,Barbosa Ferraz,PR,91.0,77.65,-13.35,1,0.88,0.12
4125407,São José da Boa Vista,PR,80.7,76.15,-4.55,1,0.88,0.12
5002803,Caracol,MS,49.46,55.67,6.21,1,0.88,0.12
4116109,Moreira Sales,PR,79.33,78.01,-1.32,1,0.88,0.12
3503208,Araraquara,SP,59.65,65.95,6.3,1,0.88,0.12
3529005,Marília,SP,58.79,65.47,6.68,1,0.88,0.12
3300159,Aperibé,RJ,59.34,68.41,9.07,1,0.88,0.12
3547809,Santo André,SP,54.02,60.42,6.4,1,0.88,0.12
4107603,Faxinal,PR,83.44,71.76,-11.68,1,0.88,0.12
2707602,Quebrangulo,AL,57.48,61.05,3.57,1,0.88,0.12
2907806,Cícero Dantas,BA,30.93,36.31,5.38,1,0.881,0.119
5221007,Taquaral de Goiás,GO,69.59,75.0,5.41,1,0.881,0.119
5004908,Jaraguari,MS,38.46,45.19,6.73,1,0.881,0.119
4124608,São Carlos do Ivaí,PR,78.29,73.36,-4.93,1,0.881,0.119
4127882,Tunas do Paraná,PR,63.46,75.01,11.55,1,0.881,0.119
4125902,São Pedro do Paraná,PR,71.94,75.0,3.06,1,0.881,0.119
3127602,Gouveia,MG,74.24,91.11,16.87,1,0.881,0.119
3124104,Esmeraldas,MG,51.06,68.41,17.35,1,0.881,0.119
1506161,Rio Maria,PA,41.79,56.31,14.52,0,0.881,0.119
3110103,Caiana,MG,58.54,76.5,17.96,0,0.881,0.119
4125456,São José das Palmeiras,PR,83.2,74.36,-8.84,1,0.882,0.118
3121308,Descoberto,MG,62.69,73.05,10.36,1,0.882,0.118
2614808,Tacaratu,PE,56.04,73.8,17.76,0,0.882,0.118
2102705,Cantanhede,MA,53.04,70.83,17.79,1,0.882,0.118
2401404,Baía Formosa,RN,26.01,35.36,9.35,1,0.882,0.118
3544103,Rio Grande da Serra,SP,45.84,61.8,15.96,1,0.882,0.118
1701101,Aparecida do Rio Negro,TO,30.07,35.78,5.71,1,0.882,0.118
3170909,Varzelândia,MG,52.13,69.33,17.2,1,0.882,0.118
1711902,Lagoa da Confusão,TO,26.02,35.66,9.64,1,0.882,0.118
2915809,Itambé,BA,22.21,26.98,4.77,1,0.882,0.118
2409704,Pedro Avelino,RN,23.2,34.73,11.53,1,0.882,0.118
3302056,Italva,RJ,54.49,61.79,7.3,1,0.882,0.118
2511202,Pedras de Fogo,PB,37.3,48.58,11.28,1,0.882,0.118
2603702,Canhotinho,PE,48.26,65.49,17.23,1,0.882,0.118
3113008,Caraí,MG,52.38,70.04,17.66,1,0.882,0.118
1501725,Brasil Novo,PA,73.21,87.6,14.39,1,0.883,0.117
4125308,São Jorge do Ivaí,PR,82.98,70.73,-12.25,1,0.883,0.117
2304707,Granja,CE,93.26,97.78,4.52,1,0.883,0.117
2304806,Granjeiro,CE,94.87,91.59,-3.28,1,0.883,0.117
2514602,São José do Bonfim,PB,11.97,29.62,17.65,1,0.883,0.117
5007109,Ribas do Rio Pardo,MS,34.35,42.87,8.52,1,0.883,0.117
3129806,Ibirité,MG,52.62,66.46,13.84,1,0.883,0.117
2407252,Major Sales,RN,31.42,60.04,28.62,1,0.883,0.117
3102704,Cachoeira de Pajeú,MG,60.31,77.96,17.65,1,0.883,0.117
2907103,Carinhanha,BA,28.55,31.96,3.41,1,0.883,0.117
2104628,Governador Luiz Rocha,MA,98.32,91.67,-6.65,0,0.883,0.117
3125200,Fama,MG,71.98,86.96,14.98,1,0.883,0.117
3119203,Coroaci,MG,56.22,73.42,17.2,1,0.883,0.117
2108108,Paulo Ramos,MA,76.26,90.57,14.31,1,0.883,0.117
4103222,Bom Sucesso do Sul,PR,82.0,71.33,-10.67,1,0.883,0.117
2605004,Cupira,PE,77.97,88.96,10.99,1,0.883,0.117
3203205,Linhares,ES,63.76,67.84,4.08,1,0.883,0.117
2923704,Paratinga,BA,21.13,24.46,3.33,1,0.883,0.117
3131158,Ipaba,MG,62.96,77.71,14.75,1,0.883,0.117
2903276,Barrocas,BA,42.08,46.15,4.07,1,0.883,0.117
2904704,Buerarema,BA,24.27,28.57,4.3,1,0.883,0.117
2310258,Paraipaba,CE,98.24,93.78,-4.46,1,0.884,0.116
2912103,Ibicaraí,BA,34.21,37.95,3.74,1,0.884,0.116
4104907,Castro,PR,74.26,74.56,0.3,1,0.884,0.116
4114609,Marechal Cândido Rondon,PR,75.3,76.44,1.14,1,0.884,0.116
2907905,Cipó,BA,27.9,31.09,3.19,1,0.884,0.116
5211206,Itapuranga,GO,81.61,85.1,3.49,1,0.884,0.116
2311504,Quixeré,CE,86.21,93.13,6.92,1,0.884,0.116
4104105,Campo do Tenente,PR,80.36,80.98,0.62,0,0.884,0.116
2306207,Itaiçaba,CE,91.32,96.74,5.42,1,0.884,0.116
2306306,Itapajé,CE,90.68,89.55,-1.13,1,0.884,0.116
1302108,Japurá,AM,77.63,90.51,12.88,1,0.884,0.116
4117008,Nova Fátima,PR,81.68,79.65,-2.03,1,0.884,0.116
2300606,Altaneira,CE,100.0,88.52,-11.48,1,0.884,0.116
2910602,Esplanada,BA,19.87,23.96,4.09,1,0.884,0.116
3171071,Veredinha,MG,62.13,77.02,14.89,1,0.884,0.116
3130705,Indianópolis,MG,43.12,53.9,10.78,1,0.884,0.116
3127404,Gonçalves,MG,62.15,77.02,14.87,1,0.884,0.116
5004700,Ivinhema,MS,61.82,68.78,6.96,1,0.885,0.115
2200954,Aroeiras do Itaim,PI,53.33,80.95,27.62,0,0.885,0.115
3139904,Maria da Fé,MG,60.99,78.16,17.17,1,0.885,0.115
2210052,São José do Divino,PI,100.0,92.65,-7.35,1,0.885,0.115
2210409,São Miguel do Tapuio,PI,29.86,45.19,15.33,1,0.885,0.115
5000708,Anastácio,MS,31.44,41.7,10.26,1,0.885,0.115
1711803,Juarina,TO,35.36,49.1,13.74,1,0.885,0.115
4119400,Piraí do Sul,PR,72.99,74.06,1.07,1,0.885,0.115
3200706,Atílio Vivácqua,ES,74.57,77.52,2.95,1,0.885,0.115
4121000,Querência do Norte,PR,45.28,50.32,5.04,1,0.885,0.115
2908507,Conceição do Jacuípe,BA,34.3,37.5,3.2,1,0.885,0.115
5220058,São João da Paraúna,GO,87.5,87.5,0.0,1,0.886,0.114
3127206,Funilândia,MG,56.66,68.6,11.94,1,0.886,0.114
3157278,Santa Bárbara do Monte Verde,MG,51.99,67.82,15.83,0,0.886,0.114
3120003,Córrego Novo,MG,46.69,62.81,16.12,1,0.886,0.114
2613008,São Bento do Una,PE,55.89,64.03,8.14,1,0.886,0.114
4117107,Nova Londrina,PR,77.67,74.05,-3.62,1,0.886,0.114
4105706,Clevelândia,PR,73.11,74.84,1.73,1,0.886,0.114
3108404,Botelhos,MG,71.52,84.86,13.34,1,0.886,0.114
3107505,Bom Jardim de Minas,MG,47.71,60.13,12.42,1,0.886,0.114
3131307,Ipatinga,MG,66.94,75.61,8.67,1,0.886,0.114
4112207,Janiópolis,PR,82.58,77.3,-5.28,1,0.886,0.114
4112959,Juranda,PR,59.77,63.48,3.71,1,0.886,0.114
2208650,Queimada Nova,PI,60.22,67.42,7.2,1,0.886,0.114
3138500,Liberdade,MG,56.17,71.21,15.04,1,0.886,0.114
2931707,Terra Nova,BA,23.25,28.42,5.17,1,0.886,0.114
2929370,São José do Jacuípe,BA,23.18,28.41,5.23,1,0.886,0.114
2705903,Olho d'Água Grande,AL,88.26,82.14,-6.12,1,0.886,0.114
2509156,Marizópolis,PB,100.0,98.16,-1.84,1,0.886,0.114
2912202,Ibicoara,BA,27.86,32.53,4.67,1,0.886,0.114
4108452,Foz do Jordão,PR,83.19,78.1,-5.09,1,0.886,0.114
2408508,Ouro Branco,RN,40.66,73.61,32.95,1,0.886,0.114
3144375,Natalândia,MG,49.23,64.21,14.98,1,0.886,0.114
2927101,Rodelas,BA,23.27,28.4,5.13,1,0.886,0.114
2402907,Coronel João Pessoa,RN,23.86,47.83,23.97,1,0.886,0.114
4100459,Altamira do Paraná,PR,79.08,74.47,-4.61,1,0.886,0.114
2406601,Lagoa Salgada,RN,23.4,63.42,40.02,0,0.886,0.114
3118908,Cordisburgo,MG,65.59,79.85,14.26,1,0.887,0.113
2311207,Potengi,CE,90.85,91.04,0.19,1,0.887,0.113
3300951,Comendador Levy Gasparian,RJ,51.64,66.11,14.47,1,0.887,0.113
3135308,Japaraíba,MG,71.03,80.89,9.86,1,0.887,0.113
3108305,Borda da Mata,MG,69.5,80.39,10.89,1,0.887,0.113
2309508,Orós,CE,90.9,90.75,-0.15,1,0.887,0.113
1709302,Guaraí,TO,36.07,48.16,12.09,1,0.887,0.113
2109502,Riachão,MA,41.08,51.85,10.77,1,0.887,0.113
2608503,Lagoa de Itaenga,PE,70.34,79.42,9.08,1,0.887,0.113
3162708,São João do Paraíso,MG,70.47,87.33,16.86,1,0.887,0.113
2607752,Itapissuma,PE,77.69,82.95,5.26,1,0.887,0.113
2209856,São João da Canabrava,PI,82.0,96.34,14.34,1,0.887,0.113
5005103,Jateí,MS,46.15,57.92,11.77,0,0.887,0.113
2209500,Santo Inácio do Piauí,PI,73.42,85.37,11.95,1,0.887,0.113
2211001,Teresina,PI,48.21,57.56,9.35,1,0.887,0.113
3106408,Belo Vale,MG,93.05,97.32,4.27,1,0.887,0.113
5005608,Miranda,MS,26.61,38.78,12.17,1,0.887,0.113
1508357,Vitória do Xingu,PA,60.62,70.18,9.56,1,0.888,0.112
2616308,Vicência,PE,57.45,68.15,10.7,1,0.888,0.112
1501782,Breu Branco,PA,31.24,50.55,19.31,1,0.888,0.112
2105963,Lagoa Grande do Maranhão,MA,81.68,97.12,15.44,1,0.888,0.112
3121605,Diamantina,MG,59.25,72.02,12.77,1,0.888,0.112
3158805,Santana do Jacaré,MG,76.26,86.67,10.41,1,0.888,0.112
2305803,Ipu,CE,94.21,86.66,-7.55,1,0.888,0.112
4119905,Ponta Grossa,PR,75.79,75.9,0.11,1,0.888,0.112
2603926,Carnaubeira da Penha,PE,84.31,100.0,15.69,1,0.888,0.112
5209200,Guapó,GO,64.19,70.28,6.09,0,0.888,0.112
2103158,Centro do Guilherme,MA,92.92,87.93,-4.99,1,0.888,0.112
4123501,Santa Helena,PR,79.21,79.37,0.16,1,0.888,0.112
1702554,Augustinópolis,TO,50.01,59.95,9.94,1,0.888,0.112
3113305,Carangola,MG,45.27,60.84,15.57,1,0.888,0.112
3510005,Cândido Mota,SP,62.17,68.07,5.9,1,0.888,0.112
2930303,Serra Dourada,BA,28.99,33.09,4.1,1,0.888,0.112
3114105,Carmo de Minas,MG,61.19,75.57,14.38,1,0.888,0.112
3135050,Jaíba,MG,45.96,59.64,13.68,1,0.888,0.112
3116407,Claraval,MG,74.97,84.7,9.73,1,0.888,0.112
3170602,Vargem Bonita,MG,58.82,69.23,10.41,1,0.889,0.111
2608701,Lagoa dos Gatos,PE,70.94,86.35,15.41,1,0.889,0.111
5205497,Cidade Ocidental,GO,51.3,61.82,10.52,1,0.889,0.111
2302800,Canindé,CE,96.87,94.95,-1.92,1,0.889,0.111
2614204,Sirinhaém,PE,60.3,74.49,14.19,1,0.889,0.111
4117214,Nova Santa Bárbara,PR,84.94,79.18,-5.76,1,0.889,0.111
2606507,Iati,PE,66.34,82.26,15.92,1,0.889,0.111
2202133,Campo Grande do Piauí,PI,85.6,95.8,10.2,1,0.889,0.111
3304102,Porciúncula,RJ,35.38,52.38,17.0,1,0.889,0.111
2200707,Anísio de Abreu,PI,46.55,57.02,10.47,1,0.889,0.111
3501608,Americana,SP,58.69,64.87,6.18,1,0.889,0.111
5005806,Nioaque,MS,53.94,60.98,7.04,0,0.889,0.111
4124400,Santo Antônio do Sudoeste,PR,79.51,81.43,1.92,1,0.889,0.111
5007505,Rochedo,MS,38.71,48.97,10.26,1,0.889,0.111
2314003,Várzea Alegre,CE,95.17,90.9,-4.27,1,0.889,0.111
4120606,Prudentópolis,PR,82.7,82.91,0.21,1,0.889,0.111
3549904,São José dos Campos,SP,57.69,64.52,6.83,1,0.889,0.111
3548906,São Carlos,SP,54.13,61.87,7.74,1,0.889,0.111
3105905,Barroso,MG,73.7,83.24,9.54,1,0.889,0.111
4107736,Fernandes Pinheiro,PR,80.92,79.81,-1.11,1,0.889,0.111
3515186,Espírito Santo do Pinhal,SP,63.86,75.49,11.63,1,0.889,0.111
2308005,Massapê,CE,99.41,95.03,-4.38,1,0.889,0.111
2308609,Monsenhor Tabosa,CE,96.7,97.2,0.5,1,0.889,0.111
4123808,Santa Izabel do Oeste,PR,82.42,82.63,0.21,1,0.89,0.11
4111209,Itapejara d'Oeste,PR,75.48,75.37,-0.11,1,0.89,0.11
3144409,Natércia,MG,70.18,86.3,16.12,0,0.89,0.11
5217609,Planaltina,GO,65.51,75.11,9.6,1,0.89,0.11
3124906,Eugenópolis,MG,56.5,68.59,12.09,1,0.89,0.11
4123956,Santa Mônica,PR,78.67,80.22,1.55,1,0.89,0.11
3129004,Guiricema,MG,44.72,82.89,38.17,1,0.89,0.11
4105904,Colorado,PR,84.01,78.22,-5.79,0,0.89,0.11
4111001,Itambaracá,PR,79.12,80.58,1.46,1,0.89,0.11
4122701,Sabáudia,PR,81.51,78.98,-2.53,1,0.89,0.11
4126306,Sengés,PR,80.66,81.96,1.3,1,0.89,0.11
5106505,Poconé,MT,33.97,38.36,4.39,1,0.89,0.11
3131505,Ipuiúna,MG,52.86,63.82,10.96,1,0.89,0.11
5107156,Reserva do Cabaçal,MT,76.26,83.86,7.6,0,0.89,0.11
5106158,Nova Bandeirantes,MT,73.3,76.59,3.29,1,0.89,0.11
2904902,Cachoeira,BA,24.85,33.06,8.21,1,0.89,0.11
4118600,Paula Freitas,PR,77.55,74.56,-2.99,1,0.89,0.11
4116703,Nova Aurora,PR,82.25,74.99,-7.26,1,0.89,0.11
4115358,Maripá,PR,80.97,76.69,-4.28,1,0.89,0.11
2612471,Santa Cruz da Baixa Verde,PE,75.38,87.09,11.71,1,0.89,0.11
2611903,Rio Formoso,PE,93.31,90.91,-2.4,1,0.89,0.11
2304202,Crato,CE,93.55,95.37,1.82,1,0.89,0.11
4119707,Planaltina do Paraná,PR,79.79,80.42,0.63,1,0.89,0.11
2931905,Tucano,BA,28.98,35.55,6.57,1,0.89,0.11
4104402,Cândido de Abreu,PR,83.34,85.54,2.2,1,0.89,0.11
4102307,Balsa Nova,PR,75.83,75.18,-0.65,1,0.89,0.11
2308807,Moraújo,CE,98.91,92.86,-6.05,1,0.891,0.109
2110302,Santo Antônio dos Lopes,MA,52.71,72.56,19.85,1,0.891,0.109
2928208,Santana,BA,29.91,38.7,8.79,1,0.891,0.109
3150802,Piranga,MG,60.1,76.61,16.51,1,0.891,0.109
4121257,Ramilândia,PR,88.1,77.23,-10.87,1,0.891,0.109
5216908,Pilar de Goiás,GO,96.02,80.87,-15.15,1,0.891,0.109
4121109,Quinta do Sol,PR,76.75,74.15,-2.6,1,0.891,0.109
3156106,Ritápolis,MG,64.3,81.94,17.64,1,0.891,0.109
2313252,Tarrafas,CE,95.11,91.6,-3.51,1,0.891,0.109
1716703,Colméia,TO,48.45,60.62,12.17,0,0.891,0.109
1720259,São Salvador do Tocantins,TO,47.62,59.09,11.47,1,0.891,0.109
2905305,Cafarnaum,BA,21.63,30.37,8.74,1,0.891,0.109
4120309,Porto Vitória,PR,84.62,75.0,-9.62,1,0.891,0.109
4120333,Prado Ferreira,PR,76.64,73.85,-2.79,1,0.891,0.109
1500958,Aurora do Pará,PA,33.96,55.54,21.58,1,0.891,0.109
3149606,Pequi,MG,64.18,81.37,17.19,1,0.891,0.109
2302602,Camocim,CE,94.5,94.08,-0.42,1,0.891,0.109
3303856,Paty do Alferes,RJ,66.48,75.96,9.48,1,0.891,0.109
4115754,Mauá da Serra,PR,81.13,80.48,-0.65,1,0.892,0.108
4119806,Planalto,PR,87.64,78.93,-8.71,1,0.892,0.108
3205010,Sooretama,ES,67.21,70.81,3.6,1,0.892,0.108
3161007,São Domingos do Prata,MG,69.05,84.25,15.2,1,0.892,0.108
4123006,Salto do Lontra,PR,85.46,76.46,-9.0,1,0.892,0.108
3202553,Ibitirama,ES,73.51,81.82,8.31,1,0.892,0.108
2203701,Esperantina,PI,56.99,73.13,16.14,1,0.892,0.108
4118105,Paranacity,PR,83.27,80.03,-3.24,1,0.892,0.108
2910008,Dário Meira,BA,37.81,41.07,3.26,1,0.892,0.108
2205953,Marcolândia,PI,98.87,89.66,-9.21,1,0.892,0.108
4125100,São João do Triunfo,PR,78.58,79.45,0.87,1,0.892,0.108
2202455,Capitão Gervásio Oliveira,PI,65.3,77.36,12.06,1,0.892,0.108
4121505,Rebouças,PR,86.33,77.0,-9.33,1,0.892,0.108
2310407,Paramoti,CE,98.85,94.2,-4.65,1,0.892,0.108
2300705,Alto Santo,CE,99.61,94.16,-5.45,1,0.892,0.108
4115002,Marilena,PR,84.46,75.36,-9.1,1,0.892,0.108
2920205,Malhada,BA,25.23,33.68,8.45,1,0.892,0.108
2903607,Biritinga,BA,22.22,29.82,7.6,1,0.892,0.108
3156700,Sabará,MG,57.15,71.68,14.53,1,0.892,0.108
3130903,Inhapim,MG,68.56,84.81,16.25,1,0.892,0.108
2907004,Cardeal da Silva,BA,26.67,33.04,6.37,1,0.892,0.108
4113809,Lupionópolis,PR,86.97,77.71,-9.26,0,0.892,0.108
2404101,Galinhos,RN,38.33,55.2,16.87,1,0.892,0.108
2310100,Palmácia,CE,98.68,94.31,-4.37,1,0.892,0.108
2929404,São Miguel das Matas,BA,28.76,36.76,8.0,1,0.892,0.108
1718865,Santa Fé do Araguaia,TO,16.67,31.33,14.66,0,0.892,0.108
2504603,Conde,PB,62.38,69.48,7.1,1,0.892,0.108
4113106,Kaloré,PR,83.41,77.98,-5.43,1,0.892,0.108
3135704,Jequitibá,MG,52.44,65.96,13.52,1,0.892,0.108
5007208,Rio Brilhante,MS,40.18,52.67,12.49,1,0.892,0.108
4123709,Santa Isabel do Ivaí,PR,84.22,75.13,-9.09,1,0.892,0.108
4103370,Brasilândia do Sul,PR,74.32,77.7,3.38,0,0.892,0.108
5007976,Taquarussu,MS,78.85,85.45,6.6,1,0.892,0.108
4111555,Ivaté,PR,84.34,77.24,-7.1,1,0.892,0.108
2210300,São Julião,PI,94.83,87.93,-6.9,1,0.893,0.107
3119401,Coronel Fabriciano,MG,47.39,64.1,16.71,1,0.893,0.107
5002902,Cassilândia,MS,37.72,54.38,16.66,1,0.893,0.107
2309904,Pacujá,CE,97.88,100.0,2.12,1,0.893,0.107
4127502,Tibagi,PR,77.76,77.79,0.03,1,0.893,0.107
2311108,Porteiras,CE,93.46,92.09,-1.37,1,0.893,0.107
2310704,Pentecoste,CE,93.06,91.29,-1.77,1,0.893,0.107
2311231,Potiretama,CE,100.0,97.47,-2.53,1,0.894,0.106
2304277,Ereré,CE,98.58,95.0,-3.58,1,0.894,0.106
5200506,Aloândia,GO,94.15,90.91,-3.24,1,0.894,0.106
2304459,Fortim,CE,97.52,93.28,-4.24,1,0.894,0.106
1505700,Ponta de Pedras,PA,39.5,58.0,18.5,1,0.894,0.106
2922052,Mulungu do Morro,BA,22.47,28.83,6.36,1,0.894,0.106
2610202,Panelas,PE,76.82,94.53,17.71,1,0.894,0.106
2110658,São Domingos do Azeitão,MA,22.32,36.83,14.51,1,0.894,0.106
3161205,São Francisco de Paula,MG,78.67,90.73,12.06,1,0.894,0.106
2926608,Ribeira do Pombal,BA,34.39,40.72,6.33,1,0.894,0.106
4103305,Borrazópolis,PR,87.15,75.03,-12.12,1,0.894,0.106
2201960,Brasileira,PI,33.17,42.58,9.41,1,0.894,0.106
3502705,Apiaí,SP,61.39,74.62,13.23,0,0.894,0.106
2200509,Amarante,PI,22.26,32.94,10.68,1,0.894,0.106
4102000,Assis Chateaubriand,PR,80.21,80.31,0.1,1,0.894,0.106
2112506,Tutóia,MA,37.64,57.61,19.97,1,0.894,0.106
5102603,Campinápolis,MT,38.79,44.13,5.34,1,0.894,0.106
2205607,Landri Sales,PI,97.9,100.0,2.1,0,0.894,0.106
3135407,Jeceaba,MG,67.57,88.66,21.09,0,0.894,0.106
1714880,Nova Olinda,TO,25.45,40.7,15.25,1,0.894,0.106
4126603,Siqueira Campos,PR,85.7,82.88,-2.82,1,0.894,0.106
2204709,Inhuma,PI,55.39,67.52,12.13,1,0.894,0.106
2203453,Dom Inocêncio,PI,97.37,87.27,-10.1,1,0.894,0.106
4106803,Cruz Machado,PR,80.66,84.49,3.83,1,0.894,0.106
1714203,Natividade,TO,28.21,43.89,15.68,1,0.894,0.106
3202405,Guarapari,ES,71.81,75.99,4.18,1,0.894,0.106
2914604,Irecê,BA,42.02,46.83,4.81,1,0.894,0.106
2908101,Cocos,BA,48.62,51.69,3.07,1,0.895,0.105
2309300,Nova Russas,CE,96.69,99.64,2.95,1,0.895,0.105
1706506,Darcinópolis,TO,31.21,45.61,14.4,1,0.895,0.105
2202091,Caldeirão Grande do Piauí,PI,100.0,100.0,0.0,1,0.895,0.105
2209153,Santa Cruz dos Milagres,PI,52.44,68.18,15.74,1,0.895,0.105
4127700,Toledo,PR,79.58,81.69,2.11,1,0.895,0.105
3161908,São Gonçalo do Rio Abaixo,MG,80.53,91.6,11.07,1,0.895,0.105
2111748,Senador Alexandre Costa,MA,95.63,96.12,0.49,1,0.895,0.105
5211701,Jandaia,GO,77.19,80.25,3.06,1,0.895,0.105
5202353,Arenópolis,GO,91.53,83.64,-7.89,1,0.895,0.105
3150604,Piracema,MG,66.97,76.35,9.38,1,0.895,0.105
2709152,Teotônio Vilela,AL,52.48,57.59,5.11,1,0.895,0.105
3109808,Cachoeira Dourada,MG,80.57,94.74,14.17,1,0.895,0.105
2206050,Massapê do Piauí,PI,45.94,60.66,14.72,1,0.895,0.105
4128005,Ubiratã,PR,85.59,77.6,-7.99,1,0.895,0.105
5212709,Mambaí,GO,50.41,68.27,17.86,1,0.896,0.104
2605707,Floresta,PE,33.42,51.67,18.25,1,0.896,0.104
2100873,Araguanã,MA,98.19,91.6,-6.59,1,0.896,0.104
5207600,Fazenda Nova,GO,96.67,100.0,3.33,1,0.896,0.104
2604700,Correntes,PE,51.81,71.97,20.16,0,0.896,0.104
2105203,Igarapé Grande,MA,97.77,89.11,-8.66,1,0.896,0.104
2111573,São Pedro dos Crentes,MA,40.27,59.47,19.2,1,0.896,0.104
5209804,Hidrolina,GO,68.26,72.5,4.24,1,0.896,0.104
3112307,Capelinha,MG,70.01,82.5,12.49,1,0.896,0.104
2204402,Gilbués,PI,31.29,39.2,7.91,1,0.896,0.104
2603900,Carnaíba,PE,91.81,92.5,0.69,1,0.896,0.104
4127965,Turvo,PR,82.63,84.81,2.18,1,0.896,0.104
2306553,Itarema,CE,92.56,92.49,-0.07,1,0.896,0.104
2202703,Cocal,PI,73.16,83.93,10.77,1,0.896,0.104
3549706,São José do Rio Pardo,SP,55.33,67.62,12.29,1,0.897,0.103
3168606,Teófilo Otoni,MG,52.62,65.96,13.34,1,0.897,0.103
2909208,Coronel João Sá,BA,28.7,36.04,7.34,1,0.897,0.103
3549409,São Joaquim da Barra,SP,52.89,67.94,15.05,1,0.897,0.103
2102077,Bom Lugar,MA,100.0,95.28,-4.72,1,0.897,0.103
5213103,Mineiros,GO,80.26,84.01,3.75,1,0.897,0.103
3541604,Promissão,SP,64.05,73.51,9.46,0,0.897,0.103
2100477,Alto Alegre do Pindaré,MA,36.04,56.29,20.25,1,0.897,0.103
2924009,Paulo Afonso,BA,24.79,30.51,5.72,1,0.897,0.103
2904001,Boninal,BA,45.05,48.96,3.91,1,0.897,0.103
2514503,São José de Piranhas,PB,34.1,55.77,21.67,0,0.897,0.103
2105500,João Lisboa,MA,35.04,55.83,20.79,1,0.897,0.103
3125101,Extrema,MG,57.68,69.33,11.65,1,0.897,0.103
2901304,Andaraí,BA,44.8,47.79,2.99,1,0.897,0.103
2208858,Riacho Frio,PI,98.41,92.42,-5.99,1,0.897,0.103
4122503,Roncador,PR,83.73,76.32,-7.41,1,0.897,0.103
2200202,Água Branca,PI,90.64,91.98,1.34,1,0.897,0.103
2926103,Retirolândia,BA,18.48,23.58,5.1,1,0.897,0.103
3500303,Aguaí,SP,47.35,61.22,13.87,1,0.897,0.103
2924306,Piatã,BA,42.2,45.33,3.13,1,0.897,0.103
3111002,Campestre,MG,69.98,81.73,11.75,1,0.897,0.103
5000203,Água Clara,MS,70.19,77.03,6.84,1,0.897,0.103
3143104,Monte Carmelo,MG,70.23,83.18,12.95,1,0.898,0.102
5001904,Bataguassu,MS,37.66,52.31,14.65,1,0.898,0.102
5003108,Corguinho,MS,45.65,58.66,13.01,0,0.898,0.102
3137601,Lagoa Santa,MG,62.69,73.13,10.44,0,0.898,0.102
2203750,Fartura do Piauí,PI,36.65,52.0,15.35,1,0.898,0.102
5208152,Gameleira de Goiás,GO,98.15,79.76,-18.39,1,0.898,0.102
2313906,Uruoca,CE,95.51,99.01,3.5,1,0.898,0.102
4110805,Iretama,PR,87.59,80.07,-7.52,1,0.898,0.102
2609303,Mirandiba,PE,35.45,57.83,22.38,1,0.898,0.102
2109205,Presidente Juscelino,MA,36.89,57.94,21.05,0,0.898,0.102
3166402,Seritinga,MG,64.0,75.0,11.0,1,0.898,0.102
5218300,Posse,GO,76.16,80.95,4.79,1,0.898,0.102
3165107,São Tomás de Aquino,MG,68.13,82.09,13.96,0,0.898,0.102
3110707,Cambuquira,MG,71.62,81.89,10.27,1,0.898,0.102
3139805,Mar de Espanha,MG,50.15,68.1,17.95,1,0.898,0.102
3302908,Miguel Pereira,RJ,57.4,70.49,13.09,1,0.898,0.102
2206670,Morro do Chapéu do Piauí,PI,28.84,40.04,11.2,1,0.898,0.102
3111200,Campo Belo,MG,69.49,85.57,16.08,1,0.898,0.102
2104305,Godofredo Viana,MA,82.97,88.4,5.43,1,0.899,0.101
5107198,Ribeirãozinho,MT,48.96,52.72,3.76,1,0.899,0.101
3169901,Ubá,MG,65.24,78.84,13.6,1,0.899,0.101
2106706,Mirador,MA,35.01,55.82,20.81,1,0.899,0.101
2304301,Farias Brito,CE,98.01,96.0,-2.01,1,0.899,0.101
2312205,Santa Quitéria,CE,98.21,95.08,-3.13,1,0.899,0.101
2702900,Girau do Ponciano,AL,35.73,39.96,4.23,1,0.899,0.101
2305209,Hidrolândia,CE,99.02,96.11,-2.91,1,0.899,0.101
2211605,Vila Nova do Piauí,PI,100.0,100.0,0.0,1,0.899,0.101
2305001,Guaraciaba do Norte,CE,98.55,95.65,-2.9,1,0.899,0.101
4121406,Realeza,PR,88.32,79.84,-8.48,1,0.899,0.101
2201572,Belém do Piauí,PI,100.0,100.0,0.0,1,0.899,0.101
4104501,Capanema,PR,78.46,79.5,1.04,1,0.899,0.101
2203206,Curimatá,PI,68.19,81.77,13.58,1,0.899,0.101
3104502,Arinos,MG,37.17,48.56,11.39,1,0.899,0.101
4117271,Nova Tebas,PR,89.19,84.88,-4.31,1,0.899,0.101
2708956,Senador Rui Palmeira,AL,51.9,57.08,5.18,1,0.899,0.101
2112704,Vargem Grande,MA,98.85,96.58,-2.27,1,0.899,0.101
1718881,Santa Maria do Tocantins,TO,24.56,39.73,15.17,1,0.899,0.101
2204808,Ipiranga do Piauí,PI,85.43,95.83,10.4,1,0.899,0.101
1713700,Monte Santo do Tocantins,TO,29.33,44.77,15.44,1,0.899,0.101
2205532,Jurema,PI,96.41,98.36,1.95,1,0.899,0.101
2313609,Ubajara,CE,96.98,95.13,-1.85,1,0.899,0.101
3304128,Quatis,RJ,48.93,60.05,11.12,1,0.899,0.101
2506905,Itabaiana,PB,33.24,53.73,20.49,1,0.899,0.101
2308500,Mombaça,CE,93.52,93.51,-0.01,1,0.9,0.1
1100304,Vilhena,RO,65.62,71.66,6.04,1,0.9,0.1
2312809,Senador Sá,CE,99.07,99.12,0.05,1,0.9,0.1
5216403,Paraúna,GO,61.83,67.88,6.05,1,0.9,0.1
4117206,Nova Olímpia,PR,79.22,91.63,12.41,1,0.9,0.1
5003256,Costa Rica,MS,38.85,54.88,16.03,1,0.9,0.1
3135100,Janaúba,MG,52.76,67.7,14.94,1,0.9,0.1
4126272,Saudade do Iguaçu,PR,92.53,85.49,-7.04,1,0.9,0.1
4122172,Rio Branco do Ivaí,PR,69.75,73.84,4.09,1,0.9,0.1
3138203,Lavras,MG,58.0,68.67,10.67,1,0.9,0.1
5204102,Cachoeira Alta,GO,73.19,78.35,5.16,1,0.9,0.1
5213772,Montividiu do Norte,GO,59.37,65.74,6.37,1,0.9,0.1
3155801,Rio Pomba,MG,65.31,78.55,13.24,1,0.9,0.1
5105580,Marcelândia,MT,62.31,65.36,3.05,1,0.9,0.1
2504850,Coxixola,PB,75.0,93.33,18.33,1,0.9,0.1
4100905,Amaporã,PR,71.89,76.71,4.82,1,0.9,0.1
2300804,Antonina do Norte,CE,97.31,94.51,-2.8,1,0.9,0.1
2705705,Olho d'Água das Flores,AL,40.12,45.46,5.34,1,0.9,0.1
3118304,Conselheiro Lafaiete,MG,68.74,83.19,14.45,1,0.9,0.1
3118700,Coqueiral,MG,71.3,82.47,11.17,1,0.9,0.1
4128658,Virmond,PR,78.69,81.54,2.85,1,0.9,0.1
2312908,Sobral,CE,98.74,98.58,-0.16,1,0.9,0.1
2111532,São Pedro da Água Branca,MA,32.95,55.64,22.69,1,0.9,0.1
2708006,Santana do Ipanema,AL,34.54,44.16,9.62,1,0.9,0.1
3171709,Virgínia,MG,57.94,74.66,16.72,1,0.901,0.099
4107850,Flor da Serra do Sul,PR,85.72,85.55,-0.17,1,0.901,0.099
3115805,Centralina,MG,82.74,91.99,9.25,1,0.901,0.099
3109451,Cabeceira Grande,MG,40.49,54.59,14.1,0,0.901,0.099
2202083,Cajueiro da Praia,PI,47.44,62.75,15.31,1,0.901,0.099
5002308,Brasilândia,MS,51.72,60.76,9.04,1,0.901,0.099
1706100,Cristalândia,TO,46.85,61.42,14.57,1,0.901,0.099
4110953,Itaipulândia,PR,86.91,84.64,-2.27,1,0.901,0.099
4123204,Santa Cecília do Pavão,PR,87.42,80.09,-7.33,0,0.901,0.099
4103800,Cambira,PR,86.17,83.63,-2.54,1,0.901,0.099
4103453,Cafelândia,PR,87.02,78.14,-8.88,1,0.901,0.099
4103958,Campina do Simão,PR,85.54,84.25,-1.29,1,0.901,0.099
1703701,Brejinho de Nazaré,TO,38.1,49.45,11.35,1,0.901,0.099
5007802,Selvíria,MS,26.67,59.83,33.16,1,0.901,0.099
2902104,Araci,BA,20.27,24.47,4.2,1,0.901,0.099
4121901,Ribeirão do Pinhal,PR,86.67,84.51,-2.16,1,0.901,0.099
4101804,Araucária,PR,69.52,69.02,-0.5,1,0.901,0.099
4100608,Alto Paraná,PR,65.0,70.12,5.12,1,0.901,0.099
3152907,Pratápolis,MG,64.14,76.97,12.83,1,0.901,0.099
1700301,Aguiarnópolis,TO,25.2,40.89,15.69,1,0.901,0.099
4114500,Manoel Ribas,PR,67.7,71.98,4.28,1,0.901,0.099
2914000,Ipirá,BA,29.98,34.46,4.48,1,0.901,0.099
2304103,Crateús,CE,97.08,97.2,0.12,1,0.901,0.099
3159209,Santa Rita de Caldas,MG,82.22,92.49,10.27,1,0.901,0.099
3122355,Divisa Alegre,MG,50.93,62.69,11.76,1,0.901,0.099
4116505,Nova Aliança do Ivaí,PR,38.1,43.75,5.65,1,0.901,0.099
4118808,Peabiru,PR,69.48,74.24,4.76,1,0.901,0.099
4120358,Pranchita,PR,84.27,79.55,-4.72,1,0.901,0.099
3162955,São José da Lapa,MG,62.41,75.09,12.68,1,0.901,0.099
3164704,São Sebastião do Paraíso,MG,65.48,81.09,15.61,1,0.902,0.098
2907558,Caturama,BA,46.92,50.85,3.93,1,0.902,0.098
2906204,Canarana,BA,29.21,33.73,4.52,1,0.902,0.098
1101005,Governador Jorge Teixeira,RO,65.11,70.76,5.65,1,0.902,0.098
2303105,Cariré,CE,99.57,98.77,-0.8,1,0.902,0.098
2312700,Senador Pompeu,CE,100.0,98.44,-1.56,1,0.902,0.098
2312304,São Benedito,CE,96.53,95.1,-1.43,1,0.902,0.098
2312007,Santana do Acaraú,CE,99.18,98.26,-0.92,1,0.902,0.098
1707009,Dianópolis,TO,51.81,61.27,9.46,1,0.902,0.098
2920908,Mascote,BA,22.32,26.73,4.41,1,0.902,0.098
5204904,Campos Belos,GO,65.21,75.75,10.54,1,0.902,0.098
2303956,Chorozinho,CE,98.33,97.15,-1.18,1,0.902,0.098
3117801,Conceição dos Ouros,MG,61.94,77.03,15.09,1,0.902,0.098
2311702,Reriutaba,CE,99.52,98.5,-1.02,1,0.902,0.098
2313955,Varjota,CE,99.57,98.06,-1.51,1,0.902,0.098
3128709,Guaxupé,MG,53.45,66.93,13.48,1,0.902,0.098
5004601,Itaquiraí,MS,73.35,79.41,6.06,1,0.902,0.098
3142601,Monsenhor Paulo,MG,62.69,78.89,16.2,0,0.902,0.098
3145901,Ouro Branco,MG,65.37,81.33,15.96,1,0.902,0.098
2308906,Morrinhos,CE,98.9,97.77,-1.13,1,0.902,0.098
2926509,Ribeira do Amparo,BA,28.72,33.95,5.23,1,0.902,0.098
3151503,Piumhi,MG,57.27,73.46,16.19,1,0.902,0.098
2210508,São Pedro do Piauí,PI,49.25,67.14,17.89,1,0.902,0.098
2930402,Serra Preta,BA,31.84,36.67,4.83,1,0.902,0.098
2924603,Pindobaçu,BA,34.17,39.19,5.02,0,0.902,0.098
2923357,Ourolândia,BA,22.65,34.04,11.39,1,0.902,0.098
2912905,Ibirataia,BA,32.79,37.44,4.65,1,0.902,0.098
3128006,Guanhães,MG,58.73,72.64,13.91,1,0.902,0.098
2307254,Jijoca de Jericoacoara,CE,99.76,98.03,-1.73,1,0.902,0.098
2903235,Barro Alto,BA,24.29,29.75,5.46,1,0.902,0.098
3160702,Santos Dumont,MG,56.94,72.65,15.71,1,0.902,0.098
2933000,Valente,BA,32.24,37.25,5.01,1,0.902,0.098
3171204,Vespasiano,MG,54.97,70.72,15.75,1,0.902,0.098
2302503,Brejo Santo,CE,93.05,95.4,2.35,1,0.903,0.097
2300200,Acaraú,CE,95.81,97.71,1.9,1,0.903,0.097
4103354,Braganey,PR,84.89,85.11,0.22,1,0.903,0.097
4107207,Dois Vizinhos,PR,83.75,82.56,-1.19,1,0.903,0.097
1713304,Miranorte,TO,52.55,63.01,10.46,1,0.903,0.097
4107405,Enéas Marques,PR,83.61,85.24,1.63,1,0.903,0.097
2100550,Amapá do Maranhão,MA,22.97,43.0,20.03,1,0.903,0.097
2311405,Quixeramobim,CE,98.53,98.76,0.23,1,0.903,0.097
3131703,Itabira,MG,57.13,69.81,12.68,1,0.903,0.097
2311801,Russas,CE,92.93,94.59,1.66,1,0.903,0.097
1718303,Praia Norte,TO,18.07,38.49,20.42,1,0.903,0.097
2616506,Xexéu,PE,62.65,81.33,18.68,1,0.903,0.097
2501575,Barra de Santana,PB,28.04,49.18,21.14,1,0.903,0.097
2926707,Rio de Contas,BA,50.44,55.74,5.3,1,0.903,0.097
2911105,Formosa do Rio Preto,BA,19.66,28.21,8.55,1,0.903,0.097
1100064,Colorado do Oeste,RO,62.85,71.69,8.84,1,0.903,0.097
2513505,Santana de Mangueira,PB,81.58,100.0,18.42,1,0.903,0.097
3117876,Confins,MG,52.52,69.15,16.63,1,0.903,0.097
3132008,Itacambira,MG,78.57,100.0,21.43,1,0.903,0.097
2209872,São João da Fronteira,PI,26.94,43.37,16.43,1,0.903,0.097
3144706,Nova Era,MG,60.32,72.22,11.9,1,0.903,0.097
2310803,Pereiro,CE,95.85,93.44,-2.41,1,0.903,0.097
3105103,Bambuí,MG,65.95,80.48,14.53,1,0.903,0.097
2611002,Petrolândia,PE,51.87,66.17,14.3,0,0.903,0.097
3104601,Astolfo Dutra,MG,74.88,88.29,13.41,1,0.903,0.097
1701903,Araguacema,TO,38.62,49.27,10.65,1,0.903,0.097
3106002,Bela Vista de Minas,MG,59.1,73.01,13.91,1,0.904,0.096
2313203,Tamboril,CE,97.16,98.31,1.15,1,0.904,0.096
2111250,São José dos Basílios,MA,12.94,56.16,43.22,1,0.904,0.096
3166907,Serrania,MG,63.81,80.88,17.07,1,0.904,0.096
2606002,Garanhuns,PE,52.28,69.75,17.47,1,0.904,0.096
1100254,Presidente Médici,RO,59.4,67.81,8.41,1,0.904,0.096
5219407,Santa Rita do Araguaia,GO,78.75,83.33,4.58,1,0.904,0.096
2311264,Quiterianópolis,CE,97.37,99.0,1.63,1,0.904,0.096
2303808,Cedro,CE,96.63,98.77,2.14,1,0.904,0.096
4114203,Mandaguari,PR,85.06,81.53,-3.53,1,0.904,0.096
2706307,Palmeira dos Índios,AL,31.61,38.7,7.09,1,0.904,0.096
3123304,Dores do Turvo,MG,76.7,95.99,19.29,1,0.904,0.096
3169000,Tocantins,MG,58.37,71.46,13.09,1,0.904,0.096
2306108,Irauçuba,CE,96.53,96.76,0.23,1,0.904,0.096
3153608,Prudente de Morais,MG,51.09,63.8,12.71,1,0.904,0.096
2601607,Belém do São Francisco,PE,51.55,62.62,11.07,0,0.904,0.096
2302305,Bela Cruz,CE,95.85,97.83,1.98,1,0.904,0.096
2207934,Pedro Laurentino,PI,37.77,47.35,9.58,1,0.904,0.096
2304236,Croatá,CE,98.5,99.14,0.64,1,0.904,0.096
2309409,Novo Oriente,CE,98.75,100.0,1.25,1,0.904,0.096
3530508,Mococa,SP,52.99,70.42,17.43,1,0.904,0.096
2310506,Pedra Branca,CE,99.44,99.7,0.26,1,0.904,0.096
4125704,São Miguel do Iguaçu,PR,73.58,77.84,4.26,1,0.904,0.096
2305902,Ipueiras,CE,97.9,99.54,1.64,1,0.904,0.096
2608750,Lagoa Grande,PE,54.74,67.55,12.81,1,0.904,0.096
3168705,Timóteo,MG,68.55,78.72,10.17,1,0.904,0.096
5221304,Três Ranchos,GO,79.46,84.05,4.59,1,0.904,0.096
2304004,Coreaú,CE,100.0,100.0,0.0,1,0.905,0.095
2300507,Alcântaras,CE,97.81,99.05,1.24,1,0.905,0.095
3545803,Santa Bárbara d'Oeste,SP,55.78,66.84,11.06,1,0.905,0.095
5213509,Monte Alegre de Goiás,GO,75.44,81.87,6.43,0,0.905,0.095
4101002,Ampére,PR,65.51,70.06,4.55,1,0.905,0.095
2502102,Boa Ventura,PB,28.58,47.71,19.13,1,0.905,0.095
2919553,Luís Eduardo Magalhães,BA,29.41,35.72,6.31,1,0.905,0.095
4116059,Missal,PR,88.67,83.28,-5.39,1,0.905,0.095
3529401,Mauá,SP,63.79,73.14,9.35,1,0.905,0.095
3137205,Lagoa da Prata,MG,66.18,82.41,16.23,1,0.905,0.095
2305654,Ipaporanga,CE,97.47,99.16,1.69,1,0.905,0.095
2916203,Itapé,BA,30.59,35.38,4.79,1,0.905,0.095
2306603,Itatira,CE,99.62,99.06,-0.56,1,0.905,0.095
3171303,Viçosa,MG,61.85,78.22,16.37,1,0.905,0.095
2305233,Horizonte,CE,93.36,96.2,2.84,1,0.905,0.095
3148103,Patrocínio,MG,61.41,71.67,10.26,1,0.905,0.095
3147105,Pará de Minas,MG,61.39,76.29,14.9,1,0.905,0.095
3149101,Pedralva,MG,50.09,85.5,35.41,1,0.905,0.095
2301257,Ararendá,CE,98.92,99.34,0.42,1,0.905,0.095
2304269,Deputado Irapuan Pinheiro,CE,98.65,98.82,0.17,1,0.905,0.095
2304251,Cruz,CE,99.53,98.93,-0.6,1,0.905,0.095
2929800,Saúde,BA,15.02,20.73,5.71,1,0.905,0.095
4105300,Céu Azul,PR,81.6,84.56,2.96,0,0.905,0.095
4304622,Capão Bonito do Sul,RS,53.85,60.0,6.15,1,0.905,0.095
5201405,Aparecida de Goiânia,GO,60.67,69.22,8.55,1,0.905,0.095
2305332,Ibicuitinga,CE,96.13,96.67,0.54,1,0.905,0.095
2304350,Forquilha,CE,100.0,100.0,0.0,1,0.905,0.095
2305605,Independência,CE,98.8,98.62,-0.18,1,0.905,0.095
2307908,Martinópole,CE,98.47,99.24,0.77,1,0.905,0.095
2310951,Pires Ferreira,CE,99.14,100.0,0.86,1,0.905,0.095
2910305,Elísio Medrado,BA,29.96,35.29,5.33,1,0.905,0.095
2304657,Graça,CE,98.41,100.0,1.59,1,0.905,0.095
2911857,Heliópolis,BA,31.4,36.36,4.96,1,0.905,0.095
2309003,Mucambo,CE,97.92,98.82,0.9,1,0.905,0.095
2303006,Caridade,CE,96.73,98.73,2.0,1,0.905,0.095
2513604,Santana dos Garrotes,PB,32.69,52.77,20.08,1,0.905,0.095
1100031,Cabixi,RO,69.1,75.88,6.78,1,0.906,0.094
2106672,Milagres do Maranhão,MA,100.0,96.86,-3.14,1,0.906,0.094
1718907,Santa Rosa do Tocantins,TO,20.86,36.92,16.06,1,0.906,0.094
1701051,Angico,TO,40.16,59.12,18.96,1,0.906,0.094
5214705,Nova América,GO,89.9,95.24,5.34,1,0.906,0.094
4101903,Assaí,PR,88.72,80.24,-8.48,1,0.906,0.094
1700251,Abreulândia,TO,62.07,75.0,12.93,1,0.906,0.094
2305308,Ibiapina,CE,94.97,97.38,2.41,1,0.906,0.094
2302057,Barroquinha,CE,96.36,95.7,-0.66,1,0.906,0.094
1703909,Caseara,TO,17.04,31.53,14.49,1,0.906,0.094
3506003,Bauru,SP,49.38,59.95,10.57,1,0.906,0.094
2609105,Machados,PE,86.88,96.75,9.87,1,0.906,0.094
2308203,Meruoca,CE,98.47,98.21,-0.26,1,0.906,0.094
2309201,Nova Olinda,CE,100.0,99.53,-0.47,1,0.906,0.094
4107504,Engenheiro Beltrão,PR,87.33,82.06,-5.27,1,0.906,0.094
2307809,Marco,CE,94.18,96.66,2.48,1,0.906,0.094
4111407,Ivaí,PR,84.6,82.65,-1.95,1,0.906,0.094
2313005,Solonópole,CE,98.1,98.96,0.86,1,0.906,0.094
2303659,Catunda,CE,100.0,100.0,0.0,1,0.906,0.094
2303931,Choró,CE,97.81,95.42,-2.39,1,0.906,0.094
4121752,Reserva do Iguaçu,PR,77.91,83.13,5.22,1,0.906,0.094
4110508,Ipiranga,PR,88.2,82.28,-5.92,1,0.906,0.094
4119103,Piên,PR,85.9,83.34,-2.56,1,0.906,0.094
2105807,Lago do Junco,MA,100.0,97.1,-2.9,1,0.906,0.094
2100105,Afonso Cunha,MA,72.13,93.1,20.97,1,0.906,0.094
2310209,Paracuru,CE,94.86,95.08,0.22,1,0.906,0.094
2304509,Frecheirinha,CE,99.67,98.18,-1.49,1,0.906,0.094
2304905,Groaíras,CE,99.15,96.95,-2.2,1,0.906,0.094
2308351,Milhã,CE,100.0,97.92,-2.08,1,0.906,0.094
3172202,Wenceslau Braz,MG,48.66,70.34,21.68,1,0.907,0.093
5206800,Damolândia,GO,93.21,97.08,3.87,1,0.907,0.093
5206701,Damianópolis,GO,70.55,83.93,13.38,1,0.907,0.093
3149309,Pedro Leopoldo,MG,58.7,75.11,16.41,1,0.907,0.093
3134905,Jacutinga,MG,62.51,79.14,16.63,1,0.907,0.093
3200607,Aracruz,ES,70.92,74.36,3.44,1,0.907,0.093
5211503,Itumbiara,GO,69.78,74.44,4.66,1,0.907,0.093
3127800,Grão Mogol,MG,71.57,86.04,14.47,1,0.907,0.093
3148004,Patos de Minas,MG,70.3,79.64,9.34,1,0.907,0.093
3162500,São João del Rei,MG,60.89,77.27,16.38,1,0.907,0.093
3141108,Matozinhos,MG,47.4,62.97,15.57,1,0.907,0.093
4124020,Santa Tereza do Oeste,PR,73.31,77.75,4.44,1,0.907,0.093
4120150,Porto Barreiro,PR,100.0,86.29,-13.71,1,0.907,0.093
2707008,Pindoba,AL,29.05,48.15,19.1,1,0.907,0.093
3130408,Ijaci,MG,72.8,82.9,10.1,1,0.907,0.093
1100296,Santa Luzia D'Oeste,RO,76.11,83.36,7.25,1,0.907,0.093
3172004,Visconde do Rio Branco,MG,59.69,74.81,15.12,0,0.907,0.093
2304285,Eusébio,CE,92.64,93.91,1.27,1,0.907,0.093
3143906,Muriaé,MG,59.1,75.48,16.38,1,0.907,0.093
4104055,Campo Bonito,PR,72.87,78.31,5.44,1,0.907,0.093
3127701,Governador Valadares,MG,58.73,69.38,10.65,1,0.908,0.092
3114709,Carvalhópolis,MG,76.96,100.0,23.04,1,0.908,0.092
3125606,Felisburgo,MG,52.21,70.2,17.99,1,0.908,0.092
3134301,Itumirim,MG,61.21,82.59,21.38,0,0.908,0.092
2906907,Caravelas,BA,40.91,49.78,8.87,1,0.908,0.092
1712504,Marianópolis do Tocantins,TO,24.15,36.72,12.57,1,0.908,0.092
3138682,Luislândia,MG,59.68,78.7,19.02,1,0.908,0.092
3114303,Carmo do Paranaíba,MG,70.91,86.35,15.44,1,0.908,0.092
4110607,Iporã,PR,64.15,68.95,4.8,1,0.908,0.092
2701100,Branquinha,AL,76.44,79.89,3.45,1,0.908,0.092
3103900,Araújos,MG,74.0,88.5,14.5,1,0.908,0.092
3146750,Palmópolis,MG,48.58,70.64,22.06,1,0.908,0.092
3200508,Apiacá,ES,58.4,62.88,4.48,1,0.908,0.092
3301207,Carmo,RJ,43.6,67.98,24.38,1,0.908,0.092
2910750,Fátima,BA,42.51,49.57,7.06,1,0.908,0.092
3150570,Pintópolis,MG,46.0,64.82,18.82,1,0.908,0.092
2504108,Carrapateira,PB,68.95,91.67,22.72,1,0.908,0.092
2502904,Brejo dos Santos,PB,45.49,64.03,18.54,0,0.908,0.092
2919900,Macururé,BA,4.65,12.5,7.85,1,0.908,0.092
2503605,Caiçara,PB,53.84,72.22,18.38,1,0.908,0.092
3133402,Itapagipe,MG,63.86,77.3,13.44,0,0.909,0.091
3113404,Caratinga,MG,50.26,67.42,17.16,1,0.909,0.091
3107109,Boa Esperança,MG,57.37,74.5,17.13,1,0.909,0.091
3120409,Cristiano Otoni,MG,72.12,89.96,17.84,1,0.909,0.091
4125209,São Jorge d'Oeste,PR,88.28,84.59,-3.69,1,0.909,0.091
3103504,Araguari,MG,49.17,65.37,16.2,1,0.909,0.091
3145208,Nova Serrana,MG,54.95,72.47,17.52,1,0.909,0.091
2928703,Santo Antônio de Jesus,BA,33.47,40.9,7.43,1,0.909,0.091
4125803,São Pedro do Ivaí,PR,83.61,85.66,2.05,1,0.909,0.091
3109501,Cabo Verde,MG,71.99,86.58,14.59,0,0.909,0.091
3140506,Martinho Campos,MG,61.19,78.23,17.04,1,0.909,0.091
5006606,Ponta Porã,MS,55.04,67.74,12.7,1,0.909,0.091
3146107,Ouro Preto,MG,64.92,74.25,9.33,1,0.909,0.091
2929602,Sapeaçu,BA,56.84,64.52,7.68,1,0.909,0.091
2929701,Sátiro Dias,BA,15.36,30.68,15.32,1,0.909,0.091
5106422,Peixoto de Azevedo,MT,36.06,41.77,5.71,1,0.909,0.091
2806909,São Francisco,SE,34.78,81.25,46.47,1,0.909,0.091
3546405,Santa Cruz do Rio Pardo,SP,52.96,70.73,17.77,1,0.909,0.091
2917607,Jaguaquara,BA,46.31,53.7,7.39,1,0.909,0.091
2916302,Itapebi,BA,14.97,23.44,8.47,1,0.909,0.091
3170404,Unaí,MG,55.92,67.21,11.29,1,0.909,0.091
2912400,Ibipeba,BA,29.8,36.88,7.08,1,0.91,0.09
3129608,Ibiaí,MG,56.95,76.41,19.46,1,0.91,0.09
2211704,Wall Ferraz,PI,37.6,54.29,16.69,1,0.91,0.09
2918308,Jitaúna,BA,24.15,40.82,16.67,1,0.91,0.09
2916609,Itapitanga,BA,31.02,36.62,5.6,1,0.91,0.09
3156452,Rosário da Limeira,MG,55.93,78.18,22.25,1,0.91,0.09
2507804,Junco do Seridó,PB,56.22,76.21,19.99,1,0.91,0.09
3161403,São Francisco do Glória,MG,59.41,78.59,19.18,1,0.91,0.09
2603603,Camutanga,PE,56.1,66.81,10.71,1,0.91,0.09
3126802,Frei Gaspar,MG,51.82,69.89,18.07,1,0.91,0.09
2706406,Pão de Açúcar,AL,47.65,55.26,7.61,1,0.91,0.09
2907400,Catolândia,BA,10.48,25.71,15.23,1,0.91,0.09
2905503,Caldeirão Grande,BA,21.3,28.19,6.89,1,0.91,0.09
2511608,Pilões,PB,41.76,61.18,19.42,1,0.91,0.09
2911659,Guajeru,BA,29.2,36.78,7.58,1,0.91,0.09
2911907,Iaçu,BA,22.93,28.52,5.59,1,0.91,0.09
2922102,Mundo Novo,BA,26.61,33.33,6.72,1,0.91,0.09
3150703,Pirajuba,MG,63.4,76.8,13.4,1,0.91,0.09
3109303,Buritis,MG,51.37,63.51,12.14,1,0.91,0.09
2501708,Barra de São Miguel,PB,60.51,78.61,18.1,1,0.91,0.09
4107108,Diamante do Norte,PR,72.99,78.26,5.27,1,0.91,0.09
3160801,São Bento Abade,MG,58.23,76.67,18.44,1,0.91,0.09
2930808,Souto Soares,BA,25.49,31.82,6.33,1,0.91,0.09
5204607,Campestre de Goiás,GO,79.35,93.62,14.27,1,0.91,0.09
4112801,Joaquim Távora,PR,85.53,85.12,-0.41,1,0.91,0.09
3133758,Itaú de Minas,MG,74.33,89.46,15.13,1,0.91,0.09
2704609,Maravilha,AL,68.8,74.38,5.58,1,0.91,0.09
3115706,Central de Minas,MG,51.75,72.79,21.04,1,0.91,0.09
3135902,Jesuânia,MG,62.05,81.14,19.09,1,0.91,0.09
2113009,Vitorino Freire,MA,51.04,73.1,22.06,0,0.91,0.09
5205513,Cocalzinho de Goiás,GO,79.53,88.6,9.07,1,0.91,0.09
3169356,Três Marias,MG,70.3,83.47,13.17,1,0.911,0.089
5210208,Iporá,GO,78.36,83.04,4.68,1,0.911,0.089
1300086,Anamã,AM,43.99,63.84,19.85,1,0.911,0.089
4117909,Palotina,PR,69.03,74.33,5.3,1,0.911,0.089
2603801,Capoeiras,PE,50.95,69.34,18.39,1,0.911,0.089
1301803,Ipixuna,AM,45.79,64.32,18.53,1,0.911,0.089
5218102,Portelândia,GO,71.68,76.08,4.4,1,0.911,0.089
3108701,Brás Pires,MG,53.68,81.16,27.48,1,0.911,0.089
3153905,Raposos,MG,48.4,69.66,21.26,1,0.911,0.089
2614402,Solidão,PE,74.63,93.99,19.36,1,0.911,0.089
2516409,Tacima,PB,55.93,77.72,21.79,1,0.911,0.089
2109007,Porto Franco,MA,58.08,74.09,16.01,1,0.911,0.089
3130051,Icaraí de Minas,MG,53.69,75.59,21.9,1,0.911,0.089
2105609,Joselândia,MA,54.55,75.31,20.76,1,0.911,0.089
3545209,Salto,SP,57.56,67.33,9.77,1,0.911,0.089
3136207,João Monlevade,MG,67.06,82.75,15.69,1,0.911,0.089
3161809,São Gonçalo do Pará,MG,61.12,78.82,17.7,1,0.911,0.089
2203230,Currais,PI,93.16,92.5,-0.66,1,0.911,0.089
3156403,Romaria,MG,57.73,70.69,12.96,1,0.911,0.089
2502409,Bonito de Santa Fé,PB,40.87,60.93,20.06,1,0.911,0.089
2608107,João Alfredo,PE,56.99,75.79,18.8,1,0.911,0.089
2612604,Santa Maria da Boa Vista,PE,45.6,64.37,18.77,1,0.911,0.089
3143302,Montes Claros,MG,62.93,74.71,11.78,1,0.911,0.089
3148400,Paulistas,MG,70.37,90.14,19.77,1,0.911,0.089
4106555,Corumbataí do Sul,PR,87.28,87.98,0.7,1,0.911,0.089
3109907,Caetanópolis,MG,55.11,72.48,17.37,1,0.911,0.089
3126109,Formiga,MG,67.98,85.91,17.93,1,0.912,0.088
2102309,Buriti Bravo,MA,31.4,57.18,25.78,1,0.912,0.088
5214408,Nazário,GO,79.0,83.94,4.94,1,0.912,0.088
5213004,Maurilândia,GO,78.46,83.79,5.33,1,0.912,0.088
5214903,Nova Roma,GO,61.29,71.43,10.14,1,0.912,0.088
2701308,Cajueiro,AL,26.75,33.4,6.65,1,0.912,0.088
2900108,Abaíra,BA,34.57,42.42,7.85,1,0.912,0.088
2901957,Apuarema,BA,37.0,43.24,6.24,1,0.912,0.088
2204303,Fronteiras,PI,98.26,96.63,-1.63,1,0.912,0.088
4104600,Capitão Leônidas Marques,PR,72.97,78.04,5.07,1,0.912,0.088
2703700,Jaramataia,AL,36.05,40.27,4.22,1,0.912,0.088
2206506,Monsenhor Hipólito,PI,100.0,97.7,-2.3,1,0.912,0.088
4110003,Iguaraçu,PR,50.91,58.96,8.05,1,0.912,0.088
2914406,Iraquara,BA,38.87,44.24,5.37,1,0.912,0.088
5221452,Trombas,GO,90.94,94.47,3.53,1,0.912,0.088
1100056,Cerejeiras,RO,58.53,66.81,8.28,1,0.912,0.088
5006408,Pedro Gomes,MS,33.66,55.86,22.2,1,0.913,0.087
3137007,Ladainha,MG,23.8,54.47,30.67,1,0.913,0.087
2612307,Saloá,PE,58.09,78.66,20.57,1,0.913,0.087
5007695,São Gabriel do Oeste,MS,52.66,62.23,9.57,1,0.913,0.087
5102702,Canarana,MT,34.74,42.06,7.32,1,0.913,0.087
3171808,Virginópolis,MG,44.13,65.62,21.49,1,0.913,0.087
5208806,Goianira,GO,69.12,81.01,11.89,1,0.913,0.087
5221403,Trindade,GO,66.34,77.21,10.87,1,0.913,0.087
5219902,São Francisco de Goiás,GO,58.94,75.57,16.63,1,0.913,0.087
3170206,Uberlândia,MG,52.44,64.57,12.13,1,0.913,0.087
3170107,Uberaba,MG,49.76,60.98,11.22,1,0.913,0.087
2915007,Itaeté,BA,41.31,45.45,4.14,1,0.913,0.087
2930774,Sobradinho,BA,26.44,34.44,8.0,1,0.913,0.087
2917706,Jaguarari,BA,30.56,40.77,10.21,1,0.913,0.087
4122800,Salgado Filho,PR,89.42,93.11,3.69,1,0.913,0.087
1302801,Maraã,AM,21.02,52.0,30.98,1,0.913,0.087
2500775,Aparecida,PB,42.5,62.41,19.91,1,0.913,0.087
2111607,São Raimundo das Mangabeiras,MA,71.02,84.5,13.48,1,0.913,0.087
2610004,Palmares,PE,43.01,64.85,21.84,1,0.913,0.087
2507002,Itaporanga,PB,17.96,48.7,30.74,1,0.913,0.087
2208403,Piripiri,PI,33.16,54.59,21.43,1,0.914,0.086
3153103,Presidente Bernardes,MG,69.97,88.0,18.03,1,0.914,0.086
5222302,Vila Propício,GO,74.44,79.46,5.02,1,0.914,0.086
2101970,Boa Vista do Gurupi,MA,59.99,80.0,20.01,1,0.914,0.086
2919603,Macajuba,BA,18.56,30.14,11.58,1,0.914,0.086
3168002,Taiobeiras,MG,66.19,85.52,19.33,1,0.914,0.086
2306702,Jaguaretama,CE,94.68,93.66,-1.02,1,0.914,0.086
2906824,Canudos,BA,18.85,30.13,11.28,1,0.914,0.086
2801108,Canhoba,SE,45.45,64.29,18.84,1,0.914,0.086
4108551,Godoy Moreira,PR,94.55,74.07,-20.48,1,0.914,0.086
3171006,Vazante,MG,48.56,65.3,16.74,1,0.914,0.086
4107157,Diamante D'Oeste,PR,67.21,74.32,7.11,1,0.914,0.086
4122651,Rosário do Ivaí,PR,69.4,77.0,7.6,1,0.914,0.086
5210604,Itaguaru,GO,81.65,89.89,8.24,1,0.914,0.086
2931103,Tanquinho,BA,18.93,30.67,11.74,1,0.914,0.086
2208205,Pio IX,PI,35.27,58.16,22.89,1,0.914,0.086
2805901,Riachuelo,SE,11.32,31.48,20.16,1,0.914,0.086
4100301,Agudos do Sul,PR,75.84,87.51,11.67,1,0.914,0.086
5005004,Jardim,MS,35.28,53.84,18.56,1,0.914,0.086
2311959,Salitre,CE,96.62,98.39,1.77,1,0.914,0.086
4115457,Marquinho,PR,73.99,82.18,8.19,1,0.914,0.086
5200555,Alto Horizonte,GO,66.64,72.47,5.83,1,0.914,0.086
2202117,Campo Alegre do Fidalgo,PI,38.53,59.33,20.8,0,0.914,0.086
3119302,Coromandel,MG,63.08,78.77,15.69,1,0.914,0.086
3105301,Bandeira do Sul,MG,73.41,94.51,21.1,1,0.914,0.086
5210307,Israelândia,GO,88.14,92.59,4.45,1,0.915,0.085
4100509,Altônia,PR,70.4,78.17,7.77,1,0.915,0.085
2906857,Capela do Alto Alegre,BA,35.87,45.45,9.58,1,0.915,0.085
4101150,Ângulo,PR,90.09,86.15,-3.94,1,0.915,0.085
1101450,Parecis,RO,61.04,70.6,9.56,1,0.915,0.085
1101435,Nova União,RO,60.65,70.92,10.27,1,0.915,0.085
4124202,Santo Antônio do Caiuá,PR,82.83,88.04,5.21,1,0.915,0.085
3156908,Sacramento,MG,64.01,79.64,15.63,1,0.915,0.085
1503408,Inhangapi,PA,21.83,45.41,23.58,1,0.915,0.085
2932309,Ubatã,BA,31.43,41.9,10.47,1,0.915,0.085
2911204,Gandu,BA,33.26,47.2,13.94,1,0.915,0.085
3164902,São Sebastião do Rio Verde,MG,68.42,91.3,22.88,1,0.915,0.085
2103257,Cidelândia,MA,66.44,86.24,19.8,1,0.915,0.085
3130200,Igaratinga,MG,68.89,79.48,10.59,1,0.915,0.085
5000807,Anaurilândia,MS,65.19,80.11,14.92,1,0.915,0.085
2605152,Dormentes,PE,64.93,83.37,18.44,1,0.915,0.085
3509502,Campinas,SP,54.88,65.69,10.81,1,0.915,0.085
3128204,Guaraciaba,MG,63.47,83.59,20.12,1,0.915,0.085
2602704,Buenos Aires,PE,62.99,85.53,22.54,1,0.915,0.085
4106571,Cruzeiro do Iguaçu,PR,81.66,86.52,4.86,1,0.915,0.085
3200169,Água Doce do Norte,ES,77.35,81.68,4.33,1,0.915,0.085
5206503,Cromínia,GO,55.88,72.38,16.5,0,0.915,0.085
2804458,Nossa Senhora Aparecida,SE,38.1,59.01,20.91,1,0.915,0.085
3104205,Arcos,MG,78.83,88.86,10.03,1,0.915,0.085
2703403,Jacaré dos Homens,AL,38.18,54.66,16.48,1,0.915,0.085
2703908,Jundiá,AL,34.6,44.34,9.74,1,0.915,0.085
2929750,Saubara,BA,43.18,52.63,9.45,1,0.915,0.085
3164472,São Sebastião do Anta,MG,58.19,81.32,23.13,1,0.915,0.085
2801603,Cedro de São João,SE,22.22,45.3,23.08,1,0.916,0.084
4108809,Guaíra,PR,63.23,69.53,6.3,1,0.916,0.084
4111506,Ivaiporã,PR,66.58,72.39,5.81,1,0.916,0.084
4117453,Ouro Verde do Oeste,PR,86.73,90.05,3.32,1,0.916,0.084
3167202,Sete Lagoas,MG,57.58,71.22,13.64,1,0.916,0.084
2926004,Remanso,BA,25.1,35.26,10.16,1,0.916,0.084
2901106,Amélia Rodrigues,BA,37.49,47.14,9.65,1,0.916,0.084
3106200,Belo Horizonte,MG,60.07,70.13,10.06,1,0.916,0.084
2702702,Feliz Deserto,AL,37.55,45.9,8.35,1,0.916,0.084
2111003,São João Batista,MA,29.54,58.4,28.86,1,0.916,0.084
3122207,Divinolândia de Minas,MG,67.53,87.1,19.57,1,0.916,0.084
3140001,Mariana,MG,55.06,67.81,12.75,1,0.916,0.084
5004106,Guia Lopes da Laguna,MS,46.91,64.58,17.67,1,0.916,0.084
3134400,Iturama,MG,55.84,69.61,13.77,1,0.916,0.084
3154002,Raul Soares,MG,65.61,83.91,18.3,1,0.916,0.084
2104008,Esperantinópolis,MA,59.36,81.48,22.12,1,0.916,0.084
3203106,Jerônimo Monteiro,ES,70.14,77.2,7.06,1,0.916,0.084
5222005,Vianópolis,GO,89.04,89.5,0.46,1,0.917,0.083
3166808,Serra do Salitre,MG,59.88,72.87,12.99,0,0.917,0.083
4121703,Reserva,PR,72.87,81.08,8.21,1,0.917,0.083
5210158,Ipiranga de Goiás,GO,93.1,96.55,3.45,1,0.917,0.083
2900405,Água Fria,BA,21.0,30.43,9.43,1,0.917,0.083
1100130,Machadinho D'Oeste,RO,51.4,64.75,13.35,1,0.917,0.083
1506906,Santarém Novo,PA,52.16,78.25,26.09,1,0.917,0.083
5002407,Caarapó,MS,53.56,64.68,11.12,1,0.917,0.083
2513158,Santa Cecília,PB,13.38,48.11,34.73,1,0.917,0.083
2708808,São Sebastião,AL,36.66,42.43,5.77,1,0.917,0.083
2921302,Milagres,BA,33.87,46.05,12.18,1,0.917,0.083
2926657,Ribeirão do Largo,BA,47.25,52.63,5.38,1,0.917,0.083
2922607,Nilo Peçanha,BA,36.06,50.52,14.46,1,0.917,0.083
2501401,Baía da Traição,PB,21.73,44.76,23.03,1,0.917,0.083
2201903,Bom Jesus,PI,99.08,98.95,-0.13,1,0.917,0.083
1502509,Chaves,PA,44.8,74.09,29.29,1,0.917,0.083
3114550,Carneirinho,MG,52.21,64.51,12.3,1,0.917,0.083
5215603,Padre Bernardo,GO,58.23,69.56,11.33,1,0.917,0.083
2927507,Santa Bárbara,BA,21.01,31.58,10.57,1,0.917,0.083
4101051,Anahy,PR,62.4,69.97,7.57,1,0.917,0.083
2913457,Igrapiúna,BA,30.3,43.64,13.34,1,0.917,0.083
2922904,Nova Soure,BA,22.14,31.41,9.27,1,0.917,0.083
5006200,Nova Andradina,MS,56.76,69.44,12.68,1,0.917,0.083
5212055,Jesúpolis,GO,100.0,100.0,0.0,1,0.917,0.083
5211909,Jataí,GO,64.01,69.92,5.91,1,0.917,0.083
5213707,Montes Claros de Goiás,GO,66.57,75.02,8.45,1,0.917,0.083
4104451,Cantagalo,PR,65.68,71.81,6.13,1,0.918,0.082
5207253,Doverlândia,GO,78.21,83.34,5.13,1,0.918,0.082
4103479,Cafezal do Sul,PR,55.7,64.76,9.06,1,0.918,0.082
2310902,Piquet Carneiro,CE,100.0,100.0,0.0,1,0.918,0.082
3104304,Areado,MG,70.75,88.09,17.34,1,0.918,0.082
2925253,Ponto Novo,BA,23.17,36.99,13.82,1,0.918,0.082
2307635,Madalena,CE,97.67,95.31,-2.36,1,0.918,0.082
2303303,Cariús,CE,97.11,95.26,-1.85,1,0.918,0.082
3145109,Nova Resende,MG,69.3,86.57,17.27,1,0.918,0.082
5101001,Araguaiana,MT,100.0,91.53,-8.47,1,0.918,0.082
5221197,Terezópolis de Goiás,GO,57.84,71.39,13.55,1,0.918,0.082
3136405,Joaquim Felício,MG,52.38,71.38,19.0,1,0.918,0.082
3103751,Araporã,MG,62.72,73.61,10.89,1,0.918,0.082
3108008,Bom Sucesso,MG,67.28,83.73,16.45,1,0.918,0.082
3158607,Santana do Deserto,MG,58.32,80.09,21.77,1,0.918,0.082
5006309,Paranaíba,MS,30.65,55.2,24.55,1,0.919,0.081
5221601,Uruaçu,GO,70.42,77.83,7.41,1,0.919,0.081
5213855,Morro Agudo de Goiás,GO,100.0,96.88,-3.12,1,0.919,0.081
4114005,Mamborê,PR,93.95,74.68,-19.27,1,0.919,0.081
4119004,Pérola d'Oeste,PR,88.85,88.78,-0.07,1,0.919,0.081
5214838,Nova Crixás,GO,64.36,71.87,7.51,1,0.919,0.081
4111100,Itambé,PR,89.72,86.9,-2.82,1,0.919,0.081
2508109,Lagoa,PB,25.0,59.38,34.38,1,0.919,0.081
1101302,Mirante da Serra,RO,59.21,73.82,14.61,1,0.919,0.081
1502772,Curionópolis,PA,50.76,72.88,22.12,1,0.919,0.081
1503044,Floresta do Araguaia,PA,47.77,67.37,19.6,1,0.919,0.081
4123824,Santa Lúcia,PR,79.5,85.71,6.21,1,0.919,0.081
2502052,Bernardino Batista,PB,61.38,93.94,32.56,0,0.919,0.081
4123402,Santa Fé,PR,58.68,64.71,6.03,1,0.919,0.081
2931202,Taperoá,BA,38.83,47.52,8.69,1,0.919,0.081
2915353,Itaguaçu da Bahia,BA,20.89,32.8,11.91,1,0.919,0.081
2703601,Japaratinga,AL,23.07,27.69,4.62,1,0.919,0.081
2105476,Jenipapo dos Vieiras,MA,47.09,69.39,22.3,1,0.92,0.08
2104404,Gonçalves Dias,MA,45.23,66.96,21.73,1,0.92,0.08
3129202,Heliodora,MG,48.35,67.59,19.24,1,0.92,0.08
3133600,Itapeva,MG,52.0,67.89,15.89,1,0.92,0.08
3147501,Passabém,MG,35.29,90.91,55.62,1,0.92,0.08
2605905,Gameleira,PE,58.54,77.37,18.83,1,0.92,0.08
3115003,Cascalho Rico,MG,63.9,85.84,21.94,1,0.92,0.08
3203130,João Neiva,ES,71.84,77.28,5.44,1,0.92,0.08
2920601,Maragogipe,BA,47.43,54.49,7.06,1,0.92,0.08
3544251,Rosana,SP,70.24,82.37,12.13,1,0.92,0.08
2931301,Tapiramutá,BA,33.06,41.82,8.76,1,0.92,0.08
2804706,Nossa Senhora de Lourdes,SE,19.15,58.77,39.62,1,0.92,0.08
2706901,Pilar,AL,37.59,45.81,8.22,1,0.92,0.08
5212006,Jaupaci,GO,97.43,100.0,2.57,1,0.92,0.08
5006002,Nova Alvorada do Sul,MS,37.23,56.52,19.29,1,0.92,0.08
1100072,Corumbiara,RO,58.2,72.68,14.48,1,0.92,0.08
2512036,Poço Dantas,PB,23.24,81.67,58.43,1,0.921,0.079
3119906,Córrego do Bom Jesus,MG,73.8,100.0,26.2,1,0.921,0.079
3153707,Quartel Geral,MG,42.5,63.55,21.05,1,0.921,0.079
5214606,Niquelândia,GO,72.84,80.22,7.38,1,0.921,0.079
5211305,Itarumã,GO,76.72,83.26,6.54,0,0.921,0.079
2807303,Telha,SE,17.39,42.47,25.08,1,0.921,0.079
3143153,Monte Formoso,MG,49.86,82.61,32.75,1,0.921,0.079
2505808,Duas Estradas,PB,11.05,60.0,48.95,1,0.921,0.079
1709005,Goiatins,TO,12.54,38.49,25.95,1,0.921,0.079
1710904,Itapiratins,TO,35.09,53.53,18.44,1,0.921,0.079
1720309,São Sebastião do Tocantins,TO,26.56,58.96,32.4,1,0.921,0.079
4127403,Terra Roxa,PR,68.55,76.19,7.64,1,0.921,0.079
3119708,Coronel Xavier Chaves,MG,72.49,92.31,19.82,1,0.921,0.079
2505303,Curral Velho,PB,38.1,62.5,24.4,1,0.921,0.079
1717503,Pium,TO,21.88,43.07,21.19,1,0.921,0.079
3101300,Alagoa,MG,67.0,89.66,22.66,1,0.921,0.079
5105309,Luciara,MT,37.65,46.43,8.78,1,0.921,0.079
2501351,Assunção,PB,48.37,93.96,45.59,1,0.921,0.079
2504074,Caraúbas,PB,48.41,87.82,39.41,1,0.921,0.079
3106606,Bertópolis,MG,29.73,85.02,55.29,1,0.921,0.079
2506202,Frei Martinho,PB,38.7,71.43,32.73,1,0.921,0.079
2508901,Mamanguape,PB,46.17,68.65,22.48,1,0.921,0.079
2506509,Gurjão,PB,73.31,100.0,26.69,1,0.921,0.079
4125753,São Pedro do Iguaçu,PR,74.73,80.66,5.93,1,0.921,0.079
3159001,Santana do Riacho,MG,60.89,80.15,19.26,1,0.921,0.079
3112653,Capitão Andrade,MG,40.45,77.02,36.57,1,0.921,0.079
3130556,Imbé de Minas,MG,65.59,88.46,22.87,1,0.921,0.079
3117207,Conceição das Pedras,MG,57.92,76.67,18.75,1,0.921,0.079
3155108,Rio do Prado,MG,51.29,76.19,24.9,1,0.921,0.079
3160504,Santo Antônio do Rio Abaixo,MG,60.0,91.67,31.67,1,0.921,0.079
2205250,Jardim do Mulato,PI,58.33,77.0,18.67,1,0.921,0.079
3152501,Pouso Alegre,MG,55.18,68.72,13.54,1,0.921,0.079
2111078,São João do Soter,MA,24.38,53.45,29.07,1,0.921,0.079
1703867,Cariri do Tocantins,TO,15.77,52.01,36.24,1,0.921,0.079
5004809,Japorã,MS,21.39,44.21,22.82,1,0.921,0.079
3127057,Fronteira dos Vales,MG,34.8,65.19,30.39,1,0.921,0.079
2106375,Maranhãozinho,MA,76.41,97.62,21.21,0,0.921,0.079
2516151,Sossêgo,PB,18.45,66.62,48.17,1,0.921,0.079
2604908,Cumaru,PE,76.43,95.06,18.63,1,0.921,0.079
2515708,Serra Grande,PB,40.0,70.82,30.82,0,0.921,0.079
3157500,Santa Efigênia de Minas,MG,43.34,75.81,32.47,1,0.921,0.079
5205802,Corumbá de Goiás,GO,72.1,80.7,8.6,1,0.922,0.078
3148905,Pedra do Indaiá,MG,81.43,100.0,18.57,1,0.922,0.078
2112407,Turiaçu,MA,40.48,64.42,23.94,1,0.922,0.078
2112308,Tuntum,MA,38.93,66.43,27.5,1,0.922,0.078
1718006,Porto Alegre do Tocantins,TO,7.57,37.89,30.32,1,0.922,0.078
1717800,Ponte Alta do Bom Jesus,TO,9.52,44.56,35.04,1,0.922,0.078
3139607,Mantena,MG,49.94,71.17,21.23,1,0.922,0.078
5218805,Rio Verde,GO,86.06,89.88,3.82,1,0.922,0.078
2502201,Bom Jesus,PB,25.56,68.42,42.86,1,0.922,0.078
3120102,Couto de Magalhães de Minas,MG,48.47,77.52,29.05,1,0.922,0.078
3171402,Vieiras,MG,50.44,74.62,24.18,1,0.922,0.078
3121902,Divinésia,MG,43.0,75.0,32.0,1,0.922,0.078
3149804,Perdizes,MG,67.9,83.41,15.51,1,0.922,0.078
5214879,Nova Iguaçu de Goiás,GO,92.68,95.12,2.44,1,0.922,0.078
5103379,Cotriguaçu,MT,58.35,62.71,4.36,1,0.922,0.078
4126207,Sapopema,PR,73.32,83.01,9.69,0,0.922,0.078
3133808,Itaúna,MG,69.71,87.39,17.68,1,0.922,0.078
2506608,Ibiara,PB,13.07,58.62,45.55,1,0.922,0.078
1100379,Alto Alegre dos Parecis,RO,69.52,79.54,10.02,1,0.922,0.078
2700706,Batalha,AL,33.15,45.96,12.81,1,0.922,0.078
3157401,Santa Cruz do Escalvado,MG,46.18,75.73,29.55,0,0.922,0.078
2205276,Jatobá do Piauí,PI,73.84,95.24,21.4,1,0.922,0.078
3132602,Itamarati de Minas,MG,48.03,73.68,25.65,1,0.922,0.078
2101707,Barreirinhas,MA,50.35,78.52,28.17,1,0.922,0.078
3110608,Cambuí,MG,65.17,81.94,16.77,1,0.922,0.078
3125002,Ewbank da Câmara,MG,35.65,64.41,28.76,1,0.922,0.078
2514008,São João do Cariri,PB,29.59,60.71,31.12,1,0.922,0.078
3113800,Carmésia,MG,29.75,62.5,32.75,1,0.922,0.078
3157609,Santa Fé de Minas,MG,33.37,72.51,39.14,1,0.922,0.078
2101905,Bequimão,MA,33.01,59.75,26.74,1,0.923,0.077
5108204,Torixoréu,MT,95.14,88.61,-6.53,1,0.923,0.077
5107040,Primavera do Leste,MT,48.71,57.79,9.08,1,0.923,0.077
2504355,Caturité,PB,53.0,76.68,23.68,1,0.923,0.077
3125705,Felixlândia,MG,54.14,75.1,20.96,1,0.923,0.077
1505601,Peixe-Boi,PA,53.76,84.31,30.55,1,0.923,0.077
4113429,Lidianópolis,PR,92.58,83.47,-9.11,1,0.923,0.077
3110301,Caldas,MG,51.38,72.95,21.57,1,0.923,0.077
2515930,Sertãozinho,PB,52.0,75.35,23.35,1,0.923,0.077
3169604,Tupaciguara,MG,39.03,58.34,19.31,1,0.923,0.077
2107605,Palmeirândia,MA,42.07,70.09,28.02,1,0.923,0.077
2108702,Pio XII,MA,24.85,63.6,38.75,1,0.923,0.077
3115458,Catuji,MG,40.11,67.78,27.67,1,0.923,0.077
3130507,Ilicínea,MG,45.97,65.15,19.18,1,0.923,0.077
3109600,Cachoeira da Prata,MG,52.4,80.0,27.6,1,0.923,0.077
2502607,Igaracy,PB,28.96,79.06,50.1,1,0.923,0.077
2612406,Sanharó,PE,41.8,65.85,24.05,1,0.923,0.077
2516300,Sumé,PB,33.2,64.53,31.33,1,0.923,0.077
2908804,Contendas do Sincorá,BA,24.0,40.62,16.62,1,0.923,0.077
2501534,Baraúna,PB,59.36,89.76,30.4,1,0.923,0.077
3164803,São Sebastião do Rio Preto,MG,66.67,100.0,33.33,1,0.923,0.077
3165404,Sapucaí-Mirim,MG,52.93,75.07,22.14,1,0.923,0.077
1718451,Pugmil,TO,20.72,40.91,20.19,1,0.923,0.077
3162252,São João da Lagoa,MG,49.97,77.83,27.86,0,0.923,0.077
2509107,Mari,PB,37.99,70.06,32.07,1,0.923,0.077
3168051,Taparuba,MG,44.12,80.0,35.88,1,0.923,0.077
3102209,Alvarenga,MG,59.37,85.42,26.05,1,0.923,0.077
3139250,Mamonas,MG,40.12,65.94,25.82,1,0.923,0.077
2705101,Matriz de Camaragibe,AL,35.25,48.77,13.52,1,0.923,0.077
2500700,São João do Rio do Peixe,PB,42.09,72.85,30.76,1,0.923,0.077
2923308,Ouriçangas,BA,35.94,50.59,14.65,1,0.923,0.077
3138351,Leme do Prado,MG,52.94,82.62,29.68,1,0.923,0.077
2505600,Diamante,PB,25.0,72.15,47.15,1,0.923,0.077
2503902,Camalaú,PB,36.34,68.64,32.3,1,0.923,0.077
1100189,Pimenta Bueno,RO,69.73,81.06,11.33,1,0.923,0.077
2517209,Vieirópolis,PB,28.19,64.36,36.17,1,0.923,0.077
2513653,Joca Claudino,PB,39.7,90.09,50.39,1,0.923,0.077
3150158,Piedade de Caratinga,MG,52.84,74.09,21.25,1,0.923,0.077
3140704,Mateus Leme,MG,56.77,75.26,18.49,1,0.923,0.077
3150208,Piedade de Ponte Nova,MG,35.21,80.01,44.8,1,0.923,0.077
3146206,Ouro Verde de Minas,MG,51.25,78.41,27.16,1,0.923,0.077
5212105,Joviânia,GO,57.9,67.17,9.27,1,0.923,0.077
4108908,Guairaçá,PR,72.56,80.71,8.15,1,0.923,0.077
2606705,Ibirajuba,PE,39.34,62.42,23.08,1,0.923,0.077
3122108,Divino das Laranjeiras,MG,41.39,85.6,44.21,1,0.923,0.077
2928901,São Desidério,BA,44.69,54.07,9.38,1,0.923,0.077
2111763,Senador La Rocque,MA,32.24,64.13,31.89,1,0.924,0.076
3168408,Tarumirim,MG,50.45,76.05,25.6,1,0.924,0.076
3131109,Inimutaba,MG,40.65,77.8,37.15,1,0.924,0.076
1712454,Luzinópolis,TO,25.0,48.91,23.91,1,0.924,0.076
4115408,Marmeleiro,PR,78.32,85.08,6.76,1,0.924,0.076
5220108,São Luís de Montes Belos,GO,66.51,76.27,9.76,1,0.924,0.076
5004403,Inocência,MS,33.64,51.7,18.06,1,0.924,0.076
2708907,Satuba,AL,42.93,55.11,12.18,1,0.924,0.076
3124807,Estrela do Sul,MG,55.81,75.81,20.0,1,0.924,0.076
3130002,Ibituruna,MG,60.59,83.33,22.74,1,0.924,0.076
3165552,Setubinha,MG,42.9,68.57,25.67,1,0.924,0.076
2515807,Serra Redonda,PB,14.55,85.71,71.16,1,0.924,0.076
2202307,Canto do Buriti,PI,13.66,36.45,22.79,1,0.924,0.076
2504207,Catingueira,PB,32.79,96.08,63.29,1,0.924,0.076
3122454,Divisópolis,MG,42.46,72.43,29.97,1,0.924,0.076
5106232,Nova Olímpia,MT,50.74,57.29,6.55,1,0.924,0.076
2101772,Bela Vista do Maranhão,MA,51.82,77.73,25.91,1,0.924,0.076
3150539,Pingo-d'Água,MG,34.7,81.43,46.73,1,0.924,0.076
2108405,Peri Mirim,MA,35.34,61.02,25.68,1,0.924,0.076
2104081,Fernando Falcão,MA,29.89,77.76,47.87,1,0.924,0.076
3163904,São Pedro da União,MG,76.97,97.05,20.08,1,0.924,0.076
5108600,Vila Rica,MT,47.89,55.24,7.35,1,0.924,0.076
3103702,Araponga,MG,73.3,93.2,19.9,1,0.924,0.076
2612901,São Benedito do Sul,PE,34.56,71.07,36.51,1,0.924,0.076
5204706,Campinorte,GO,73.78,81.71,7.93,1,0.924,0.076
5105622,Mirassol d'Oeste,MT,49.04,57.5,8.46,1,0.924,0.076
3165305,São Vicente de Minas,MG,60.1,81.64,21.54,1,0.924,0.076
3137304,Lagoa dos Patos,MG,41.04,69.48,28.44,1,0.924,0.076
3135001,Jaguaraçu,MG,62.35,84.51,22.16,0,0.924,0.076
5008305,Três Lagoas,MS,69.75,82.99,13.24,1,0.924,0.076
5100409,Alto Garças,MT,40.74,52.91,12.17,1,0.924,0.076
3116100,Chapada do Norte,MG,41.12,66.15,25.03,1,0.924,0.076
3118601,Contagem,MG,54.99,70.1,15.11,1,0.924,0.076
3152402,Poté,MG,42.92,69.67,26.75,1,0.924,0.076
5203939,Buriti de Goiás,GO,95.35,96.46,1.11,1,0.924,0.076
2510006,Nazarezinho,PB,36.48,63.86,27.38,1,0.924,0.076
4113759,Lunardelli,PR,57.46,70.4,12.94,1,0.924,0.076
2709202,Traipu,AL,31.62,47.49,15.87,1,0.924,0.076
2706208,Palestina,AL,33.73,51.18,17.45,1,0.924,0.076
2608255,Jucati,PE,44.05,68.81,24.76,1,0.924,0.076
4127957,Tupãssi,PR,70.71,79.06,8.35,1,0.924,0.076
3144656,Ninheira,MG,49.26,77.17,27.91,1,0.924,0.076
4107124,Diamante do Sul,PR,69.4,83.28,13.88,1,0.924,0.076
5220454,Senador Canedo,GO,48.52,60.34,11.82,1,0.924,0.076
2517001,Umbuzeiro,PB,38.29,79.38,41.09,1,0.924,0.076
2513208,Santa Cruz,PB,52.79,86.28,33.49,1,0.924,0.076
3165602,Senador Cortes,MG,42.11,81.82,39.71,1,0.924,0.076
2707206,Poço das Trincheiras,AL,33.38,48.87,15.49,1,0.924,0.076
2513984,São Francisco,PB,56.59,97.5,40.91,1,0.924,0.076
2515609,Serra da Raiz,PB,17.39,48.92,31.53,1,0.924,0.076
3153806,Queluzito,MG,61.54,95.0,33.46,1,0.925,0.075
3123809,Engenheiro Navarro,MG,44.66,76.22,31.56,1,0.925,0.075
4103156,Bom Jesus do Sul,PR,87.35,93.48,6.13,1,0.925,0.075
5214051,Mundo Novo,GO,96.18,94.04,-2.14,1,0.925,0.075
2805208,Pinhão,SE,16.22,40.26,24.04,1,0.925,0.075
5214861,Nova Glória,GO,81.84,87.68,5.84,1,0.925,0.075
4107546,Espigão Alto do Iguaçu,PR,71.95,81.78,9.83,1,0.925,0.075
3143203,Monte Santo de Minas,MG,42.15,61.59,19.44,1,0.925,0.075
2923050,Novo Triunfo,BA,21.75,39.06,17.31,1,0.925,0.075
3143401,Monte Sião,MG,53.93,74.18,20.25,1,0.925,0.075
3138005,Laranjal,MG,40.25,82.11,41.86,1,0.925,0.075
3165503,Sardoá,MG,45.8,85.12,39.32,1,0.925,0.075
1715705,Palmeirante,TO,9.01,31.27,22.26,1,0.925,0.075
3139409,Manhuaçu,MG,57.2,75.92,18.72,1,0.925,0.075
3101805,Alpercata,MG,46.13,70.83,24.7,1,0.925,0.075
3169307,Três Corações,MG,50.69,70.26,19.57,1,0.925,0.075
3101607,Alfenas,MG,55.04,73.41,18.37,1,0.925,0.075
3136652,Juatuba,MG,47.58,68.53,20.95,1,0.925,0.075
3169505,Tumiritinga,MG,45.36,74.58,29.22,1,0.925,0.075
4107801,Floraí,PR,77.34,85.2,7.86,1,0.925,0.075
3107406,Bom Despacho,MG,52.46,73.33,20.87,1,0.925,0.075
1100700,Campo Novo de Rondônia,RO,59.32,71.94,12.62,1,0.925,0.075
3146701,Palma,MG,26.99,75.61,48.62,1,0.925,0.075
2202000,Buriti dos Lopes,PI,41.5,61.68,20.18,1,0.925,0.075
3127107,Frutal,MG,53.92,73.59,19.67,1,0.925,0.075
2201309,Barreiras do Piauí,PI,38.39,50.77,12.38,1,0.925,0.075
3118007,Congonhas,MG,56.15,74.01,17.86,1,0.925,0.075
3114600,Carrancas,MG,70.36,89.76,19.4,1,0.925,0.075
2505006,Cubati,PB,71.83,97.47,25.64,1,0.925,0.075
3159308,Santa Rita de Jacutinga,MG,41.62,77.68,36.06,1,0.925,0.075
3107208,Bocaina de Minas,MG,50.0,73.33,23.33,1,0.925,0.075
3128253,Guaraciama,MG,42.0,80.7,38.7,1,0.925,0.075
3132404,Itajubá,MG,59.76,79.1,19.34,1,0.925,0.075
3130101,Igarapé,MG,51.87,73.84,21.97,1,0.925,0.075
5201603,Araçu,GO,77.27,93.21,15.94,1,0.925,0.075
5200829,Amaralina,GO,84.23,89.83,5.6,1,0.925,0.075
2206209,Miguel Alves,PI,39.04,60.79,21.75,1,0.925,0.075
3102605,Andradas,MG,56.29,75.04,18.75,1,0.925,0.075
4121307,Rancho Alegre,PR,77.01,86.02,9.01,1,0.925,0.075
5204953,Campos Verdes,GO,63.71,82.8,19.09,1,0.925,0.075
2926400,Riacho de Santana,BA,42.15,52.53,10.38,1,0.925,0.075
2602407,Brejão,PE,67.02,86.18,19.16,1,0.925,0.075
3162104,São Gotardo,MG,53.98,75.31,21.33,1,0.925,0.075
3159407,Santa Rita de Ibitipoca,MG,65.38,88.22,22.84,1,0.925,0.075
2607000,Inajá,PE,54.35,79.7,25.35,1,0.926,0.074
2513307,Santa Helena,PB,52.83,96.58,43.75,1,0.926,0.074
3153509,Alto Jequitibá,MG,50.82,78.73,27.91,1,0.926,0.074
1507102,São Caetano de Odivelas,PA,33.37,69.85,36.48,1,0.926,0.074
2709004,Tanque d'Arca,AL,42.05,53.45,11.4,1,0.926,0.074
4113734,Luiziana,PR,85.27,86.61,1.34,1,0.926,0.074
4122305,Rio Negro,PR,85.17,88.56,3.39,1,0.926,0.074
2704708,Marechal Deodoro,AL,40.6,46.23,5.63,1,0.926,0.074
3101003,Águas Vermelhas,MG,42.77,74.46,31.69,1,0.926,0.074
1722107,Xambioá,TO,22.0,42.82,20.82,1,0.926,0.074
3116159,Chapada Gaúcha,MG,48.19,69.39,21.2,1,0.926,0.074
3148756,Pedra Bonita,MG,45.25,79.15,33.9,1,0.926,0.074
2500403,Alagoa Nova,PB,38.94,89.39,50.45,1,0.926,0.074
4127205,Terra Boa,PR,85.98,89.1,3.12,1,0.926,0.074
4120101,Porto Amazonas,PR,69.78,76.84,7.06,1,0.926,0.074
1707108,Divinópolis do Tocantins,TO,39.09,60.78,21.69,1,0.926,0.074
5006358,Paranhos,MS,44.89,66.43,21.54,1,0.926,0.074
4116604,Nova América da Colina,PR,62.54,78.8,16.26,1,0.926,0.074
4118709,Paulo Frontin,PR,90.71,84.51,-6.2,1,0.926,0.074
5210901,Itapaci,GO,78.84,85.28,6.44,1,0.926,0.074
3108909,Brazópolis,MG,50.86,79.14,28.28,1,0.926,0.074
3168309,Taquaraçu de Minas,MG,66.07,94.4,28.33,1,0.926,0.074
1718550,Riachinho,TO,21.31,54.32,33.01,1,0.926,0.074
3120300,Cristália,MG,26.36,54.17,27.81,1,0.926,0.074
3120706,Cruzeiro da Fortaleza,MG,62.42,80.92,18.5,1,0.926,0.074
3155405,Rio Novo,MG,39.03,65.4,26.37,1,0.926,0.074
2602308,Bonito,PE,56.71,79.75,23.04,1,0.926,0.074
3109105,Bueno Brandão,MG,63.01,82.56,19.55,1,0.926,0.074
3129301,Iapu,MG,37.09,67.68,30.59,1,0.926,0.074
3111705,Canaã,MG,57.75,85.85,28.1,1,0.926,0.074
3127370,Goiabeira,MG,67.76,91.43,23.67,1,0.926,0.074
3123007,Dores de Campos,MG,54.67,76.43,21.76,1,0.926,0.074
3145372,Novorizonte,MG,68.05,92.71,24.66,1,0.926,0.074
2105153,Igarapé do Meio,MA,58.92,77.64,18.72,1,0.926,0.074
3170503,Urucânia,MG,47.49,81.2,33.71,0,0.926,0.074
4108106,Flórida,PR,62.81,78.57,15.76,1,0.926,0.074
1703842,Campos Lindos,TO,16.16,38.52,22.36,1,0.926,0.074
2708600,São Miguel dos Campos,AL,50.08,57.17,7.09,1,0.926,0.074
3145604,Oliveira,MG,67.19,85.46,18.27,1,0.927,0.073
3146008,Ouro Fino,MG,64.5,85.47,20.97,1,0.927,0.073
4110656,Iracema do Oeste,PR,92.86,85.71,-7.15,1,0.927,0.073
3170651,Vargem Grande do Rio Pardo,MG,61.64,89.89,28.25,1,0.927,0.073
3159100,Santana dos Montes,MG,61.36,94.44,33.08,1,0.927,0.073
3105509,Barão do Monte Alto,MG,63.54,89.21,25.67,1,0.927,0.073
3106705,Betim,MG,54.39,66.97,12.58,1,0.927,0.073
3106804,Bias Fortes,MG,68.75,100.0,31.25,1,0.927,0.073
2700805,Belém,AL,55.08,64.57,9.49,1,0.927,0.073
3105608,Barbacena,MG,64.56,83.52,18.96,1,0.927,0.073
4125001,São João do Ivaí,PR,61.46,73.17,11.71,1,0.927,0.073
3145455,Olhos-d'Água,MG,68.23,90.16,21.93,1,0.927,0.073
5220207,São Miguel do Araguaia,GO,86.66,91.4,4.74,1,0.927,0.073
4108320,Francisco Alves,PR,68.71,80.22,11.51,1,0.927,0.073
4120200,Porto Rico,PR,60.4,71.94,11.54,1,0.927,0.073
2930907,Tabocas do Brejo Velho,BA,35.84,43.31,7.47,1,0.927,0.073
2915205,Itagibá,BA,36.92,44.21,7.29,1,0.927,0.073
2902302,Aratuípe,BA,47.9,60.0,12.1,1,0.927,0.073
2210003,São João do Piauí,PI,44.35,65.25,20.9,1,0.927,0.073
2923035,Novo Horizonte,BA,60.58,73.17,12.59,1,0.927,0.073
3163706,São Lourenço,MG,64.43,85.37,20.94,1,0.927,0.073
3145505,Olímpio Noronha,MG,62.27,94.29,32.02,1,0.928,0.072
3104403,Argirita,MG,55.13,89.33,34.2,1,0.928,0.072
3132909,Itamogi,MG,61.13,80.11,18.98,1,0.928,0.072
5106828,Porto Esperidião,MT,43.95,49.8,5.85,1,0.928,0.072
5200902,Amorinópolis,GO,70.75,80.65,9.9,1,0.928,0.072
3126208,Formoso,MG,62.46,80.63,18.17,1,0.928,0.072
3110905,Campanha,MG,41.96,64.8,22.84,1,0.928,0.072
1500347,Água Azul do Norte,PA,27.76,51.4,23.64,1,0.928,0.072
2101939,Bernardo do Mearim,MA,12.84,87.88,75.04,1,0.928,0.072
3128105,Guapé,MG,58.55,80.4,21.85,1,0.928,0.072
3157302,Santa Bárbara do Tugúrio,MG,50.6,90.92,40.32,1,0.928,0.072
5220157,São Luiz do Norte,GO,75.36,85.76,10.4,1,0.928,0.072
2210706,Simões,PI,68.51,86.03,17.52,1,0.928,0.072
3169208,Tombos,MG,56.82,80.55,23.73,1,0.928,0.072
4126355,Serranópolis do Iguaçu,PR,100.0,82.66,-17.34,1,0.928,0.072
4126009,São Sebastião da Amoreira,PR,82.79,87.77,4.98,1,0.928,0.072
5203575,Bonópolis,GO,48.9,61.76,12.86,1,0.928,0.072
2913804,Ipecaetá,BA,34.83,46.51,11.68,1,0.928,0.072
2505709,Dona Inês,PB,48.88,96.29,47.41,1,0.928,0.072
2924652,Pintadas,BA,44.93,55.7,10.77,1,0.928,0.072
3163607,São José do Mantimento,MG,47.74,87.17,39.43,1,0.928,0.072
3147907,Passos,MG,63.73,82.88,19.15,1,0.928,0.072
2901155,América Dourada,BA,32.19,43.23,11.04,1,0.928,0.072
3164431,São Sebastião da Vargem Alegre,MG,53.38,93.1,39.72,1,0.928,0.072
5206404,Crixás,GO,66.73,78.62,11.89,1,0.928,0.072
4102752,Bela Vista da Caroba,PR,76.84,88.13,11.29,1,0.928,0.072
5210109,Ipameri,GO,64.1,74.13,10.03,1,0.928,0.072
4120507,Primeiro de Maio,PR,51.44,62.66,11.22,1,0.928,0.072
4118857,Perobal,PR,57.6,70.19,12.59,1,0.928,0.072
4119657,Pitangueiras,PR,94.13,83.19,-10.94,1,0.928,0.072
1701309,Aragominas,TO,24.61,52.57,27.96,1,0.928,0.072
3123205,Dores do Indaiá,MG,65.78,85.44,19.66,1,0.928,0.072
3120201,Cristais,MG,67.27,86.07,18.8,1,0.928,0.072
3149002,Pedra Dourada,MG,53.74,80.0,26.26,1,0.929,0.071
3167004,Serranos,MG,38.46,82.14,43.68,1,0.929,0.071
3125309,Faria Lemos,MG,14.74,69.23,54.49,1,0.929,0.071
2106300,Magalhães de Almeida,MA,51.59,82.04,30.45,1,0.929,0.071
5220702,Sítio d'Abadia,GO,57.64,79.41,21.77,1,0.929,0.071
3121506,Desterro do Melo,MG,68.18,96.43,28.25,1,0.929,0.071
3116605,Cláudio,MG,61.05,82.99,21.94,1,0.929,0.071
3122470,Dom Bosco,MG,50.0,79.34,29.34,1,0.929,0.071
2607950,Jaqueira,PE,57.65,81.67,24.02,1,0.929,0.071
2110906,São Francisco do Maranhão,MA,51.3,83.35,32.05,1,0.929,0.071
3171600,Virgem da Lapa,MG,49.28,85.1,35.82,1,0.929,0.071
5213400,Moiporá,GO,68.61,84.62,16.01,1,0.929,0.071
5213053,Mimoso de Goiás,GO,66.67,80.0,13.33,1,0.929,0.071
4112504,Jardim Alegre,PR,61.2,77.74,16.54,1,0.929,0.071
4112405,Japurá,PR,73.42,80.87,7.45,1,0.929,0.071
5211404,Itauçu,GO,96.95,94.51,-2.44,1,0.929,0.071
2709400,Viçosa,AL,40.03,49.91,9.88,1,0.929,0.071
4110904,Itaguajé,PR,59.34,76.11,16.77,1,0.929,0.071
4123907,Santa Mariana,PR,73.65,83.73,10.08,1,0.929,0.071
1715259,Novo Jardim,TO,22.32,61.24,38.92,1,0.929,0.071
3149507,Pequeri,MG,32.02,69.05,37.03,1,0.929,0.071
1713957,Muricilândia,TO,17.89,49.28,31.39,1,0.929,0.071
4118451,Pato Bragado,PR,90.47,90.41,-0.06,1,0.929,0.071
2707305,Porto Calvo,AL,36.55,45.99,9.44,1,0.929,0.071
3135506,Jequeri,MG,61.41,85.23,23.82,1,0.929,0.071
5204656,Campinaçu,GO,70.45,81.73,11.28,1,0.929,0.071
3106101,Belmiro Braga,MG,33.6,57.69,24.09,1,0.929,0.071
3203163,Laranja da Terra,ES,85.84,89.86,4.02,1,0.929,0.071
5216007,Panamá,GO,75.33,84.18,8.85,1,0.929,0.071
3102407,Alvorada de Minas,MG,29.0,66.15,37.15,1,0.929,0.071
2205557,Lagoa Alegre,PI,21.65,58.86,37.21,1,0.929,0.071
2702603,Feira Grande,AL,35.2,44.46,9.26,1,0.929,0.071
1721307,Tupiratins,TO,25.0,53.85,28.85,1,0.929,0.071
3129905,Ibitiúra de Minas,MG,38.1,78.04,39.94,1,0.929,0.071
1300201,Atalaia do Norte,AM,54.2,84.07,29.87,1,0.929,0.071
1718709,Rio dos Bois,TO,17.52,46.58,29.06,1,0.93,0.07
1715002,Nova Rosalândia,TO,32.17,55.38,23.21,1,0.93,0.07
2904506,Brotas de Macaúbas,BA,43.67,60.98,17.31,1,0.93,0.07
3151206,Pirapora,MG,51.29,69.43,18.14,1,0.93,0.07
3150307,Piedade do Rio Grande,MG,29.38,63.16,33.78,1,0.93,0.07
3149200,Pedrinópolis,MG,59.7,79.95,20.25,1,0.93,0.07
5214002,Mozarlândia,GO,51.21,66.57,15.36,1,0.93,0.07
4102703,Barra do Jacaré,PR,62.96,72.41,9.45,1,0.93,0.07
3170479,Uruana de Minas,MG,54.25,80.0,25.75,1,0.93,0.07
5213087,Minaçu,GO,75.66,81.44,5.78,1,0.93,0.07
3150109,Piau,MG,29.63,75.58,45.95,1,0.93,0.07
2510808,Patos,PB,43.61,67.47,23.86,1,0.93,0.07
4111605,Ivatuba,PR,78.82,86.72,7.9,1,0.93,0.07
3119005,Cordislândia,MG,47.14,73.53,26.39,1,0.93,0.07
3154705,Ribeirão Vermelho,MG,42.82,80.2,37.38,1,0.93,0.07
2516201,Sousa,PB,42.43,65.82,23.39,1,0.93,0.07
5105234,Lambari D'Oeste,MT,41.08,51.5,10.42,0,0.93,0.07
1703602,Brasilândia do Tocantins,TO,29.73,68.9,39.17,0,0.93,0.07
3147303,Paraisópolis,MG,60.77,81.68,20.91,1,0.93,0.07
1703826,Cachoeirinha,TO,27.54,64.0,36.46,1,0.93,0.07
3154150,Reduto,MG,39.44,85.67,46.23,1,0.93,0.07
5220504,Serranópolis,GO,54.47,66.65,12.18,1,0.93,0.07
3167509,Simão Pereira,MG,8.82,48.25,39.43,1,0.93,0.07
3172103,Volta Grande,MG,50.77,76.28,25.51,1,0.93,0.07
2506301,Guarabira,PB,36.12,59.62,23.5,1,0.93,0.07
2702355,Craíbas,AL,45.7,67.43,21.73,1,0.93,0.07
2205524,Júlio Borges,PI,43.29,100.0,56.71,1,0.93,0.07
3159605,Santa Rita do Sapucaí,MG,58.99,77.94,18.95,1,0.93,0.07
3109006,Brumadinho,MG,70.28,87.73,17.45,1,0.93,0.07
3111903,Cana Verde,MG,50.78,93.33,42.55,1,0.93,0.07
3158300,Santana da Vargem,MG,67.84,87.88,20.04,1,0.93,0.07
4127809,Tomazina,PR,91.65,83.7,-7.95,1,0.93,0.07
3163102,São José da Varginha,MG,55.14,82.68,27.54,1,0.93,0.07
3204054,Pedro Canário,ES,68.97,81.35,12.38,1,0.93,0.07
3104452,Aricanduva,MG,52.49,86.66,34.17,1,0.93,0.07
1717206,Piraquê,TO,26.08,54.55,28.47,1,0.93,0.07
1716307,Pau D'Arco,TO,6.51,37.96,31.45,1,0.93,0.07
3133204,Itanhomi,MG,41.07,85.64,44.57,1,0.93,0.07
4126652,Sulina,PR,64.36,74.93,10.57,1,0.93,0.07
1718501,Recursolândia,TO,4.56,50.29,45.73,1,0.93,0.07
2206902,Novo Oriente do Piauí,PI,69.0,89.56,20.56,1,0.93,0.07
2701902,Chã Preta,AL,43.85,51.71,7.86,1,0.93,0.07
3137502,Lagoa Formosa,MG,60.53,82.01,21.48,1,0.93,0.07
2515005,São Miguel de Taipu,PB,10.07,100.0,89.93,1,0.93,0.07
3115300,Cataguases,MG,38.01,64.07,26.06,1,0.931,0.069
3154200,Resende Costa,MG,57.85,82.11,24.26,1,0.931,0.069
5105150,Juína,MT,44.98,56.58,11.6,1,0.931,0.069
4110706,Irati,PR,82.74,88.31,5.57,1,0.931,0.069
5221502,Turvânia,GO,72.58,80.7,8.12,1,0.931,0.069
4121604,Renascença,PR,70.83,82.55,11.72,1,0.931,0.069
1713809,Palmeiras do Tocantins,TO,18.11,49.53,31.42,1,0.931,0.069
3140803,Matias Barbosa,MG,58.84,78.82,19.98,1,0.931,0.069
4127304,Terra Rica,PR,69.02,81.46,12.44,1,0.931,0.069
4125357,São Jorge do Patrocínio,PR,74.33,90.23,15.9,1,0.931,0.069
5002605,Camapuã,MS,31.56,58.24,26.68,1,0.931,0.069
3204005,Pancas,ES,80.63,86.3,5.67,1,0.931,0.069
3163508,São José do Jacuri,MG,55.27,81.45,26.18,1,0.931,0.069
1600055,Serra do Navio,AP,32.92,73.61,40.69,1,0.931,0.069
1700400,Almas,TO,15.92,48.18,32.26,1,0.931,0.069
3131000,Inhaúma,MG,46.98,77.62,30.64,1,0.931,0.069
3112604,Capinópolis,MG,51.19,73.04,21.85,1,0.931,0.069
3124500,Estiva,MG,63.11,81.08,17.97,1,0.931,0.069
3109709,Cachoeira de Minas,MG,61.69,81.11,19.42,1,0.931,0.069
2104206,Fortuna,MA,40.4,72.06,31.66,1,0.931,0.069
2701605,Canapi,AL,45.5,62.21,16.71,1,0.931,0.069
2205409,Joaquim Pires,PI,55.54,81.27,25.73,1,0.931,0.069
3157807,Santa Luzia,MG,51.89,70.02,18.13,1,0.931,0.069
3152105,Ponte Nova,MG,49.77,78.64,28.87,1,0.931,0.069
3101201,Aiuruoca,MG,55.3,85.71,30.41,1,0.931,0.069
3138609,Lima Duarte,MG,46.49,69.51,23.02,1,0.931,0.069
3135605,Jequitaí,MG,39.93,70.71,30.78,1,0.931,0.069
2100055,Açailândia,MA,39.59,62.76,23.17,1,0.931,0.069
1716653,Pequizeiro,TO,35.23,61.79,26.56,1,0.931,0.069
5205109,Catalão,GO,64.88,76.88,12.0,1,0.931,0.069
5005152,Juti,MS,22.63,47.67,25.04,1,0.932,0.068
3147402,Paraopeba,MG,45.79,72.26,26.47,1,0.932,0.068
5106273,Novo Horizonte do Norte,MT,62.97,69.12,6.15,1,0.932,0.068
2503100,Cabaceiras,PB,60.85,89.73,28.88,1,0.932,0.068
3106903,Bicas,MG,45.18,70.71,25.53,1,0.932,0.068
1702307,Arapoema,TO,37.31,68.32,31.01,1,0.932,0.068
3164209,São Romão,MG,50.94,77.76,26.82,1,0.932,0.068
3143450,Montezuma,MG,54.21,88.98,34.77,1,0.932,0.068
3123106,Dores de Guanhães,MG,42.55,72.49,29.94,1,0.932,0.068
3154804,Rio Acima,MG,40.74,72.91,32.17,1,0.932,0.068
4128302,Uniflor,PR,60.23,73.33,13.1,1,0.932,0.068
3109402,Buritizeiro,MG,37.7,62.63,24.93,1,0.932,0.068
3130655,Indaiabira,MG,56.13,89.58,33.45,1,0.932,0.068
2911501,Gongogi,BA,27.74,50.0,22.26,1,0.932,0.068
1715754,Palmeirópolis,TO,47.77,77.41,29.64,1,0.932,0.068
3132107,Itacarambi,MG,43.57,69.5,25.93,1,0.932,0.068
5203500,Bom Jesus de Goiás,GO,75.75,81.51,5.76,1,0.932,0.068
3169109,Toledo,MG,63.11,89.2,26.09,1,0.932,0.068
1101757,Vale do Anari,RO,36.95,55.65,18.7,1,0.932,0.068
3101904,Alpinópolis,MG,42.26,78.56,36.3,1,0.932,0.068
3100203,Abaeté,MG,53.48,78.3,24.82,1,0.932,0.068
5205471,Chapadão do Céu,GO,80.04,87.51,7.47,1,0.932,0.068
3200102,Afonso Cláudio,ES,87.36,91.7,4.34,1,0.932,0.068
2911303,Gentio do Ouro,BA,45.07,54.32,9.25,1,0.932,0.068
3144607,Nepomuceno,MG,53.67,77.99,24.32,1,0.932,0.068
2707909,Santa Luzia do Norte,AL,31.87,38.52,6.65,1,0.932,0.068
1702406,Arraias,TO,34.29,61.2,26.91,1,0.932,0.068
4117297,Novo Itacolomi,PR,87.42,97.3,9.88,1,0.932,0.068
5003504,Douradina,MS,28.79,68.7,39.91,1,0.932,0.068
5215405,Ouro Verde de Goiás,GO,95.87,96.61,0.74,1,0.932,0.068
3142106,Miradouro,MG,47.26,75.29,28.03,1,0.932,0.068
3144102,Muzambinho,MG,43.36,75.51,32.15,1,0.932,0.068
5006903,Porto Murtinho,MS,30.48,67.46,36.98,1,0.933,0.067
2106102,Loreto,MA,38.8,66.12,27.32,1,0.933,0.067
3114907,Casa Grande,MG,68.75,94.12,25.37,1,0.933,0.067
2104107,Fortaleza dos Nogueiras,MA,45.09,78.25,33.16,1,0.933,0.067
3156809,Sabinópolis,MG,51.31,75.0,23.69,1,0.933,0.067
2705200,Messias,AL,30.81,41.87,11.06,1,0.933,0.067
3101409,Albertina,MG,69.57,92.62,23.05,1,0.933,0.067
2207108,Olho D'Água do Piauí,PI,62.5,85.71,23.21,1,0.933,0.067
2206100,Matias Olímpio,PI,24.43,52.06,27.63,1,0.933,0.067
3158003,Santa Maria de Itabira,MG,54.64,77.79,23.15,1,0.933,0.067
2702504,Dois Riachos,AL,46.47,64.23,17.76,1,0.933,0.067
1721257,Tupirama,TO,36.36,66.67,30.31,1,0.933,0.067
2702306,Coruripe,AL,94.13,92.03,-2.1,1,0.933,0.067
5214101,Mutunópolis,GO,92.95,100.0,7.05,1,0.933,0.067
1716208,Paranã,TO,42.28,68.45,26.17,1,0.933,0.067
3202652,Irupi,ES,67.41,81.49,14.08,1,0.933,0.067
2901502,Anguera,BA,38.74,55.95,17.21,1,0.933,0.067
4116802,Nova Cantu,PR,79.5,88.03,8.53,1,0.933,0.067
5219803,São Domingos,GO,45.68,65.94,20.26,1,0.933,0.067
4112751,Jesuítas,PR,85.83,89.98,4.15,1,0.933,0.067
4116406,Nossa Senhora das Graças,PR,79.15,94.81,15.66,1,0.933,0.067
5002951,Chapadão do Sul,MS,43.31,63.42,20.11,1,0.934,0.066
4121802,Ribeirão Claro,PR,74.58,85.68,11.1,1,0.934,0.066
5213756,Montividiu,GO,65.97,78.69,12.72,1,0.934,0.066
2209351,Santana do Piauí,PI,33.11,68.1,34.99,1,0.934,0.066
3126406,Fortuna de Minas,MG,59.25,90.83,31.58,1,0.934,0.066
3102001,Alterosa,MG,61.55,85.54,23.99,1,0.934,0.066
5210000,Inhumas,GO,81.28,87.57,6.29,1,0.934,0.066
3201209,Cachoeiro de Itapemirim,ES,64.75,71.69,6.94,1,0.934,0.066
4106100,Conselheiro Mairinck,PR,51.52,69.16,17.64,1,0.934,0.066
2700607,Barra de São Miguel,AL,31.79,39.04,7.25,1,0.934,0.066
2205599,Lagoa do Sítio,PI,12.7,62.96,50.26,1,0.934,0.066
2206951,Novo Santo Antônio,PI,48.49,82.08,33.59,1,0.934,0.066
3102308,Alvinópolis,MG,48.49,80.55,32.06,1,0.934,0.066
3122702,Dom Silvério,MG,66.83,92.48,25.65,1,0.934,0.066
3158706,Santana do Garambéu,MG,47.32,87.26,39.94,1,0.934,0.066
3160603,Santo Hipólito,MG,58.82,93.33,34.51,1,0.934,0.066
2205300,Jerumenha,PI,26.32,75.31,48.99,1,0.934,0.066
2607703,Itapetim,PE,65.28,89.12,23.84,1,0.934,0.066
2209609,São Félix do Piauí,PI,35.56,64.29,28.73,1,0.934,0.066
4106308,Corbélia,PR,74.62,85.26,10.64,1,0.934,0.066
3143005,Monte Belo,MG,50.21,80.85,30.64,1,0.935,0.065
5215801,Palmelo,GO,28.57,64.71,36.14,1,0.935,0.065
1704105,Centenário,TO,23.33,66.67,43.34,1,0.935,0.065
4124509,Santo Inácio,PR,91.05,80.07,-10.98,1,0.935,0.065
4124806,São João,PR,87.03,87.16,0.13,1,0.935,0.065
3169703,Turmalina,MG,54.4,82.52,28.12,1,0.935,0.065
3116803,Coluna,MG,64.06,91.21,27.15,1,0.935,0.065
3119104,Corinto,MG,40.03,85.75,45.72,1,0.935,0.065
5217708,Pontalina,GO,73.38,86.03,12.65,1,0.935,0.065
3107604,Bom Jesus da Penha,MG,51.25,87.21,35.96,1,0.935,0.065
3165701,Senador Firmino,MG,66.34,91.79,25.45,1,0.935,0.065
5107750,Salto do Céu,MT,88.32,97.49,9.17,1,0.935,0.065
5220009,São João d'Aliança,GO,81.82,89.53,7.71,1,0.935,0.065
5205000,Carmo do Rio Verde,GO,78.85,85.78,6.93,1,0.935,0.065
5209408,Guarani de Goiás,GO,32.11,64.58,32.47,1,0.935,0.065
5209952,Indiara,GO,67.15,82.75,15.6,1,0.935,0.065
3134509,Itutinga,MG,51.36,76.33,24.97,1,0.935,0.065
5208103,Formoso,GO,70.81,86.67,15.86,1,0.935,0.065
4122008,Rio Azul,PR,89.62,89.22,-0.4,1,0.935,0.065
4115507,Marumbi,PR,57.66,75.85,18.19,1,0.935,0.065
4119251,Pinhal de São Bento,PR,91.12,97.14,6.02,1,0.935,0.065
3141900,Minduri,MG,51.89,76.32,24.43,1,0.935,0.065
5220405,São Simão,GO,72.78,82.29,9.51,1,0.935,0.065
3204203,Piúma,ES,62.47,70.65,8.18,1,0.935,0.065
2210383,São Miguel da Baixa Grande,PI,24.14,80.0,55.86,1,0.935,0.065
3164100,São Pedro do Suaçuí,MG,61.26,88.29,27.03,1,0.935,0.065
5212204,Jussara,GO,58.98,79.77,20.79,1,0.935,0.065
4107538,Entre Rios do Oeste,PR,88.83,96.25,7.42,1,0.935,0.065
3200805,Baixo Guandu,ES,68.83,74.59,5.76,1,0.935,0.065
1706258,Crixás do Tocantins,TO,29.03,82.61,53.58,1,0.935,0.065
4124905,São João do Caiuá,PR,93.33,93.06,-0.27,1,0.936,0.064
4123105,Santa Amélia,PR,100.0,91.5,-8.5,1,0.936,0.064
5002001,Batayporã,MS,45.7,67.77,22.07,1,0.936,0.064
3168903,Tiros,MG,59.26,81.76,22.5,1,0.936,0.064
3169406,Três Pontas,MG,58.33,81.67,23.34,1,0.936,0.064
2705606,Novo Lino,AL,27.37,39.85,12.48,1,0.936,0.064
4116950,Nova Esperança do Sudoeste,PR,97.38,88.59,-8.79,1,0.936,0.064
5004304,Iguatemi,MS,38.28,60.02,21.74,1,0.936,0.064
3151602,Planura,MG,45.91,65.98,20.07,1,0.936,0.064
3151800,Poços de Caldas,MG,58.12,78.32,20.2,1,0.936,0.064
4114906,Marilândia do Sul,PR,72.1,84.99,12.89,1,0.936,0.064
4113908,Mallet,PR,82.55,87.79,5.24,1,0.936,0.064
5202601,Aurilândia,GO,75.98,93.75,17.77,1,0.936,0.064
3126000,Florestal,MG,57.15,85.73,28.58,1,0.936,0.064
3124005,Ervália,MG,54.48,85.0,30.52,1,0.936,0.064
5203962,Buritinópolis,GO,49.29,85.08,35.79,1,0.936,0.064
5001508,Bandeirantes,MS,25.95,52.42,26.47,1,0.936,0.064
3152709,Prados,MG,73.21,93.22,20.01,1,0.936,0.064
4107520,Esperança Nova,PR,42.11,71.04,28.93,1,0.936,0.064
5000609,Amambai,MS,42.01,69.72,27.71,1,0.936,0.064
3203056,Jaguaré,ES,72.19,80.31,8.12,1,0.936,0.064
5204409,Caiapônia,GO,76.59,84.82,8.23,1,0.936,0.064
5204250,Cachoeira Dourada,GO,72.51,79.19,6.68,1,0.936,0.064
3150505,Pimenta,MG,72.81,94.39,21.58,1,0.936,0.064
2202539,Caraúbas do Piauí,PI,38.51,68.17,29.66,1,0.936,0.064
3204708,São Gabriel da Palha,ES,73.1,80.69,7.59,1,0.936,0.064
5107958,Tangará da Serra,MT,48.7,58.95,10.25,1,0.936,0.064
2205573,Lagoa de São Francisco,PI,41.38,76.74,35.36,1,0.936,0.064
3102852,Angelândia,MG,59.72,84.97,25.25,1,0.936,0.064
3162922,São Joaquim de Bicas,MG,48.19,82.15,33.96,1,0.936,0.064
2206001,Marcos Parente,PI,22.19,80.95,58.76,1,0.936,0.064
2202059,Cabeceiras do Piauí,PI,19.85,52.34,32.49,1,0.936,0.064
2200103,Agricolândia,PI,32.61,60.23,27.62,1,0.936,0.064
3155306,Rio Manso,MG,71.24,98.05,26.81,1,0.936,0.064
3112901,Caputira,MG,59.39,83.3,23.91,1,0.936,0.064
2200251,Alagoinha do Piauí,PI,44.44,74.63,30.19,1,0.936,0.064
3111804,Canápolis,MG,47.61,70.31,22.7,1,0.936,0.064
3122900,Dona Euzébia,MG,47.11,95.71,48.6,1,0.936,0.064
3121100,Delfim Moreira,MG,63.46,93.02,29.56,1,0.936,0.064
1100452,Buritis,RO,49.82,72.32,22.5,1,0.936,0.064
5219704,Santa Terezinha de Goiás,GO,84.75,96.08,11.33,1,0.937,0.063
5221577,Uirapuru,GO,38.84,66.67,27.83,1,0.937,0.063
5106802,Porto dos Gaúchos,MT,65.8,74.29,8.49,1,0.937,0.063
2112233,Trizidela do Vale,MA,59.01,90.87,31.86,1,0.937,0.063
3120508,Cristina,MG,55.83,81.73,25.9,1,0.937,0.063
5214804,Nova Aurora,GO,14.29,84.21,69.92,1,0.937,0.063
5213905,Mossâmedes,GO,85.24,100.0,14.76,1,0.937,0.063
4101655,Arapuã,PR,54.39,76.31,21.92,1,0.937,0.063
3201001,Boa Esperança,ES,76.37,85.45,9.08,1,0.937,0.063
2202802,Conceição do Canindé,PI,47.28,70.98,23.7,1,0.937,0.063
2210656,Sigefredo Pacheco,PI,45.16,75.67,30.51,1,0.937,0.063
2910859,Filadélfia,BA,18.28,36.76,18.48,1,0.937,0.063
5003900,Figueirão,MS,58.57,86.46,27.89,1,0.937,0.063
3144805,Nova Lima,MG,56.76,79.6,22.84,1,0.937,0.063
3107703,Bom Jesus do Amparo,MG,46.67,90.32,43.65,1,0.937,0.063
3128907,Guimarânia,MG,60.59,85.1,24.51,1,0.937,0.063
3203809,Muqui,ES,63.47,75.56,12.09,1,0.937,0.063
2207850,Pavussu,PI,66.32,90.0,23.68,1,0.937,0.063
2202174,Campo Largo do Piauí,PI,17.66,64.31,46.65,1,0.937,0.063
5209606,Heitoraí,GO,53.58,83.54,29.96,1,0.937,0.063
5205406,Ceres,GO,88.1,94.51,6.41,1,0.937,0.063
5219712,Santo Antônio da Barra,GO,82.48,91.64,9.16,1,0.938,0.062
5006259,Novo Horizonte do Sul,MS,47.37,78.44,31.07,0,0.938,0.062
5208509,Goiandira,GO,44.66,72.17,27.51,1,0.938,0.062
3131604,Iraí de Minas,MG,38.41,77.81,39.4,1,0.938,0.062
3154408,Ressaquinha,MG,55.59,82.0,26.41,1,0.938,0.062
3123403,Doresópolis,MG,38.46,66.67,28.21,1,0.938,0.062
3204351,Rio Bananal,ES,74.62,83.06,8.44,1,0.938,0.062
4109658,Honório Serpa,PR,55.98,73.2,17.22,1,0.938,0.062
2700409,Atalaia,AL,32.36,44.27,11.91,1,0.938,0.062
3138708,Luminárias,MG,67.26,97.5,30.24,1,0.938,0.062
2708501,São Luís do Quitunde,AL,39.59,53.64,14.05,1,0.938,0.062
2201739,Betânia do Piauí,PI,42.53,82.76,40.23,1,0.938,0.062
2704500,Maragogi,AL,32.4,45.6,13.2,1,0.938,0.062
3148301,Paula Cândido,MG,58.26,91.23,32.97,1,0.938,0.062
2102754,Capinzal do Norte,MA,35.67,91.14,55.47,1,0.938,0.062
2702801,Flexeiras,AL,34.71,49.34,14.63,1,0.938,0.062
2701209,Cacimbinhas,AL,30.55,54.19,23.64,1,0.938,0.062
5202155,Araguapaz,GO,43.29,68.98,25.69,1,0.938,0.062
2201176,Barra D'Alcântara,PI,61.11,93.18,32.07,1,0.939,0.061
2201556,Bela Vista do Piauí,PI,61.05,89.26,28.21,1,0.939,0.061
4112603,Jardim Olinda,PR,50.0,92.31,42.31,1,0.939,0.061
5218706,Rianápolis,GO,76.56,100.0,23.44,1,0.939,0.061
5211008,Itapirapuã,GO,34.36,73.21,38.85,1,0.939,0.061
4103206,Bom Sucesso,PR,53.53,72.9,19.37,1,0.939,0.061
5222054,Vicentinópolis,GO,78.24,84.21,5.97,1,0.939,0.061
2204352,Geminiano,PI,19.5,53.59,34.09,1,0.939,0.061
5108303,União do Sul,MT,60.38,68.93,8.55,1,0.939,0.061
5103353,Confresa,MT,35.6,54.24,18.64,1,0.939,0.061
5205059,Castelândia,GO,80.99,91.3,10.31,1,0.939,0.061
2210938,Sussuapara,PI,27.08,55.84,28.76,1,0.939,0.061
3136603,Nova União,MG,47.99,92.79,44.8,1,0.939,0.061
2202251,Canavieira,PI,50.7,86.82,36.12,1,0.939,0.061
5216304,Paranaiguara,GO,85.71,97.01,11.3,1,0.939,0.061
2202653,Caxingó,PI,20.36,46.21,25.85,1,0.939,0.061
2203271,Curral Novo do Piauí,PI,16.11,48.34,32.23,1,0.94,0.06
5219209,Santa Cruz de Goiás,GO,72.59,85.78,13.19,1,0.94,0.06
5215702,Palmeiras de Goiás,GO,67.97,81.01,13.04,1,0.94,0.06
1700707,Alvorada,TO,47.86,72.02,24.16,1,0.94,0.06
3130804,Ingaí,MG,52.26,87.27,35.01,1,0.94,0.06
3129707,Ibiraci,MG,45.5,76.93,31.43,1,0.94,0.06
4113403,Leópolis,PR,91.11,89.7,-1.41,1,0.94,0.06
4105102,Centenário do Sul,PR,54.26,74.15,19.89,1,0.94,0.06
1707306,Dueré,TO,34.95,68.54,33.59,1,0.94,0.06
5218508,Quirinópolis,GO,66.97,80.29,13.32,1,0.94,0.06
5220603,Silvânia,GO,86.01,91.2,5.19,1,0.94,0.06
4120853,Quatro Pontes,PR,91.8,89.52,-2.28,1,0.94,0.06
3116902,Comendador Gomes,MG,35.71,74.3,38.59,1,0.94,0.06
5102678,Campo Verde,MT,55.19,64.36,9.17,1,0.94,0.06
3167400,Silvianópolis,MG,54.05,87.91,33.86,1,0.94,0.06
5107602,Rondonópolis,MT,52.75,60.49,7.74,1,0.94,0.06
5007935,Sonora,MS,47.5,78.58,31.08,1,0.94,0.06
5102637,Campo Novo do Parecis,MT,60.75,67.19,6.44,1,0.94,0.06
3202504,Ibiraçu,ES,67.71,81.16,13.45,1,0.94,0.06
2201988,Brejo do Piauí,PI,50.33,95.35,45.02,1,0.94,0.06
4102208,Atalaia,PR,91.91,88.32,-3.59,1,0.94,0.06
2922706,Nova Canaã,BA,29.48,50.0,20.52,1,0.94,0.06
3204104,Pinheiros,ES,77.7,84.33,6.63,1,0.94,0.06
2204154,Francisco Macedo,PI,59.38,95.24,35.86,1,0.94,0.06
5217401,Pires do Rio,GO,67.36,80.88,13.52,1,0.94,0.06
5104609,Itiquira,MT,42.56,58.16,15.6,1,0.94,0.06
5203609,Brazabrantes,GO,48.93,90.96,42.03,1,0.94,0.06
3170701,Varginha,MG,50.68,71.53,20.85,1,0.941,0.059
2706802,Piaçabuçu,AL,31.74,42.39,10.65,1,0.941,0.059
5218904,Rubiataba,GO,77.53,87.69,10.16,1,0.941,0.059
3201308,Cariacica,ES,57.19,64.57,7.38,1,0.941,0.059
3117504,Conceição do Mato Dentro,MG,59.47,79.7,20.23,1,0.941,0.059
5106778,Porto Alegre do Norte,MT,31.09,53.25,22.16,1,0.941,0.059
5203559,Bonfinópolis,GO,58.03,86.32,28.29,1,0.941,0.059
4101309,Antônio Olinto,PR,91.41,88.26,-3.15,1,0.941,0.059
3205069,Venda Nova do Imigrante,ES,83.84,87.97,4.13,1,0.941,0.059
3201704,Conceição do Castelo,ES,77.46,84.19,6.73,1,0.941,0.059
5107180,Ribeirão Cascalheira,MT,63.42,70.87,7.45,1,0.941,0.059
5107792,Santo Antônio do Leste,MT,65.25,75.82,10.57,1,0.941,0.059
3139003,Machado,MG,65.0,89.31,24.31,1,0.941,0.059
2203107,Cristino Castro,PI,50.63,85.0,34.37,1,0.941,0.059
3100104,Abadia dos Dourados,MG,61.41,96.07,34.66,1,0.941,0.059
2209955,São João da Varjota,PI,53.64,86.96,33.32,1,0.941,0.059
2206308,Miguel Leão,PI,47.32,84.62,37.3,1,0.941,0.059
2205102,Itaueira,PI,25.15,85.9,60.75,1,0.941,0.059
5201306,Anicuns,GO,92.26,98.09,5.83,1,0.941,0.059
2609709,Orobó,PE,61.24,91.54,30.3,1,0.941,0.059
5219456,Santa Rita do Novo Destino,GO,87.69,95.83,8.14,1,0.941,0.059
3168101,Tapira,MG,56.1,79.68,23.58,1,0.942,0.058
5216809,Petrolina de Goiás,GO,59.28,85.41,26.13,1,0.942,0.058
4126405,Sertaneja,PR,92.04,90.98,-1.06,1,0.942,0.058
4127007,Teixeira Soares,PR,77.31,88.2,10.89,1,0.942,0.058
3127008,Fronteira,MG,52.87,76.16,23.29,1,0.942,0.058
3203304,Mantenópolis,ES,91.73,95.06,3.33,1,0.942,0.058
5202502,Aruanã,GO,79.82,90.33,10.51,1,0.942,0.058
2208601,Prata do Piauí,PI,14.28,47.93,33.65,1,0.942,0.058
2205581,Lagoa do Piauí,PI,7.17,44.87,37.7,1,0.942,0.058
3129509,Ibiá,MG,52.52,78.1,25.58,1,0.942,0.058
5108501,Vera,MT,34.76,52.77,18.01,1,0.942,0.058
5203807,Britânia,GO,82.04,92.82,10.78,1,0.942,0.058
2206753,Nossa Senhora de Nazaré,PI,21.74,95.24,73.5,1,0.942,0.058
2201150,Baixa Grande do Ribeiro,PI,48.61,81.06,32.45,1,0.942,0.058
5209101,Goiatuba,GO,68.19,77.63,9.44,1,0.942,0.058
4103008,Boa Esperança,PR,93.75,92.95,-0.8,1,0.942,0.058
5105176,Juruena,MT,59.71,73.66,13.95,1,0.942,0.058
5205455,Cezarina,GO,41.26,69.63,28.37,1,0.942,0.058
4106852,Cruzmaltina,PR,95.74,94.52,-1.22,1,0.942,0.058
2709301,União dos Palmares,AL,89.35,94.75,5.4,1,0.942,0.058
5100805,Apiacás,MT,58.01,74.17,16.16,1,0.942,0.058
4120002,Porecatu,PR,74.34,87.25,12.91,0,0.942,0.058
2706422,Pariconha,AL,37.81,56.98,19.17,1,0.942,0.058
5218789,Rio Quente,GO,79.26,96.08,16.82,1,0.942,0.058
5106109,Nossa Senhora do Livramento,MT,68.42,80.17,11.75,0,0.942,0.058
4116307,Munhoz de Melo,PR,53.23,80.0,26.77,1,0.942,0.058
1101484,São Felipe D'Oeste,RO,53.34,78.36,25.02,1,0.943,0.057
1101609,Theobroma,RO,50.7,78.73,28.03,1,0.943,0.057
3146909,Papagaios,MG,47.1,89.24,42.14,1,0.943,0.057
2200608,Angical do Piauí,PI,61.5,95.88,34.38,1,0.943,0.057
5106372,Pedra Preta,MT,56.73,65.1,8.37,1,0.943,0.057
2202752,Colônia do Gurguéia,PI,54.43,89.29,34.86,1,0.943,0.057
5106224,Nova Mutum,MT,64.2,74.86,10.66,1,0.943,0.057
2708709,São Miguel dos Milagres,AL,34.51,50.67,16.16,1,0.943,0.057
2210623,Sebastião Barros,PI,26.0,50.0,24.0,1,0.943,0.057
5205307,Cavalcante,GO,60.19,84.5,24.31,0,0.943,0.057
5103908,General Carneiro,MT,56.84,66.1,9.26,1,0.943,0.057
5219001,Sanclerlândia,GO,78.09,91.82,13.73,1,0.943,0.057
2204501,Guadalupe,PI,48.9,68.54,19.64,1,0.943,0.057
5102686,Campos de Júlio,MT,48.17,65.76,17.59,1,0.943,0.057
5104559,Itaúba,MT,57.99,67.42,9.43,1,0.943,0.057
1600709,Tartarugalzinho,AP,29.97,90.52,60.55,1,0.943,0.057
3137403,Lagoa Dourada,MG,63.91,87.23,23.32,1,0.943,0.057
3170750,Varjão de Minas,MG,57.22,93.29,36.07,1,0.943,0.057
5101803,Barra do Garças,MT,61.03,66.68,5.65,1,0.943,0.057
1100346,Alvorada D'Oeste,RO,33.55,68.33,34.78,1,0.943,0.057
2209906,São João da Serra,PI,49.25,93.97,44.72,1,0.943,0.057
5215256,Novo Planalto,GO,84.74,94.54,9.8,1,0.943,0.057
5209937,Inaciolândia,GO,76.2,87.01,10.81,1,0.944,0.056
4128559,Vera Cruz do Oeste,PR,52.37,76.11,23.74,1,0.944,0.056
5105101,Juara,MT,49.53,59.61,10.08,1,0.944,0.056
5209457,Guarinos,GO,52.38,95.65,43.27,1,0.944,0.056
4108650,Goioxim,PR,92.63,90.42,-2.21,1,0.944,0.056
5106265,Novo Mundo,MT,53.62,67.67,14.05,1,0.944,0.056
3132206,Itaguara,MG,56.99,90.91,33.92,1,0.944,0.056
1100601,Cacaulândia,RO,54.63,78.84,24.21,1,0.945,0.055
5103205,Colíder,MT,49.25,64.22,14.97,1,0.945,0.055
3205309,Vitória,ES,65.88,73.2,7.32,1,0.945,0.055
3146503,Pains,MG,67.53,86.83,19.3,1,0.945,0.055
3138807,Luz,MG,61.76,86.87,25.11,1,0.945,0.055
3131901,Itabirito,MG,55.59,80.39,24.8,1,0.945,0.055
5205208,Caturaí,GO,68.4,87.17,18.77,1,0.945,0.055
3164407,São Sebastião da Bela Vista,MG,66.97,90.92,23.95,1,0.945,0.055
3200201,Alegre,ES,71.04,86.32,15.28,1,0.945,0.055
4115853,Mercedes,PR,91.25,93.06,1.81,1,0.945,0.055
5105200,Juscimeira,MT,50.74,67.06,16.32,1,0.945,0.055
5200134,Acreúna,GO,58.49,81.48,22.99,1,0.945,0.055
5105259,Lucas do Rio Verde,MT,63.96,73.53,9.57,1,0.945,0.055
5103858,Gaúcha do Norte,MT,45.03,59.6,14.57,1,0.946,0.054
5106307,Paranatinga,MT,44.67,60.98,16.31,1,0.946,0.054
3156304,Rodeiro,MG,44.73,81.95,37.22,1,0.946,0.054
5101258,Araputanga,MT,48.48,60.47,11.99,1,0.946,0.054
5106216,Nova Canaã do Norte,MT,57.37,68.51,11.14,1,0.946,0.054
5219258,Santa Fé de Goiás,GO,76.89,92.78,15.89,1,0.946,0.054
5107941,Tabaporã,MT,51.43,62.36,10.93,1,0.946,0.054
3203346,Marechal Floriano,ES,78.21,86.57,8.36,1,0.946,0.054
5108006,Tapurah,MT,55.92,68.81,12.89,1,0.946,0.054
5103056,Cláudia,MT,51.33,66.28,14.95,1,0.946,0.054
2701357,Campestre,AL,41.23,62.12,20.89,1,0.946,0.054
2932507,Una,BA,37.89,58.16,20.27,1,0.946,0.054
5103502,Diamantino,MT,48.15,60.5,12.35,1,0.946,0.054
5106182,Nova Lacerda,MT,55.17,67.64,12.47,1,0.946,0.054
3133006,Itamonte,MG,57.59,81.86,24.27,1,0.946,0.054
4107256,Douradina,PR,50.3,68.96,18.66,1,0.947,0.053
3201159,Brejetuba,ES,72.75,88.47,15.72,1,0.947,0.053
5101209,Araguainha,MT,22.22,100.0,77.78,1,0.947,0.053
4120705,Quatiguá,PR,91.58,90.26,-1.32,1,0.947,0.053
4103024,Boa Esperança do Iguaçu,PR,75.0,93.1,18.1,1,0.947,0.053
3201407,Castelo,ES,72.21,82.7,10.49,1,0.947,0.053
3200904,Barra de São Francisco,ES,78.53,87.1,8.57,1,0.947,0.053
2905156,Caetanos,BA,24.86,46.43,21.57,1,0.947,0.053
5107875,Sapezal,MT,69.76,84.38,14.62,1,0.947,0.053
2916500,Itapicuru,BA,28.08,51.23,23.15,1,0.947,0.053
2205359,João Costa,PI,51.05,97.14,46.09,1,0.947,0.053
5205703,Córrego do Ouro,GO,77.4,100.0,22.6,1,0.947,0.053
2917805,Jaguaripe,BA,25.85,46.85,21.0,1,0.947,0.053
2209971,São João do Arraial,PI,33.59,87.8,54.21,1,0.947,0.053
2918357,João Dourado,BA,34.64,53.15,18.51,1,0.947,0.053
5203104,Baliza,GO,64.29,89.49,25.2,1,0.947,0.053
2700904,Belo Monte,AL,83.89,98.82,14.93,1,0.947,0.053
2703304,Inhapi,AL,61.54,80.16,18.62,1,0.947,0.053
5201454,Aparecida do Rio Doce,GO,59.59,87.09,27.5,1,0.947,0.053
5219506,Santa Rosa de Goiás,GO,80.22,100.0,19.78,1,0.947,0.053
5108402,Várzea Grande,MT,47.17,60.26,13.09,1,0.947,0.053
5108956,Nova Monte Verde,MT,77.16,92.37,15.21,1,0.948,0.052
5209150,Gouvelândia,GO,39.78,81.36,41.58,1,0.948,0.052
2914208,Irajuba,BA,40.34,65.38,25.04,1,0.948,0.052
5207352,Edealina,GO,76.65,90.91,14.26,1,0.948,0.052
3119955,Córrego Fundo,MG,69.55,96.07,26.52,1,0.948,0.052
5205901,Corumbaíba,GO,71.44,82.63,11.19,1,0.949,0.051
4107553,Farol,PR,75.96,96.3,20.34,1,0.949,0.051
2705507,Murici,AL,53.15,84.41,31.26,1,0.949,0.051
3203502,Montanha,ES,63.05,80.21,17.16,1,0.949,0.051
2911006,Floresta Azul,BA,15.12,41.03,25.91,1,0.949,0.051
5107065,Querência,MT,57.84,74.18,16.34,1,0.949,0.051
2707503,Porto Real do Colégio,AL,62.34,82.07,19.73,1,0.949,0.051
5106703,Ponte Branca,MT,76.77,96.88,20.11,1,0.949,0.051
3200136,Águia Branca,ES,92.32,94.55,2.23,1,0.95,0.05
3200359,Alto Rio Novo,ES,64.65,83.48,18.83,1,0.95,0.05
3202256,Governador Lindenberg,ES,65.64,82.07,16.43,1,0.95,0.05
5101902,Brasnorte,MT,51.92,69.06,17.14,1,0.95,0.05
2706109,Ouro Branco,AL,20.41,52.43,32.02,1,0.95,0.05
5209291,Guaraíta,GO,72.59,95.32,22.73,1,0.95,0.05
5103361,Conquista D'Oeste,MT,40.85,69.46,28.61,1,0.95,0.05
2708105,Santana do Mundaú,AL,98.87,97.67,-1.2,1,0.951,0.049
2701001,Boca da Mata,AL,73.6,88.19,14.59,1,0.951,0.049
5219100,Santa Bárbara de Goiás,GO,78.28,100.0,21.72,1,0.951,0.049
5103437,Curvelândia,MT,33.24,92.97,59.73,1,0.951,0.049
5200175,Água Fria de Goiás,GO,55.81,87.44,31.63,1,0.952,0.048
2209203,Santa Filomena,PI,27.74,62.47,34.73,1,0.953,0.047
5202809,Avelinópolis,GO,71.44,100.0,28.56,1,0.953,0.047
5207501,Estrela do Norte,GO,67.18,98.0,30.82,1,0.953,0.047
5208905,Goiás,GO,67.46,87.52,20.06,1,0.953,0.047
2925931,Quixabeira,BA,38.72,75.47,36.75,1,0.953,0.047
2928950,São Domingos,BA,25.27,52.94,27.67,1,0.953,0.047
3204955,São Roque do Canaã,ES,76.86,89.65,12.79,1,0.953,0.047
2708303,São José da Laje,AL,79.22,95.31,16.09,1,0.953,0.047
5108105,Tesouro,MT,28.99,52.38,23.39,1,0.953,0.047
5212808,Mara Rosa,GO,69.6,87.78,18.18,1,0.954,0.046
3200300,Alfredo Chaves,ES,74.51,87.55,13.04,1,0.954,0.046
2922300,Muritiba,BA,23.34,51.72,28.38,1,0.954,0.046
3202702,Itaguaçu,ES,74.64,87.07,12.43,1,0.954,0.046
5215504,Ouvidor,GO,65.43,90.09,24.66,1,0.954,0.046
3202801,Itapemirim,ES,60.98,75.32,14.34,1,0.955,0.045
3201803,Divino de São Lourenço,ES,46.09,82.15,36.06,1,0.955,0.045
3200409,Anchieta,ES,81.82,88.41,6.59,1,0.955,0.045
2900306,Acajutiba,BA,19.7,59.14,39.44,1,0.955,0.045
5107248,Santa Carmem,MT,71.5,93.91,22.41,1,0.955,0.045
5221700,Uruana,GO,75.58,97.73,22.15,1,0.955,0.045
5103452,Denise,MT,64.87,83.58,18.71,1,0.956,0.044
5102694,Canabrava do Norte,MT,34.68,78.89,44.21,1,0.956,0.044
2706000,Olivença,AL,50.0,80.79,30.79,1,0.956,0.044
5107743,Santa Cruz do Xingu,MT,53.52,73.81,20.29,1,0.956,0.044
2703759,Jequiá da Praia,AL,50.22,95.65,45.43,1,0.957,0.043
5100250,Alta Floresta,MT,52.38,71.46,19.08,1,0.957,0.043
5104500,Indiavaí,MT,44.71,67.61,22.9,1,0.958,0.042
5221551,Turvelândia,GO,68.16,86.88,18.72,1,0.958,0.042
5106000,Nortelândia,MT,47.48,65.5,18.02,1,0.958,0.042
5107206,Rio Branco,MT,48.15,81.6,33.45,1,0.958,0.042
5106174,Nova Nazaré,MT,45.8,85.25,39.45,1,0.958,0.042
5204003,Cabeceiras,GO,69.66,93.81,24.15,1,0.958,0.042
5103007,Chapada dos Guimarães,MT,47.7,69.0,21.3,1,0.959,0.041
5101852,Bom Jesus do Araguaia,MT,31.32,82.63,51.31,1,0.959,0.041
5101704,Barra do Bugres,MT,50.91,72.78,21.87,1,0.959,0.041
5218607,Rialma,GO,68.21,97.03,28.82,1,0.96,0.04
5103254,Colniza,MT,41.71,69.19,27.48,1,0.96,0.04
5107883,Serra Nova Dourada,MT,65.34,94.74,29.4,1,0.961,0.039
5108857,Nova Marilândia,MT,44.14,80.62,36.48,1,0.961,0.039
5100201,Água Boa,MT,59.1,79.49,20.39,1,0.961,0.039
5204300,Caçu,GO,73.23,91.38,18.15,1,0.961,0.039
5106455,Planalto da Serra,MT,58.62,90.32,31.7,1,0.961,0.039
5106208,Nova Brasilândia,MT,55.65,81.37,25.72,1,0.961,0.039
5106299,Paranaíta,MT,60.69,79.7,19.01,1,0.961,0.039
5105002,Jauru,MT,46.7,74.68,27.98,1,0.962,0.038
5106281,Novo São Joaquim,MT,61.2,94.16,32.96,1,0.962,0.038
5107263,Santo Afonso,MT,47.62,76.83,29.21,1,0.962,0.038
5102793,Carlinda,MT,45.9,98.95,53.05,1,0.964,0.036
3202108,Ecoporanga,ES,67.33,94.08,26.75,1,0.965,0.035
